Workbook

Sheet 시작중량_설정
A1: 시작 중량 설정 — 5년 공백 후 복귀
A2: 노란 칸 두 곳만 채우면 각 일차 시트의 웜업 램프와 본세트 중량이 전부 자동 계산됩니다.
A4: 현재 사이클 | C4: 6 | D4: ← 사이클이 끝날 때마다 이 숫자를 1 올리면 일차 시트 중량이 그 사이클에 맞게 갱신됩니다 (1~12)
A6: 종목 | B6: 5년 전 중량 | C6: 권장 시작 (40%) | D6: 시작 중량 ★입력★ | E6: 현재 작업중량 | F6: 본세트
A7: 스쿼트 | B7: 92.5 | C7: =MAX(20,(MROUND(B7*0.4,1)+(MOD(MROUND(B7*0.4,1),5)=4))) -> 37 | D7: 37 | E7: =INDEX(증량기록!$C$10:$C$21,$C$4) -> 62 | F7: 5회 × 5세트
A8: 데드리프트 | B8: 105 | C8: =MAX(20,(MROUND(B8*0.4,1)+(MOD(MROUND(B8*0.4,1),5)=4))) -> 42 | D8: 42 | E8: =INDEX(증량기록!$E$10:$E$21,$C$4) -> 67 | F8: 5회 × 1세트
A9: 벤치프레스 | B9: 47.25 | C9: =MAX(20,(MROUND(B9*0.4,1)+(MOD(MROUND(B9*0.4,1),5)=4))) -> 20 | D9: 23 | E9: =INDEX(증량기록!$G$10:$G$21,$C$4) -> 35 | F9: 5회 × 5세트
A10: 밀리터리 프레스 | B10: 40 | C10: =MAX(20,(MROUND(B10*0.4,1)+(MOD(MROUND(B10*0.4,1),5)=4))) -> 20 | D10: 20 | E10: =INDEX(증량기록!$I$10:$I$21,$C$4) -> 26 | F10: 5회 × 3세트
D11: ↑ 여기에 숫자를 직접 입력
A13: D열(시작 중량)을 바꾸는 법
A14: · D7~D10 노란 칸에 원하는 숫자를 그냥 입력하면 됩니다. 수식이 아니라 일반 숫자입니다.
A15: · 예: 스쿼트를 30kg으로 시작하고 싶으면 D7에 30을 입력. 나머지는 전부 자동으로 따라옵니다.
A16: · C열은 참고용 계산값이므로 건드리지 않아도 됩니다.
A17: · 그리고 C4의 '현재 사이클'은 사이클이 끝날 때마다 1씩 올려주는 칸입니다. 이 두 곳 외에는 손댈 필요가 없습니다.
A19: 5년 공백 후 시작 중량 잡는 법
A20: · 5년 쉬었으면 근력보다 관절 · 건 · 인대와 폼 감각이 먼저 무너져 있다. 근육은 빨리 돌아오지만 이쪽은 느리다.
A21: · 벤치와 프레스는 빈 봉(20kg)에서 시작하는 것이 맞다. 이것이 과한 것이 아니라 정상이다.
A22: · 기준: 10회는 할 수 있을 것 같은 무게로 5회만 하는 것. 여유가 크게 느껴져야 맞다.
A23: · 첫 3~4주는 훈련이 아니라 재적응 기간으로 본다. 가볍다고 느껴도 그대로 간다.
A24: · 너무 가볍게 시작해서 잃는 것은 3~4주뿐이다. 너무 무겁게 시작하면 몇 달을 잃는다.
A26: · 5년 전 중량은 참고치일 뿐 목표가 아니다. 다만 한 번 만들어본 근력은 처음 만들 때보다 빠르게 돌아온다.
... A41: 12사이클 예상 진행 (X 입력이 없을 때)
A42: 사이클 | B42: 스쿼트 | C42: 데드리프트 | D42: 벤치프레스 | E42: 밀리터리 프레스
A43: 1사이클 | B43: =증량기록!C10 -> 37 | C43: =증량기록!E10 -> 42 | D43: =증량기록!G10 -> 23 | E43: =증량기록!I10 -> 20
A44: 2사이클 | B44: =증량기록!C11 -> 42 | C44: =증량기록!E11 -> 47 | D44: =증량기록!G11 -> 25 | E44: =증량기록!I11 -> 21
A45: 3사이클 | B45: =증량기록!C12 -> 47 | C45: =증량기록!E12 -> 52 | D45: =증량기록!G12 -> 27 | E45: =증량기록!I12 -> 22
A46: 4사이클 | B46: =증량기록!C13 -> 52 | C46: =증량기록!E13 -> 57 | D46: =증량기록!G13 -> 30 | E46: =증량기록!I13 -> 23
A47: 5사이클 | B47: =증량기록!C14 -> 57 | C47: =증량기록!E14 -> 62 | D47: =증량기록!G14 -> 32 | E47: =증량기록!I14 -> 25
A48: 6사이클 | B48: =증량기록!C15 -> 62 | C48: =증량기록!E15 -> 67 | D48: =증량기록!G15 -> 35 | E48: =증량기록!I15 -> 26
A49: 7사이클 | B49: =증량기록!C16 -> 67 | C49: =증량기록!E16 -> 72 | D49: =증량기록!G16 -> 37 | E49: =증량기록!I16 -> 27
A50: 8사이클 | B50: =증량기록!C17 -> 72 | C50: =증량기록!E17 -> 77 | D50: =증량기록!G17 -> 40 | E50: =증량기록!I17 -> 28
A51: 9사이클 | B51: =증량기록!C18 -> 77 | C51: =증량기록!E18 -> 82 | D51: =증량기록!G18 -> 42 | E51: =증량기록!I18 -> 30
A52: 10사이클 | B52: =증량기록!C19 -> 82 | C52: =증량기록!E19 -> 87 | D52: =증량기록!G19 -> 45 | E52: =증량기록!I19 -> 31
A53: 11사이클 | B53: =증량기록!C20 -> 87 | C53: =증량기록!E20 -> 92 | D53: =증량기록!G20 -> 47 | E53: =증량기록!I20 -> 32
A54: 12사이클 | B54: =증량기록!C21 -> 92 | C54: =증량기록!E21 -> 97 | D54: =증량기록!G21 -> 50 | E54: =증량기록!I21 -> 33
A56: · 위 표는 X 입력이 없다고 가정한 계획선이다. 실제 진행은 증량기록 시트가 결정한다.
A58: 복귀 운용 — 날짜로 자동 계산 (2026-09-13 신설 · 09-13 기준 정정)
A59: 프로그램 시작일 | C59: 46237 | D59: ← 1주차가 시작된 월요일. 주차는 월요일에 넘어간다. 주차는 세는 숫자일 뿐 중량과 무관하다
A60: 사이클 기준일 | C60: 46279 | D60: ← 아래 '기준 사이클'이 시작된 월요일. 여기서부터 2주마다 한 칸씩 올라간다
A61: 기준 사이클 | C61: 6 | D61: ← 사이클 기준일에 시작된 사이클 번호. '현재 사이클'(C4)과 같은 번호로 둔다
A62: 사이클 전진(주) | C62: 2 | D62: ← 몇 주마다 사이클을 한 칸 올릴지. 복귀는 2주
A63: · 앱 '복귀 → 달력'이 이 칸들로 오늘의 주차 · 사이클 · 네 리프트 중량을 계산한다. 손으로 셀 필요가 없고, 어디쯤인지 까먹어도 달력이 알려준다.
A64: · 주차와 사이클은 기준이 다르다. 주차는 '프로그램 시작일'에서 세고, 사이클은 '사이클 기준일'에서 2주마다 오른다. 하나로 묶어 두면 주차를 맞추려다 중량까지 따라 움직인다.
A65: · 디로드 주나 통째로 쉰 주가 있으면 앱 달력에서 '한 주 미루기'를 누른다 — 사이클만 한 주 늦게 올라가고 주차 표시는 그대로다. 영구히 맞추려면 '사이클 기준일'을 한 주 뒤로 옮긴다.
A66: · 중량 자체는 증량기록 표(사이클 단위)가 그대로 정한다. 이 칸들이 정하는 것은 '오늘이 몇 번째 칸인가'뿐이다 — 표가 두 벌로 갈리지 않게 하려고 그렇게 뒀다.
A67: · 재택으로 돌아가면 이 칸들은 무시된다. 재택은 일차 회전을 증량기록 '날짜 (1일차)'로 따라간다.

Sheet 주간계획
A1: 운동 프로그램 — 10일 주기 (A블록 4일 · 휴식 · B블록 4일 · 휴식)
A2: 적용 시기: 재택 근무 기간 (~9월) | 10일 주기 / 1일 1세션 | 1사이클부터 설계 볼륨 100% (볼륨램프 해제) | 요일이 아니라 주기 안의 순서로 돈다
A4: 일차 | B4: 내용 | C4: 메인 리프트 | D4: 주요 근육군 | E4: 세트 | F4: 예상 시간
A5: 1 | B5: 당기기 A (수직) | C5: — | D5: 광배 · 승모(중부) · 기립근 · 복부 | E5: =INDEX(D1_당기기A!$E:$E,MATCH("세트 합계",D1_당기기A!$D:$D,0)) -> 32 | F5: ="약 "&INDEX(D1_당기기A!$I:$I,MATCH("세트 합계",D1_당기기A!$D:$D,0))&"분" -> 약 76분
A6: 2 | B6: 밀기 A (수평) | C6: 벤치프레스 5×5 | D6: 흉근 · 측면삼각 · 후면삼각 · 삼두 | E6: =INDEX(D2_밀기A!$E:$E,MATCH("세트 합계",D2_밀기A!$D:$D,0)) -> 28 | F6: ="약 "&INDEX(D2_밀기A!$I:$I,MATCH("세트 합계",D2_밀기A!$D:$D,0))&"분" -> 약 71분
A7: 3 | B7: 하체 A (무릎) | C7: 스쿼트 5×5 | D7: 대퇴사두 · 햄스트링 · 둔근 | E7: =INDEX(D3_하체A!$E:$E,MATCH("세트 합계",D3_하체A!$D:$D,0)) -> 26 | F7: ="약 "&INDEX(D3_하체A!$I:$I,MATCH("세트 합계",D3_하체A!$D:$D,0))&"분" -> 약 71분
A8: 4 | B8: 어깨·팔 A | C8: — | D8: 삼각근(측면·후면) · 승모(하부) · 흉근(인클라인 스미스 · 펙덱) · 이두 · 전완 · 종아리 | E8: =INDEX(D4_어깨팔A!$E:$E,MATCH("세트 합계",D4_어깨팔A!$D:$D,0)) -> 36 | F8: ="약 "&INDEX(D4_어깨팔A!$I:$I,MATCH("세트 합계",D4_어깨팔A!$D:$D,0))&"분" -> 약 73분
A9: 5 | B9: 휴식 | C9: — | D9: — | E9: 0 | F9: —
A10: 6 | B10: 당기기 B (수평) | C10: — | D10: 광배 · 능형근 · 승모(중부·상부) · 이두 · 기립근 · 중둔근 · 종아리 | E10: =INDEX(D6_당기기B!$E:$E,MATCH("세트 합계",D6_당기기B!$D:$D,0)) -> 28 | F10: ="약 "&INDEX(D6_당기기B!$I:$I,MATCH("세트 합계",D6_당기기B!$D:$D,0))&"분" -> 약 70분
A11: 7 | B11: 밀기 B (수직) | C11: 밀리터리 3×5 | D11: 삼각근 · 흉근(상부 · 디클라인 플라이) · 승모(하부) · 복부 | E11: =INDEX(D7_밀기B!$E:$E,MATCH("세트 합계",D7_밀기B!$D:$D,0)) -> 30 | F11: ="약 "&INDEX(D7_밀기B!$I:$I,MATCH("세트 합계",D7_밀기B!$D:$D,0))&"분" -> 약 73분
A12: 8 | B12: 하체 B (고관절) | C12: 데드리프트 1×5 + 백오프 2×5 | D12: 둔근 · 햄스트링 · 대퇴사두 | E12: =INDEX(D8_하체B!$E:$E,MATCH("세트 합계",D8_하체B!$D:$D,0)) -> 24 | F12: ="약 "&INDEX(D8_하체B!$I:$I,MATCH("세트 합계",D8_하체B!$D:$D,0))&"분" -> 약 74분
A13: 9 | B13: 어깨·팔 B | C13: — | D13: 삼각근(측면·후면·전면) · 승모(하부) · 흉근(상부 플라이) · 삼두 · 이두 · 전완 · 내전근 · 중둔근 | E13: =INDEX(D9_어깨팔B!$E:$E,MATCH("세트 합계",D9_어깨팔B!$D:$D,0)) -> 36 | F13: ="약 "&INDEX(D9_어깨팔B!$I:$I,MATCH("세트 합계",D9_어깨팔B!$D:$D,0))&"분" -> 약 70분
A14: 10 | B14: 휴식 | C14: — | D14: — | E14: 0 | F14: —
A15: 합계 | E15: =SUM(E5:E14) -> 240 | F15: ="약 "&(INDEX(D1_당기기A!$I:$I,MATCH("세트 합계",D1_당기기A!$D:$D,0))+INDEX(D2_밀기A!$I:$I,MATCH("세트 합계",D2_밀기A!$D:$D,0))+INDEX(D3_하체A!$I:$I,MATCH("세트 합계",D3_하체A!$D:$D,0))+INDEX(D4_어깨팔A!$I:$I,MATCH("세트 합계",D4_어깨팔A!$D:$D,0))+INDEX(D6_당기기B!$I:$I,MATCH("세트 합계",D6_당기기B!$D:$D,0))+INDEX(D7_밀기B!$I:$I,MATCH("세트 합계",D7_밀기B!$D:$D,0))+INDEX(D8_하체B!$I:$I,MATCH("세트 합계",D8_하체B!$D:$D,0))+INDEX(D9_어깨팔B!$I:$I,MATCH("세트 합계",D9_어깨팔B!$D:$D,0)))&"분 ("&INT((INDEX(D1_당기기A!$I:$I,MATCH("세트 합계",D1_당기기A!$D:$D,0))+INDEX(D2_밀기A!$I:$I,MATCH("세트 합계",D2_밀기A!$D:$D,0))+INDEX(D3_하체A!$I:$I,MATCH("세트 합계",D3_하체A!$D:$D,0))+INDEX(D4_어깨팔A!$I:$I,MATCH("세트 합계",D4_어깨팔A!$D:$D,0))+INDEX(D6_당기기B!$I:$I,MATCH("세트 합계",D6_당기기B!$D:$D,0))+INDEX(D7_밀기B!$I:$I,MATCH("세트 합계",D7_밀기B!$D:$D,0))+INDEX(D8_하체B!$I:$I,MATCH("세트 합계",D8_하체B!$D:$D,0))+INDEX(D9_어깨팔B!$I:$I,MATCH("세트 합계",D9_어깨팔B!$D:$D,0)))/60)&"시간 "&MOD((INDEX(D1_당기기A!$I:$I,MATCH("세트 합계",D1_당기기A!$D:$D,0))+INDEX(D2_밀기A!$I:$I,MATCH("세트 합계",D2_밀기A!$D:$D,0))+INDEX(D3_하체A!$I:$I,MATCH("세트 합계",D3_하체A!$D:$D,0))+INDEX(D4_어깨팔A!$I:$I,MATCH("세트 합계",D4_어깨팔A!$D:$D,0))+INDEX(D6_당기기B!$I:$I,MATCH("세트 합계",D6_당기기B!$D:$D,0))+INDEX(D7_밀기B!$I:$I,MATCH("세트 합계",D7_밀기B!$D:$D,0))+INDEX(D8_하체B!$I:$I,MATCH("세트 합계",D8_하체B!$D:$D,0))+INDEX(D9_어깨팔B!$I:$I,MATCH("세트 합계",D9_어깨팔B!$D:$D,0))),60)&"분)" -> 약 578분 (9시간 38분)
A17: 배치 논리
A18: · 10일 주기다. 1~4일차 A블록 · 5일차 완전휴식 · 6~9일차 B블록 · 10일차 완전휴식 · 다시 1일차. 네 패턴(당기기 · 밀기 · 하체 · 어깨팔)이 각각 A/B로 5일 간격.
A19: · 무거운 하체일 뒤가 둘 다 저부하다: 3일차 스쿼트 → 4일차 어깨·팔 A → 5일차 완전휴식, 8일차 데드 → 9일차 어깨·팔 B → 10일차 완전휴식. 어깨·팔 날은 척추 부하가 0이다.
A20: · 부위 간격이 5일로 완전히 균등하다 — 짝수 주기라 가능하다. 9일에서는 4일과 5일이 번갈아 왔다. 벤치(2) ↔ 밀리터리(7) · 스쿼트(3) ↔ 데드(8) · 당기기(1) ↔ (6) · 어깨·팔(4) ↔ (9).
A21: · 4·9일차 어깨·팔은 척추 부하 0인 고립일이다 — 33~38세트라 가벼운 날은 아니다. 다음 세션에 영향이 있으면 무게가 과한 것 — 세트가 아니라 무게를 내린다.
A22: · 연속 훈련은 최대 4일(1~4 · 6~9)이고 각 블록 4일째가 고립 세션이라 체감은 3일 → 가벼움 → 휴식이다.
A23: · 당기기 A(수직) / B(수평), 밀기 A(수평) / B(수직), 하체 A(무릎) / B(고관절), 어깨·팔 A / B. 같은 부위를 5일 뒤 다른 각도로 친다.
A24: · 기립근: 데드(8일차) + 덤벨 RDL(1일차). RDL은 20kg으로 가볍게 — 척추 부하가 아니라 자세 유지가 목적.
A26: 10일 주기로 바꾸며 (2026-09-04 전환)
A27: · 4훈련 · 휴식 · 4훈련 · 휴식. 어깨(옛 8일차 40세트)를 다른 세 패턴처럼 A/B로 나눠 4 · 9일차에 두고, 1 · 2 · 5 · 6일차의 삼두 · 이두 · 전완을 그쪽으로 옮겼다. 종목 12개 이동, 세트는 한 개도 안 늘고 안 줄었다 — 239 그대로.
A28: · 세션이 24~38세트 · 67~73분으로 고르게 됐다. 9일 주기에서는 1일차 38 · 6일차 34(84분) · 8일차 40이었고 80분 넘는 날이 셋이었다. 이제 없다.
A29: · 시간 균등화(같은 날 추가): 디클라인 플라이(2일차) · 펙덱(7일차) → 4일차, 케이블 힙 외전(8일차) → 9일차, 스탠딩 카프(3일차) → 6일차. 4종목 13세트, 총량 불변. 분할 직후 57~80분이던 편차를 67~73분으로 좁혔다 — 남은 6분은 종목 하나 크기라 세트를 쪼개지 않는 한 더 못 좁힌다. 흉근이 2·4·7일차 셋으로 흩어졌고 종아리는 (1,6) 거울이 됐다.
... A101: · 9일차는 드롭 0 — 36세트로 이미 꽉 찬 날이다. 측면은 2일차 레터럴에 더해 4일차 머신 레터럴에도 붙였다(사용자 선택, 둘 다 +60초). 이두는 프리쳐 컬 한 곳(9일차 인클라인 컬은 이틀 뒤 친업), 머신 숄더 프레스는 제외(전면 삼각근은 프레스 4종으로 충분), 시티드 카프·트랩바 슈러그·흉근 상부(케이블 플라이 교체 필요)는 보류.

Sheet D1_당기기A
A1: 1일차 — 당기기 A (수직)
A2: 광배 위쪽 · 견갑골 하강 · 전완 · 삼두. 6일차 당기기 B(수평)와 각도를 나눈다.
A3: 웜업 — 스캡 풀업 2세트 × 5~8 (세트 카운트 제외): 팔은 편 채 견갑골만 하강, 여유 있게(실패 4회+ 전 종료). 친업 직전 견갑 하강 프라이밍.
A4: 운동 구성
A5: # | B5: 종목 | C5: 근육군 | D5: 중량(Kg) | E5: 세트 | F5: 횟수 | G5: 수행(초) | H5: 휴식(초) | I5: 종목 분 | J5: 간접 자극 | K5: 메모 | L5: 대체 종목 | M5: 세트별 휴식(초) | N5: 슈퍼세트 | O5: 드롭(초)
A6: 1 | B6: 친업 (어시스트 가능) | C6: 광배 | D6: 60 | E6: 4 | F6: 6~8 | G6: 35 | H6: 155 | I6: =IF(E6=0,0,ROUND((E6*(G6+H6)+O6)/60,1)) -> 12.7 | J6: 이두 | K6: 수직 당기기 메인. 광배 위쪽 섬유 비중이 큼 | L6: 어시스트 풀업 머신 (개수가 안 나올 때) / 뉴트럴 그립 친업 (팔꿈치가 편함) / 랫풀다운 | M6: 135/145/160/180
A7: 2 | B7: 랫풀다운 | C7: 광배 | D7: 40 | E7: 3 | F7: 8~12 | G7: 40 | H7: 120 | I7: =IF(E7=0,0,ROUND((E7*(G7+H7)+O7)/60,1)) -> 8 | J7: 이두 | K7: 친업 뒤에 무게 조절 수단으로. 그립을 친업과 다르게 (친업이 언더면 여기선 오버) [2026-09-05 4→2] 뒤 2세트를 원암 랫풀다운으로 나눴다 (사용자 요청). | L7: 뉴트럴 그립 랫풀다운 / 원암 랫풀다운 (좌우 독립) / 케이블 풀오버 (이두 개입 최소)
A8: 3 | B8: 원암 랫풀다운 | C8: 광배 | D8: 20 | E8: 2 | F8: 8~12 (좌우) | G8: 80 | H8: 120 | I8: =IF(E8=0,0,ROUND((E8*(G8+H8)+O8)/60,1)) -> 8.7 | J8: 이두 | K8: [2026-09-05 신설] 랫풀다운 4세트를 양팔 2 + 원암 2로 나눴다 (사용자 요청). 하이 풀리에 D핸들을 걸고 뉴트럴 그립으로 한 팔씩 — 좌우를 따로 세니 약한 쪽이 강한 쪽에 묻히지 않고, 당기는 쪽으로 몸통을 살짝 기울여 광배를 더 늘린 자리에서 시작할 수 있다. 팔꿈치를 옆구리 쪽으로 끌어내리고 맨 아래에서 1초 정지. 세트 수는 좌우 한 번씩을 1세트로 센다(수행 80초 = 40초 × 2). 무게는 양팔의 절반에서 시작해 약한 쪽 기준으로 올린다. 광배 직접 세트는 이 날 8 그대로. [2026-09-07 마지막 세트 드롭 2단 — 실패 뒤 쉬지 않고 20~30% 내려 두 번. 한쪽을 끝까지 내려간 뒤 반대쪽. 팔로 당기기 시작하면 그 자리에서 끝. 세트 수 그대로, 증량 판정은 첫 세트로만. +120초는 O열] | L8: 원암 케이블 풀다운 (다른 하이 풀리) / 원암 덤벨 로우 (풀다운 기구가 찼을 때) / 뉴트럴 그립 랫풀다운 4세트로 합치기 | O8: 120
A9: 4 | B9: 바벨 로우(스미스)(그립 넓게) | C9: 승모(중부)·능형근 | D9: 맨몸 | E9: 4 | F9: 8~10 | G9: 40 | H9: 120 | I9: =IF(E9=0,0,ROUND((E9*(G9+H9)+O9)/60,1)) -> 10.7 | J9: 전거근 | K9: 그립을 어깨너비보다 넓게 — 팔꿈치를 45~90°로 벌려 견갑골을 모으는 종목이다. 주동근은 능형근·중부승모이고 광배는 협력근으로 계상한다(간접 0.5). 팔꿈치를 몸통에 붙여 당기면 광배 종목이 되어 같은 날 친업·랫풀다운과 겹친다 — 그러라고 넣은 자리가 아니다. [2026-09-04 라벨 정정: 광배 → 승모(중부)·능형근. 세트 수는 그대로 4] | L9: 스캡 랫풀다운 (앉아서) / 어시스트 풀업 머신에서 스캡 풀업 / 바에 매달려 정지 3초
A10: 5 | B10: 페이스풀(로프) | C10: 승모(중부)·능형근 | D10: 12.5 | E10: 3 | F10: 12~15 | G10: 45 | H10: 60 | I10: =IF(E10=0,0,ROUND((E10*(G10+H10)+O10)/60,1)) -> 5.3 | J10: 삼각근(후면) · 외회전근 | K10: 수평 후인 + 외회전. 랫풀다운과 같은 케이블 스테이션에서 높이만 올려 이어서 한다. 팔꿈치를 어깨 높이로 유지하고 마지막에 손등이 뒤로 돌아갈 때까지 외회전을 끝낼 것 — 외회전을 빼면 그냥 후면삼각 종목이 되어 6일차와 겹친다. 무게 욕심 내면 승모 상부가 다 가져간다. 수직 당기기 날이지만 승모 중부 사이클당 2회(6일차와 5일 간격)를 만들기 위한 배치이며, 10~15kg으로 가벼워 친업·랫풀다운의 광배 자극과 경쟁하지 않는다. 덤벨 RDL과 같은 성격의 예외 배치. | L10: 로프 페이스풀 (1순위) / 밴드 페이스풀 (케이블 자리가 없을 때) / 리버스 펙덱을 팔 편 채로 + 케이블 외회전 별도 (외회전 성분을 분리 수행)
A11: 6 | B11: 바벨 컬 | C11: 이두 | D11: 30~35 | E11: 0 | F11: 8~12 | G11: 40 | H11: 70 | I11: =IF(E11=0,0,ROUND((E11*(G11+H11)+O11)/60,1)) -> 0 | J11: 전완 | K11: [2026-08-28 — 이 종목은 2일차 밀기 A로 옮겨 3세트로 되살아났다. 당기기 날은 친업·랫풀다운으로 이두가 이미 간접 3.5세트분 지친 뒤라 컬을 두기에 나쁜 자리였다. 이 행은 기록으로만 남긴다] | L11: EZ바 컬 (손목이 편함) / 케이블 컬 (전 구간 장력) / 해머 컬 (상완요골근 동시)
A12: 7 | B12: 라잉 레그 레이즈 | C12: 복부 | D12: 맨몸 | E12: 4 | F12: 12~15 | G12: 40 | H12: 60 | I12: =IF(E12=0,0,ROUND((E12*(G12+H12)+O12)/60,1)) -> 6.7 | K12: 복부 굴곡(하부). 바닥에 누워 다리를 모은 채 들어올린다 — 허리가 뜨면 장요근 종목이 되므로 손을 엉덩이 밑에 받쳐 골반을 후방경사로 고정하고, 내릴 때 발이 바닥에 닿기 전에 멈춰 장력을 유지한다. 6일차 중량 크런치(상부)와 굴곡 축을 나눈다. [2026-09-02 — 변형 4가지 서킷에서 일반 라잉 레그 레이즈로 환원. 세트당 100회·150초라 4세트가 14분으로 이 세션에서 가장 긴 종목이었고, 변형마다 자극 부위가 흩어져 하부 굴곡 한 축에 집중되지 않았다. 종목 분 14.0 → 6.7] | L12: 캡틴 체어 레그 레이즈 (그립·허리 부담 없음 — 1순위) / 행잉 레그 레이즈 (가장 어렵다, 그립이 먼저 나감) / 리버스 크런치 (골반을 말아 올려 하부 집중) / 라잉 레그 레이즈 변형 4가지 https://www.youtube.com/watch?v=BGaOGtfTKPc
A13: 8 | B13: 케이블 트렁크 로테이션 | C13: 복부 | D13: 10~15 | E13: 3 | F13: 12~15 (좌우) | G13: 70 | H13: 60 | I13: =IF(E13=0,0,ROUND((E13*(G13+H13)+O13)/60,1)) -> 6.5 | K13: [2026-09-04 신설] 복부의 네 번째 축 — 회전. 그동안 굴곡(상·하)과 항신전만 있고 회전은 통째로 비어 있었다. **뒷발 뒤꿈치를 돌려 골반이 상체를 따라가게 한다** — 골반을 고정한 채 돌리면 회전이 요추 하나에 몰린다(앉아서 하는 트렁크 로테이션 머신을 안 쓰는 이유가 이것이다). **팔은 고정하고 몸통으로 돌린다** — 팔로 당기면 어깨 운동이 된다. 무게는 가볍게, 통제되는 범위에서. 6일차 중량 크런치를 6→3으로 내리며 이쪽으로 옮겨온 자리다. 왜 1일차인가 — 10일차 휴식 다음 날이라 척추가 가장 신선하다. 9일차는 데드(8일차) 다음 날이고 "척추 부하 0"이 그 날의 설계 근거라 회전을 얹지 않았다. | L13: 케이블 우드촙 (하이 투 로우) / 팔로프 프레스 (항회전) / 밴드 트렁크 로테이션
A14: 9 | B14: 카프 레이즈 (스탠딩) | C14: 종아리 | D14: 10 | E14: 3 | F14: 12~15 | G14: 40 | H14: 75 | I14: =IF(E14=0,0,ROUND((E14*(G14+H14)+O14)/60,1)) -> 5.8 | K14: [2026-09-04 신설] 종아리를 성장 구간(주당 10)으로 올리려고 3일차·8일차에 이어 세 번째 자리를 만들었다. 무릎 편 상태라 비복근 쪽. 당기기 날에 둔 이유는 하체날 두 곳이 이미 가장 긴 세션이라 더 얹지 않기로 해서다 — 종아리는 고립이라 어느 날에 있든 상관없다. | L14: 레그 프레스 카프 (기계가 비었을 때) / 스미스 카프 레이즈
A15: 10 | B15: 덤벨 루마니안 데드리프트 | C15: 기립근 | D15: 20 | E15: 3 | F15: 12 | G15: 45 | H15: 90 | I15: =IF(E15=0,0,ROUND((E15*(G15+H15)+O15)/60,1)) -> 6.8 | J15: 둔근·햄스트링 | K15: 기립근 보조. 20kg으로 가볍게 — 무게를 올리면 햄스트링 종목이 되고 척추 부하도 같이 올라간다. 데드(8일차)와 이틀 간격이라 이 자리가 맞다 [2026-09-04 3→6→3] 백 익스텐션이 없던 동안 기립근을 늘릴 수단이 이것뿐이라 6으로 올렸다가, 기구를 쓸 수 있다는 확인을 받고 3으로 되돌렸다. 힌지를 두 배로 하는 것보다 기립근 전용 종목을 따로 두는 편이 척추 부하도 낮고 자극도 곧다. [2026-09-04 순서 변경: 백 익스텐션과 자리를 맞바꿔 10번이 됐다] | L15: 케이블 풀스루 (척추 압박 최소) / 굿모닝 (빈 봉~40kg, 가볍게) / 45도 하이퍼익스텐션 벤치 (있는 경우) / 스티프 레그드 데드리프트. 어느 쪽이든 가볍게 — 성장이 아니라 자세 유지가 목적
A16: 11 | B16: 백 익스텐션 (45도) | C16: 기립근 | D16: 맨몸 | E16: 3 | F16: 12~15 | G16: 40 | H16: 60 | I16: =IF(E16=0,0,ROUND((E16*(G16+H16)+O16)/60,1)) -> 5 | K16: [2026-09-04 순서 변경] 기구가 옆 체육관에 있어 세션 맨 마지막으로 내렸다 — 본 체육관 일을 전부 끝내고 이동한다. 앞으로 종목을 추가할 때 이 뒤에 붙이지 말 것. 45도 백 익스텐션, 이 프로그램의 원래 설계 종목이었는데 기구를 못 써서 덤벨 RDL로 대체해 뒀던 것을 되돌렸다. **척추 신전을 강조해서 한다** — 등을 편 채 고관절만 접는 힌지식으로 하면 둔근·햄스트링이 주동근이 되고 기립근은 버티기만 한다. 옆 체육관까지 갔는데 그러면 헛걸음이다. | L16: 원판 5~10kg 안고 (맨몸이 쉬워지면) / 굿모닝(스미스) / 덤벨 루마니안 데드리프트
D17: 세트 합계 | E17: =SUM(E6:E16) -> 32 | I17: =ROUND(SUM(I6:I16),0) -> 76
A19: 변경 (2026-09-05)
A20: · 랫풀다운 4 → 양팔 2 + 원암 2 (사용자 요청). 3번 원암 랫풀다운을 새로 두고 뒤 종목 번호가 하나씩 밀렸다. 광배 직접 세트는 8 그대로 · 31세트 · 약 72분.
A22: 드롭 세트 (2026-09-07)
A23: · 원암 랫풀다운 마지막 세트에 드롭 2단, +120초 (사용자 요청). 편측이라 한쪽을 끝까지 내려간 뒤 반대쪽으로 넘어간다 — 번갈아 하면 쉬는 시간이 생겨 드롭 효과가 약해진다. 광배는 주당 12.4로 낮고 예산은 잠겨 있어, 세트 수를 안 늘리고 자극만 얹는 자리다.
A24: · O열 '드롭(초)'는 마지막 세트에 더해지는 시간이다. I열 종목 분에 합산되고, 앱 타이머는 마지막 세트를 그만큼 늘린 뒤 '드롭세트'라고 읊는다. E열 세트 수와 세트검산은 건드리지 않는다.

Sheet D2_밀기A
A1: 2일차 — 밀기 A (수평)
A2: 벤치 5×5가 이 프로그램의 최우선 종목. 7일차 밀기 B(수직)와 각도를 나눈다. 삼두 푸쉬다운을 마지막에 둔다 — 프레스로 지친 삼두를 고립으로 마무리한다 (2026-09-05, 4일차에서 이동). [이력] 바벨 컬은 2026-09-04에 4일차로 갔다.
A4: 메인: 벤치프레스
A5: 중량(Kg) | B5: 반복 | C5: 세트
A6: =MAX(20,(MROUND(시작중량_설정!$E$9*0.4,1)+(MOD(MROUND(시작중량_설정!$E$9*0.4,1),5)=4))) -> 20 | B6: 5 | C6: 2
A7: =IF(MAX(20,(MROUND(시작중량_설정!$E$9*0.6,1)+(MOD(MROUND(시작중량_설정!$E$9*0.6,1),5)=4)))<=MAX(20,(MROUND(시작중량_설정!$E$9*0.4,1)+(MOD(MROUND(시작중량_설정!$E$9*0.4,1),5)=4))),"생략",MAX(20,(MROUND(시작중량_설정!$E$9*0.6,1)+(MOD(MROUND(시작중량_설정!$E$9*0.6,1),5)=4)))) -> 21 | B7: 5 | C7: 1
A8: =IF(MAX(20,(MROUND(시작중량_설정!$E$9*0.75,1)+(MOD(MROUND(시작중량_설정!$E$9*0.75,1),5)=4)))<=MAX(20,(MROUND(시작중량_설정!$E$9*0.6,1)+(MOD(MROUND(시작중량_설정!$E$9*0.6,1),5)=4))),"생략",MAX(20,(MROUND(시작중량_설정!$E$9*0.75,1)+(MOD(MROUND(시작중량_설정!$E$9*0.75,1),5)=4)))) -> 26 | B8: 3 | C8: 1
A9: =IF(MAX(20,(MROUND(시작중량_설정!$E$9*0.9,1)+(MOD(MROUND(시작중량_설정!$E$9*0.9,1),5)=4)))<=MAX(20,(MROUND(시작중량_설정!$E$9*0.75,1)+(MOD(MROUND(시작중량_설정!$E$9*0.75,1),5)=4))),"생략",MAX(20,(MROUND(시작중량_설정!$E$9*0.9,1)+(MOD(MROUND(시작중량_설정!$E$9*0.9,1),5)=4)))) -> 32 | B9: 2 | C9: 1
A10: =시작중량_설정!$E$9 -> 35 | B10: 5 | C10: 5
A11: ↑ '시작중량_설정'과 자동 연동. 20 = 빈 봉. '생략'은 앞 세트와 중량이 겹쳐 불필요하다는 뜻.
A13: 웜업 — 회전근개 (세트 카운트 제외)
A14: · 케이블 외회전 2세트 × 12~15회. 팔꿈치 90도로 접어 옆구리에 붙이고 바깥으로만 회전.
A15: · 매우 가볍게 — 2.5~5kg. 무거우면 광배와 후면 삼각근이 대신 일하며 목적을 잃는다.
A16: · 근비대 항목이 아니라 관절 준비 항목이므로 세트 합계에 넣지 않는다.
A18: 운동 구성
A19: # | B19: 종목 | C19: 근육군 | D19: 중량(Kg) | E19: 세트 | F19: 횟수 | G19: 수행(초) | H19: 휴식(초) | I19: 종목 분 | J19: 간접 자극 | K19: 메모 | L19: 대체 종목 | M19: 세트별 휴식(초) | N19: 슈퍼세트 | O19: 드롭(초)
A20: 1 | B20: 벤치프레스 (본세트) | C20: 흉근(중하부) | D20: =시작중량_설정!$E$9 -> 35 | E20: 5 | F20: 5 | G20: 30 | H20: 180 | I20: =IF(E20=0,0,ROUND((E20*(G20+H20)+O20)/60,1)) -> 17.5 | J20: 삼두·전면삼각 | K20: 현재 최우선 종목. 사이클당 2.25kg 마이크로로딩. 여기가 무너지면 그 사이클 나머지를 줄인다 | L20: 스미스 벤치프레스 (궤도 고정) / 체스트 프레스 머신 / 플로어 프레스 (어깨가 아플 때) | M20: 150/165/180/195/210
A21: 2 | B21: 딥스 | C21: 흉근(중하부) | D21: 70 10개 채움 | E21: 4 | F21: 8~10 | G21: 40 | H21: 155 | I21: =IF(E21=0,0,ROUND((E21*(G21+H21)+O21)/60,1)) -> 13 | J21: 삼두 | K21: 상체 앞으로 기울여 흉근 비중 확보. 쉬워지면 벨트로 중량 추가 | L21: 어시스트 딥스 머신 / 디클라인 덤벨 프레스 / 체스트 딥스 머신 https://www.youtube.com/shorts/1tQQKeAMwr0 | M21: 135/145/160/180
A22: 3 | B22: 인클라인 덤벨 플라이(혹은 벡덱플라이 머신으로) | C22: 흉근(상부) | D22: 8 | E22: 4 | F22: 10~12 | G22: 40 | H22: 105 | I22: =IF(E22=0,0,ROUND((E22*(G22+H22)+O22)/60,1)) -> 9.7 | K22: 프레싱 뒤 고립. 늘어난 구간에서 멈추지 말고 부드럽게 [2026-09-04 4→7] 흉근 상부 보강(주당 7.0 → 10.1). 7일차 인클라인 머신과 함께 사이클당 2회. [2026-09-04 7→4] 같은 날 인클라인 벤치프레스(스미스) 3세트를 새로 두면서 나눴다. 흉근 상부 직접 합계는 그대로다. | L22: 케이블 크로스오버 (아래→위) / 펙덱 플라이 (등받이를 눕혀 인클라인 각으로) / 인클라인 머신 플라이
A23: 4 | B23: 레터럴 레이즈 | C23: 삼각근(측면) | D23: 6 | E23: 6 | F23: 12~15 | G23: 40 | H23: 70 | I23: =IF(E23=0,0,ROUND((E23*(G23+H23)+O23)/60,1)) -> 12 | K23: 덤벨은 아래 구간에 저항이 안 걸린다 — 원암 케이블(7일차)이 그 구간을 메운다 [2026-09-07 마지막 세트 드롭 2단 — 실패 뒤 쉬지 않고 20~30% 내려 두 번. 무거운 구간에서 승모가 끼면 내린 무게로 어깨만 마저 채운다. 세트 수 그대로, 증량 판정은 앞 세트로만. +60초는 O열] | L23: 케이블 레터럴 레이즈 (전 구간 장력) / 레터럴 레이즈 머신 / 라잉 레터럴 | O23: 60
A24: 5 | B24: 리버스 펙덱플라이 | C24: 삼각근(후면) | D24: 20 | E24: 5 | F24: 12~15 | G24: 40 | H24: 70 | I24: =IF(E24=0,0,ROUND((E24*(G24+H24)+O24)/60,1)) -> 10.2 | K24: [2026-09-07 마지막 세트 드롭 2단 — 실패 뒤 쉬지 않고 핀 20~30% 내려 두 번. 세트 수 그대로, 증량 판정은 앞 세트로만. +60초는 O열] | L24: https://www.youtube.com/shorts/Et70PVUQpDE | O24: 60
A25: 6 | B25: 케이블 푸쉬다운 (로프) | C25: 삼두 | D25: 20 | E25: 4 | F25: 10~15 | G25: 40 | H25: 70 | I25: =IF(E25=0,0,ROUND((E25*(G25+H25)+O25)/60,1)) -> 8.3 | K25: [2026-09-05 4일차 → 2일차 이동] 벤치·딥스·플라이·레이즈를 다 마친 뒤 마지막에 — 프레스에서 이미 지친 삼두를 고립으로 마무리하는 자리다. 4일차에 있을 때의 근거였던 '삼두가 안 쓰인 날의 신선함'은 포기했고, 대신 밀기 날에 삼두가 같이 끝난다. 로프로 마지막에 손등을 바깥으로 벌리면 외측두가 끝까지 수축한다. 팔꿈치는 옆구리에 고정 — 어깨로 누르면 광배 종목이 된다. 9일차 라잉 익스텐션이 늘어난 구간(장두)이라 여기는 짧아진 구간(외측두·내측두)으로 축을 나눈다. 삼두 직접은 2일차 4 · 9일차 4로 사이클당 2회 그대로. [2026-08-28 — 원래 1일차 인클라인 덤벨 컬 자리에 들어왔던 종목] [2026-09-07 마지막 세트 드롭 2단 — 실패 뒤 쉬지 않고 핀 20~30% 내려 두 번. 팔꿈치는 끝까지 옆구리에. 세트 수 그대로, 증량 판정은 앞 세트로만. +60초는 O열] | L25: V바 푸쉬다운 (손목이 편함) / 오버헤드 케이블 익스텐션 (장두 — 7일차와 겹치므로 차선) / 덤벨 킥백 / 벤치 딥스 (케이블이 없을 때) | O25: 60
D26: 세트 합계 | E26: =SUM(E20:E25) -> 28 | I26: =ROUND(SUM(I20:I25),0) -> 71
A27: 드롭 세트 (2026-09-07)
A28: · 레터럴 레이즈 · 리버스 펙덱 · 푸쉬다운 마지막 세트에 드롭 2단, 각 +60초 (사용자 요청). 벤치 뒤라 셋이 몰려도 메인에 영향이 없다. 20~30%씩 내려 쉬지 않고 두 번, 세 번째부터는 피로만 쌓인다.
A29: · O열 '드롭(초)'는 마지막 세트에 더해지는 시간이다. I열 종목 분에 합산되고, 앱 타이머는 마지막 세트를 그만큼 늘린 뒤 '드롭세트'라고 읊는다. E열 세트 수와 세트검산은 건드리지 않는다.

Sheet D3_하체A
A1: 3일차 — 하체 A (무릎 지배)
A2: 스쿼트 · 레그프레스 중심. 8일차 하체 B(고관절 지배)와 5일 간격.
A4: 메인: 스쿼트
A5: 중량(Kg) | B5: 반복 | C5: 세트
A6: =MAX(20,(MROUND(시작중량_설정!$E$7*0.4,1)+(MOD(MROUND(시작중량_설정!$E$7*0.4,1),5)=4))) -> 25 | B6: 5 | C6: 2
A7: =IF(MAX(20,(MROUND(시작중량_설정!$E$7*0.6,1)+(MOD(MROUND(시작중량_설정!$E$7*0.6,1),5)=4)))<=MAX(20,(MROUND(시작중량_설정!$E$7*0.4,1)+(MOD(MROUND(시작중량_설정!$E$7*0.4,1),5)=4))),"생략",MAX(20,(MROUND(시작중량_설정!$E$7*0.6,1)+(MOD(MROUND(시작중량_설정!$E$7*0.6,1),5)=4)))) -> 37 | B7: 5 | C7: 1
A8: =IF(MAX(20,(MROUND(시작중량_설정!$E$7*0.75,1)+(MOD(MROUND(시작중량_설정!$E$7*0.75,1),5)=4)))<=MAX(20,(MROUND(시작중량_설정!$E$7*0.6,1)+(MOD(MROUND(시작중량_설정!$E$7*0.6,1),5)=4))),"생략",MAX(20,(MROUND(시작중량_설정!$E$7*0.75,1)+(MOD(MROUND(시작중량_설정!$E$7*0.75,1),5)=4)))) -> 47 | B8: 3 | C8: 1
A9: =IF(MAX(20,(MROUND(시작중량_설정!$E$7*0.9,1)+(MOD(MROUND(시작중량_설정!$E$7*0.9,1),5)=4)))<=MAX(20,(MROUND(시작중량_설정!$E$7*0.75,1)+(MOD(MROUND(시작중량_설정!$E$7*0.75,1),5)=4))),"생략",MAX(20,(MROUND(시작중량_설정!$E$7*0.9,1)+(MOD(MROUND(시작중량_설정!$E$7*0.9,1),5)=4)))) -> 56 | B9: 2 | C9: 1
A10: =시작중량_설정!$E$7 -> 62 | B10: 5 | C10: 5
A11: ↑ '시작중량_설정'과 자동 연동. 20 = 빈 봉. '생략'은 앞 세트와 중량이 겹쳐 불필요하다는 뜻.
A13: 운동 구성
A14: # | B14: 종목 | C14: 근육군 | D14: 중량(Kg) | E14: 세트 | F14: 횟수 | G14: 수행(초) | H14: 휴식(초) | I14: 종목 분 | J14: 간접 자극 | K14: 메모 | L14: 대체 종목 | M14: 세트별 휴식(초) | N14: 슈퍼세트 | O14: 드롭(초)
A15: 1 | B15: 스쿼트 (본세트) | C15: 대퇴사두 | D15: =시작중량_설정!$E$7 -> 62 | E15: 5 | F15: 5 | G15: 35 | H15: 193 | I15: =IF(E15=0,0,ROUND((E15*(G15+H15)+O15)/60,1)) -> 19 | J15: 둔근·기립근 | K15: 무릎 지배 메인. 데드(8일차)와 5일 간격이라 기립근이 회복된 상태에서 친다 | L15: 스미스 스쿼트 / 핵 스쿼트 (대퇴사두 집중) / 프론트 스쿼트 / 벨트 스쿼트 (척추 부하 없음) | M15: 150/170/190/215/240
A16: 2 | B16: 레그 프레스 | C16: 대퇴사두 | D16: 120 | E16: 3 | F16: 8~12 | G16: 45 | H16: 150 | I16: =IF(E16=0,0,ROUND((E16*(G16+H16)+O16)/60,1)) -> 9.8 | J16: 둔근 | K16: 수/토 3+3 분할. 궤도 고정이라 대퇴사두가 확실히 한계까지 간다. 발판 위치는 중간 | L16: 핵 스쿼트 / 레그 익스텐션 (완전 고립) / 프론트 스쿼트
A17: 3 | B17: 불가리안 스플릿 스쿼트 | C17: 둔근 | D17: 맨몸 | E17: 3 | F17: 10 (좌우) | G17: 90 | H17: 150 | I17: =IF(E17=0,0,ROUND((E17*(G17+H17)+O17)/60,1)) -> 12 | J17: 대퇴사두·중둔근 | K17: 한 다리 지지라 관상면 안정화가 함께 들어온다 | L17: 덤벨 런지 / 워킹 런지 / 스텝업 / 리버스 런지 (무릎 부담 ↓)
A18: 4 | B18: 레그 컬 | C18: 햄스트링 | D18: 40 | E18: 4 | F18: 10~12 | G18: 40 | H18: 120 | I18: =IF(E18=0,0,ROUND((E18*(G18+H18)+O18)/60,1)) -> 11.9 | K18: 무릎 굴곡. 8일차 RDL(고관절 신전)과 기능이 다르다 — 둘 다 필요 [2026-09-07 마지막 세트 드롭 2단 — 실패 뒤 쉬지 않고 핀 20~30% 내려 두 번. 지친 햄스트링은 수축 위치에서 쥐가 잘 나니 위에서 멈추지 말고 바로 내린다. 다음 햄스트링은 8일차, 5일 뒤. 세트 수 그대로, 증량 판정은 앞 세트로만. +75초는 O열] | L18: 라잉 레그 컬 · 시티드 레그 컬 (시티드가 늘어난 구간을 더 씀) / 노르딕 햄 컬 | O18: 75
A19: 5 | B19: 이너 타이 | C19: 내전근 | D19: 35 | E19: 4 | F19: 12~15 | G19: 40 | H19: 10 | I19: =IF(E19=0,0,ROUND((E19*(G19+H19)+O19)/60,1)) -> 3.3 | K19: 내전근 직접 종목은 이것뿐. 스쿼트·레그프레스·불가리안이 간접 5.5를 채워 주므로 실질은 이미 하한 위다. [2026-09-04 — 아우터 타이와 슈퍼세트로 묶었다. 겸용 머신이라 패드만 뒤집으면 되어 전환이 10초다. 휴식 105 → 10초는 그 전환 시간이고, 라운드 간 휴식은 아우터 쪽 105초가 맡는다. 길항근 쌍이라 서로의 피로를 나눠 갖지 않으며, 각 근육 입장에서는 자기 세트 간격이 오히려 155초로 늘어난다] | L19: 와이드 스탠스 레그 프레스 / 코사크 스쿼트 / 케이블 힙 내전 | N19: A
A20: 6 | B20: 아우터 타이 (힙 외전) | C20: 중둔근 | D20: 30~35 | E20: 4 | F20: 12~15 | G20: 40 | H20: 105 | I20: =IF(E20=0,0,ROUND((E20*(G20+H20)+O20)/60,1)) -> 9.7 | K20: 관상면 외전. [2026-09-04 부활 — v18에서 8일차로 보냈던 자리를 이너 타이와의 슈퍼세트로 되살렸다. 중둔근이 직접 3 · 간접 1.0으로 주당 환산 3.5, 프로그램 최하위였다. 여기 4세트로 주당 7.0 · 사이클당 2회(3일차·8일차, 간격 4일)가 된다. 8일차 케이블 힙 외전은 그대로 둔다 — 앉아서 고관절 굽힌 채(여기)와 서서 편 채(8일차)는 각도가 다르다. 반드시 양측 동시 머신으로 — 케이블 좌우 버전은 수행 80초라 40초짜리 이너와 라운드가 안 맞는다] | L20: 힙 어브덕션 머신 (겸용 머신이 없을 때) / 케이블 힙 외전 (좌우 — 슈퍼세트로는 부적합) / 밴드 몬스터 워크 / 사이드 라잉 힙 외전 | N20: A
A21: 7 | B21: 앱휠 롤아웃 | C21: 복부 | D21: 맨몸 | E21: 3 | F21: 10 | G21: 40 | H21: 60 | I21: =IF(E21=0,0,ROUND((E21*(G21+H21)+O21)/60,1)) -> 5 | K21: 항신전. 다음날이 당기기 B라 브레이싱 손실이 문제되지 않는다 | L21: 애브 롤아웃 / 사이드 플랭크 / 팔로프 프레스 (항회전)
D22: 세트 합계 | E22: =SUM(E15:E21) -> 26 | I22: =ROUND(SUM(I15:I21),0) -> 71
A23: 드롭 세트 (2026-09-07)
A24: · 레그 컬 마지막 세트에 드롭 2단, +75초 (사용자 요청). 핀 스택 단관절이고 그날 햄스트링 마지막 종목이다. 다음 햄스트링은 8일차 RDL, 5일 뒤. 3일차 뒤는 4일차 고립·5일차 휴식이라 회복이 겹치지 않는다. 지친 햄스트링은 수축 위치에서 쥐가 나기 쉬우니 드롭 반복은 위에서 멈추지 않는다.
A25: · O열 '드롭(초)'는 마지막 세트에 더해지는 시간이다. I열 종목 분에 합산되고, 앱 타이머는 마지막 세트를 그만큼 늘린 뒤 '드롭세트'라고 읊는다. E열 세트 수와 세트검산은 건드리지 않는다.

Sheet D4_어깨팔A
A1: 4일차 — 어깨·팔 A
A2: 측면·후면 삼각근 + 승모 하부 + 흉근(인클라인 스미스 · 펙덱) + 이두 · 전완 + 종아리. 약 71분. 4-1-4-1 전환으로 신설 — 옛 8일차 어깨 세션의 절반과 1·2일차의 팔이 여기로 왔다. 거울 슬롯은 9일차 어깨·팔 B. [2026-09-05] 이너·아우터 타이·리스트 컬은 9일차로, 디클라인 플라이는 7일차로, 시티드 카프는 6일차로 갔고, 9일차의 리버스 리스트 컬·리버스컬과 6일차 스탠딩 카프·오버헤드 슈러그가 왔다. 펙덱·머신 레터럴 마지막 세트 드롭 +2분 — 약 73분 (2026-09-07).
A3: 웜업 — 케이블 외회전 2세트 × 12~15 (세트 카운트 제외): 매우 가볍게 2.5~5kg. 팔꿈치를 90도로 접어 옆구리에 붙이고 바깥으로만 회전. 대체: 밴드 외회전 / 아주 가벼운 페이스풀.
A4: 운동 구성
A5: # | B5: 종목 | C5: 근육군 | D5: 중량(Kg) | E5: 세트 | F5: 횟수 | G5: 수행(초) | H5: 휴식(초) | I5: 종목 분 | J5: 간접 자극 | K5: 메모 | L5: 대체 종목 | M5: 세트별 휴식(초) | N5: 슈퍼세트 | O5: 드롭(초)
A6: 1 | B6: 머신 레터럴 레이즈 | C6: 삼각근(측면) | D6: 10 | E6: 3 | F6: 12~15 | G6: 40 | H6: 70 | I6: =IF(E6=0,0,ROUND((E6*(G6+H6)+O6)/60,1)) -> 6.5 | K6: 궤도가 고정돼 반동이 안 들어간다. 중간 구간을 끝까지 쓴다. 어깨가 으쓱 따라 올라가면 승모가 대신 일하는 것 — 무게를 내린다. [2026-09-07 마지막 세트 드롭 2단 — 실패 뒤 쉬지 않고 핀 20~30% 내려 두 번. 측면 두 번째 드롭 자리(2일차 레터럴과 이틀 간격, 사용자 선택). 세트 수 그대로, 증량 판정은 앞 세트로만. +60초는 O열] | L6: 덤벨 레터럴 (머신 없을 때 — 몸 옆이 아니라 살짝 앞) / 케이블 레터럴 양팔 크로스 | O6: 60
A7: 2 | B7: 와이드 그립 케이블 업라이트 로우 | C7: 삼각근(측면) | D7: 15 | E7: 3 | F7: 12~15 | G7: 40 | H7: 75 | I7: =IF(E7=0,0,ROUND((E7*(G7+H7)+O7)/60,1)) -> 5.8 | J7: 승모(상부) | K7: 레이즈 계열과 달리 팔꿈치를 굽힌 채 당기는 궤적이라 측면의 다른 섬유가 동원되고, 승모 상부가 같이 온다 (승모 상부는 사이클당 3세트로 하한 미달이라 이 겸용이 값을 한다). 그립은 어깨너비보다 넓게, 팔꿈치는 가슴 높이까지만 — 좁은 그립으로 턱까지 올리면 견봉하 공간이 좁아진다. | L7: EZ바 와이드 업라이트 로우 / 스미스 업라이트 로우 / 케이블 Y 레이즈 (충돌이 느껴질 때)
A8: 3 | B8: 케이블 리버스 플라이 | C8: 삼각근(후면) | D8: 12~15 | E8: 3 | F8: 12~15 | G8: 40 | H8: 70 | I8: =IF(E8=0,0,ROUND((E8*(G8+H8)+O8)/60,1)) -> 5.5 | J8: 중부승모·능형근 | K8: 팔을 편 채 수평으로만 벌린다. 케이블이라 수축 지점에서도 장력이 유지된다. 팔꿈치가 어깨선을 크게 지나가면 후면 삼각근에서 능형근으로 넘어간다. | L8: 리버스 펙덱 (2일차와 같은 머신이면 그립만 바꿔 각도를 나눈다) / 벤트오버 케이블 크로스
A9: 4 | B9: 리어 델트 로우 (로프) | C9: 삼각근(후면) | D9: 20 | E9: 3 | F9: 12~15 | G9: 40 | H9: 80 | I9: =IF(E9=0,0,ROUND((E9*(G9+H9)+O9)/60,1)) -> 6 | J9: 중부승모·능형근 | K9: 팔꿈치를 어깨 높이로 벌린 채 당긴다. 4·5번이 팔을 편 수평 외전이라면 이쪽은 굽힌 채 당기기라 모멘트암과 동원 섬유가 다르다 — 한 세션에 후면 9세트를 넣으면서 자극이 겹치지 않게 하는 축이 이것이다. 팔꿈치가 몸통 옆으로 붙으면 광배 로우가 된다. | L9: 와이드 그립 시티드 케이블 로우 (팔꿈치 벌려) / 페이스풀 (외회전까지 포함) / 머신 로우 와이드 그립
A10: 5 | B10: 오버헤드 슈러그(스미스) | C10: 승모(하부) | D10: 20 | E10: 3 | F10: 12~15 | G10: 40 | H10: 60 | I10: =IF(E10=0,0,ROUND((E10*(G10+H10)+O10)/60,1)) -> 5 | K10: [2026-09-05 6일차 → 4일차 이동] 6·7일차 이틀 연속이던 승모 하부를 4·7·9일차(3/2/5일)로 폈다. 스미스에서 하므로 바로 뒤 인클라인 스미스와 같은 기구 — 벤치만 넣으면 된다. [2026-09-04 신설] 승모 하부는 실질 4.5로 가장 크게 모자랐다. 7일차에 같은 종목이 3세트 있었지만 사이클당 1회뿐이었고, 여기와 9일차를 더해 3회로 만들었다. 견갑 상방회전 — 팔을 머리 위에 둔 채 으쓱한다. | L10: 오버헤드 케이블 슈러그 / 프론 Y 레이즈
A11: 6 | B11: 인클라인 벤치프레스(스미스) | C11: 흉근(상부) | D11: 30 | E11: 3 | F11: 8~12 | G11: 40 | H11: 150 | I11: =IF(E11=0,0,ROUND((E11*(G11+H11)+O11)/60,1)) -> 9.5 | J11: 삼두 · 삼각근(전면) | K11: [2026-09-05 2일차 → 4일차 이동] 이 날 유일한 프레스라 벤치·딥스 뒤 세 번째로 치던 때보다 신선하다 — 중량을 2일차 시절보다 올려 잡아도 된다. 레이즈 6세트 뒤에 두는 이유는 9일차 머신 숄더 프레스와 같다: 앞에 두면 프레스 피로로 레이즈 중량이 눌린다. 복합관절이라 뒤의 플라이 두 종목 앞이다. [2026-09-04 신설 당시] 흉근 상부 7세트를 플라이 하나로 채우던 것을 프레스 3 + 플라이 4로 나눴다. 플라이는 늘어난 구간에서 벌리는 자극, 프레스는 중량을 실을 수 있는 축 — 상부 흉근을 한 종류로만 때리지 않는다. 2일차 인클라인 플라이 · 7일차 인클라인 머신과 함께 흉근 상부 사이클당 3회. | L11: 인클라인 바벨 벤치프레스 / 인클라인 덤벨 프레스 / 인클라인 벤치프레스 머신
A12: 7 | B12: 펙덱 플라이 | C12: 흉근(중하부) | D12: 25~30 | E12: 3 | F12: 10~12 | G12: 40 | H12: 90 | I12: =IF(E12=0,0,ROUND((E12*(G12+H12)+O12)/60,1)) -> 7.5 | J12: 삼각근(전면) | K12: [2026-09-04 신설] 프레싱 두 종목을 끝내고 고립으로 마무리하는 자리. 팔꿈치 각도를 고정한 채 어깨 수평 내전만 — 굽혔다 펴면 프레스가 된다. 첫날은 25kg으로 10~12회가 실패 2~3회 안에 들어오는지 보고 맞춘다. 이 종목을 넣어 흉근 합산이 주당 환산 24.1이 됐다(천장 20 초과) — 사용자가 알고 선택한 것이며, 세트 질이 떨어지면 2일차 디클라인 케이블 플라이 3세트를 먼저 뺀다. [2026-09-07 마지막 세트 드롭 2단 — 실패 뒤 쉬지 않고 핀 20~30% 내려 두 번. 세트 수 그대로, 증량 판정은 앞 세트로만. +60초는 O열] | L12: 케이블 크로스오버 / 플랫 벤치 덤벨 플라이 (가동범위 ↑) / 머신 체스트 플라이 | O12: 60
A13: 8 | B13: 바벨 컬 | C13: 이두 | D13: 20~25 | E13: 3 | F13: 8~12 | G13: 40 | H13: 70 | I13: =IF(E13=0,0,ROUND((E13*(G13+H13)+O13)/60,1)) -> 5.5 | J13: 전완 | K13: 밀기 날에 이두를 넣는 이유는 1일차 푸쉬다운과 같다 — 이 세션에서 이두는 전혀 안 쓰이므로 완전히 신선하다. 이두 직접이 6 → 9세트, 사이클당 2회 → 3회가 된다 (2일차 · 6일차 · 9일차, 간격 3-3-2일). 6일차 프리쳐(반동 차단 · 짧아진 구간) · 9일차 인클라인(늘어난 구간)과 달리 여기는 선 자세 전 구간이라 무게를 가장 많이 건다. 반동 쓰지 말 것 — 상체를 뒤로 젖히면 이두가 아니라 기립근 종목이 된다. 팔꿈치는 몸통 옆에 고정. [2026-08-28 추가 — 1일차에 0세트로 접혀 있던 종목을 이 자리로 되살린 것] | L13: EZ바 컬 (손목이 편함) / 케이블 바 컬 (전 구간 장력 유지) / 머신 컬 / 덤벨 컬 양팔 동시
A14: 9 | B14: 리버스 리스트익스텐션 컬(손등 아래) | C14: 전완 | D14: 15 | E14: 4 | F14: 15 | G14: 40 | H14: 60 | I14: =IF(E14=0,0,ROUND((E14*(G14+H14)+O14)/60,1)) -> 6.7 | K14: [2026-09-05 9일차 → 4일차 이동] 신근(리스트 컬 손등 위)은 9일차로 가서 대항쌍이 날을 나눠 갖는다. 전완 4일차 8 · 9일차 3. 손목 굴근. 1일차 리버스와 대항쌍 [v17 감량 4→3 — 전완 실질 8로 자체 하한 유지] | L14: 덤벨 리스트 컬 (한 손씩) / 케이블 리스트 컬 / 비하인드백 리스트 컬
A15: 10 | B15: 리버스컬 | C15: 전완 | D15: 15 | E15: 4 | F15: 10~15 | G15: 40 | H15: 70 | I15: =IF(E15=0,0,ROUND((E15*(G15+H15)+O15)/60,1)) -> 7.3 | J15: 이두(상완근) | K15: [2026-09-05 9일차 → 4일차 이동] 바벨 컬(뒤침) 바로 뒤에 엎침 그립으로 — 같은 굴곡 패턴을 다른 축으로. 오버핸드(엎침) 그립 컬 — 상완요골근·상완근이 주동이다. 언더핸드 프리쳐 컬(#5)과 그립을 나눠 같은 굴곡 패턴을 다른 축으로 친다. 손목은 중립으로 고정하고 반동 금지 — 손목을 위로 꺾으면 리스트 컬(#6)이 되고 상완요골근에서 빠진다. 회외가 없어 이두가 짧아진 자리에서 힘을 못 쓰므로 언더핸드 컬보다 30~40% 가벼운 것이 정상이다. #7 자리인 이유: 그립을 쓰는 종목이라 컬 계열 바로 뒤에 붙이고, 스트랩을 쓰는 트랩바 슈러그를 뒤로 보낸다. [2026-08-28 추가 — 전완 직접 6→9세트] | L15: EZ바 리버스 컬 (손목 부담 ↓ — 1순위) / 케이블 리버스 컬 (수축 지점까지 장력 유지 · 핀 단위 미세 증량) / 리버스 프리쳐 컬 (반동 차단) / 해머 컬 (중립 그립 — 상완요골근 같은 계열이나 자극 각도가 다르다)
A16: 11 | B16: 카프 레이즈 (스탠딩) | C16: 종아리 | D16: 10 | E16: 4 | F16: 12~15 | G16: 40 | H16: 75 | I16: =IF(E16=0,0,ROUND((E16*(G16+H16)+O16)/60,1)) -> 7.7 | K16: [2026-09-05 6일차 → 4일차 이동] 6일차 자리를 힙 외전에 내주고 왔다. 종아리 1·4·8일차(3일/4일/3일). 같은 날 시티드 카프 2세트와 비복근·가자미근으로 나뉜다. 무릎 편 상태 — 비복근 주도. 8일차 시티드(가자미근)와 역할이 다르다 | L16: 스탠딩 카프 레이즈 머신 / 레그 프레스 발판 끝에서 / 스미스 카프 레이즈
D17: 세트 합계 | E17: =SUM(E6:E16) -> 36 | I17: =ROUND(SUM(I6:I16),0) -> 73
F18: 랫풀다운 3세트/ 그립 변경 3세트 추가
A19: 4일차 원칙
A20: · 2026-09-04 4-1-4-1 전환으로 신설. 옛 8일차 어깨 40세트를 A/B로 나누고 1·2일차에서 삼두 · 이두 · 전완을 가져왔다. 세트는 한 개도 안 늘었다 — 총량 예산 239 안에서 자리만 옮긴 것이다.
A21: · 시간 균등화(같은 날)로 흉근 플라이 2종(디클라인 케이블 · 펙덱)이 2·7일차에서 왔다. 벤치 이틀 뒤 고립 6세트 — 흉근이 2·4·7일차 셋으로 흩어진다. "볼륨을 여러 날로 흩는 쪽이 낫지만 자리가 없었다"던 그 자리가 생긴 것이다.
A22: · 3일차 스쿼트 다음 날이자 5일차 휴식 앞. 척추 부하 0 — 이 자리에 있는 이유다.
A23: · 실패지점 1~2회 남기고 멈춘다. 세트 간 휴식 60~80초. 메인 리프트 없음 — 볼륨을 채우는 날이지 무게를 올리는 날이 아니다.
A24: · 측면 · 후면 · 이두 · 전완이 9일차와 5일 간격으로 두 번 온다. [2026-09-05] 삼두 푸쉬다운은 2일차(벤치 날 마지막)로 갔다 — 삼두 직접은 2일차 4 · 9일차 4, 간격 7일/3일로 비대칭이 됐다. 대신 이 날 인클라인 스미스 4세트가 벤치 이틀 뒤 두 번째 프레스로 온다.
A25: · 바벨 컬은 2일차 밀기에서 왔다. "당기기 뒤 지친 이두를 피한다"는 원래 이유는 팔 전용일이 생기며 해소됐고, 2일차는 82분 → 76분으로 시간 상한 안에 들어왔다.
A26: · 이너·아우터 타이는 겸용 머신 슈퍼세트(A). 3일차와 같은 방식이고, 옛 8일차에서 그대로 옮겨 왔다.
A27: 되돌리는 법 [2026-09-05 9일차로 이동]
A28: · E열을 0으로 내리면 회색으로 접히고 합계 · 세트검산에서 빠진다. 다만 그 세트는 예산에서 사라지는 게 아니라 어딘가로 돌아가야 한다 — 잔여 예산이 양수로 뜨면 그 신호다.
A30: 이동 (2026-09-05)
A31: · 이너·아우터 타이 슈퍼세트와 리스트 컬(손등 위)이 9일차로, 디클라인 케이블 플라이가 7일차로 갔다. 9일차에서 리버스 리스트 컬·리버스컬·시티드 카프가 왔다. 31세트 · 약 62분 — 스쿼트 다음 날인 이 날에서 하체 고립을 뺀 것이라 가장 가벼운 날이 됐다. 척추 부하 0은 그대로.
... A38: · 머신 레터럴 레이즈 마지막 세트에도 드롭 2단, +60초 (사용자 선택, 2026-09-07 추가). 측면 두 번째 자리 — 2일차 레터럴과 이틀 간격이지만 측면은 회복이 빠르다. 4일차 드롭은 둘, 약 73분.

Sheet D6_당기기B
A1: 6일차 — 당기기 B (수평)
A2: 로우 · 견갑골 후인 · 이두 · 전완. 1일차 당기기 A(수직)와 각도를 나눈다. [2026-09-05] 스탠딩 카프는 4일차로, 중량 크런치는 7일차로 갔고 9일차 케이블 힙 외전이 왔다. 약 72분. 오버헤드 슈러그는 4일차로 가고 4일차 시티드 카프 2세트가 왔다 — 약 71분. 원암 로우·프리쳐 컬·스캡 슈러그 마지막 세트 드롭 +4분 — 약 76분 (2026-09-07).
A3: 웜업 — 밴드 풀 어파트 2세트 × 15 (세트 카운트 제외): 가볍게, 견갑골 후인 프라이밍. 대체: 케이블 스캡 로우 / 아주 가벼운 페이스풀.
A4: 운동 구성
A5: # | B5: 종목 | C5: 근육군 | D5: 중량(Kg) | E5: 세트 | F5: 횟수 | G5: 수행(초) | H5: 휴식(초) | I5: 종목 분 | J5: 간접 자극 | K5: 메모 | L5: 대체 종목 | M5: 세트별 휴식(초) | N5: 슈퍼세트 | O5: 드롭(초)
A6: 1 | B6: 해머 스트랭스 로우(오버그립) | C6: 승모(중부)·능형근 | D6: 45 | E6: 4 | F6: 8~10 | G6: 40 | H6: 150 | I6: =IF(E6=0,0,ROUND((E6*(G6+H6)+O6)/60,1)) -> 12.7 | J6: 중부승모·이두 | K6: 수평 당기기 메인. 가슴이 받쳐져 허리 부담이 없다. 그립은 넓게 · 팔꿈치는 벌려서 — 견갑 후인이 주동이라 능형근·중부승모로 계상하고 광배는 협력근이다(간접 0.5). [2026-09-04 라벨 정정: 광배 → 승모(중부)·능형근. 세트 수는 그대로 4] | L6: 체스트 서포티드 로우 / 티바 로우 / 펜들레이 로우 (척추 부하 ↑) / 바벨 로우
A7: 2 | B7: 시티드 케이블 로우 | C7: 광배 | D7: 47 | E7: 2 | F7: 8~12 | G7: 40 | H7: 150 | I7: =IF(E7=0,0,ROUND((E7*(G7+H7)+O7)/60,1)) -> 6.3 | J7: 중부승모·이두 | K7: 해머 로우와 역할을 나눈다 — 해머는 넓은 그립·팔꿈치 벌려 상부등, 이쪽은 좁은 그립·팔꿈치 붙여 광배. 이 날 광배 직접 종목은 이것과 3번 원암 로우뿐이다. [2026-09-05 5→3] 뒤 2세트를 원암 케이블 로우로 나눴다 (사용자 요청). | L7: 원암 케이블 로우 (좌우 독립) / 덤벨 로우 / 머신 로우
A8: 3 | B8: 원암 케이블 로우 | C8: 광배 | D8: 20 | E8: 2 | F8: 8~12 (좌우) | G8: 80 | H8: 150 | I8: =IF(E8=0,0,ROUND((E8*(G8+H8)+O8)/60,1)) -> 9.7 | J8: 중부승모·이두 | K8: [2026-09-05 신설] 시티드 케이블 로우 5세트를 양팔 3 + 원암 2로 나눴다 (사용자 요청). 같은 로우 스테이션에서 바를 D핸들로 바꿔 한 팔씩 — 팔꿈치를 몸통에 붙이고, 당기는 쪽으로 몸통을 살짝 돌려 광배 수축을 끝까지 가져간다(반대 손은 기구를 잡아 몸통을 고정). 좌우를 따로 세니 약한 쪽이 강한 쪽에 묻히지 않는다. 세트 수는 좌우 한 번씩을 1세트로 센다(수행 80초 = 40초 × 2). 무게는 양팔의 절반에서 시작해 약한 쪽 기준으로 올린다. 광배 직접 세트는 이 날 5 그대로. 4번 스캡 슈러그는 이 뒤에 바를 다시 걸고 이어서 한다. [2026-09-07 마지막 세트 드롭 2단 — 실패 뒤 쉬지 않고 20~30% 내려 두 번. 한쪽을 끝까지 내려간 뒤 반대쪽. 몸통이 돌아가거나 팔로 당기기 시작하면 그 자리에서 끝. 세트 수 그대로, 증량 판정은 첫 세트로만. +120초는 O열] | L8: 원암 덤벨 로우 (벤치 지지) / 원암 머신 로우 (해머 스트랭스 한 팔씩) / 시티드 케이블 로우 5세트로 합치기 | O8: 120
A9: 4 | B9: 시티드 케이블 로우 스캡 슈러그(두번째 크기 바) | C9: 승모(중부)·능형근 | D9: 32 | E9: 4 | F9: 12~15 | G9: 40 | H9: 60 | I9: =IF(E9=0,0,ROUND((E9*(G9+H9)+O9)/60,1)) -> 7.7 | J9: 후면 삼각근 | K9: 2번 시티드 케이블 로우와 같은 스테이션 — 3번 원암 로우 뒤에 바를 다시 걸고 무게만 내려 이어서 한다 (자리 이동 없음). 팔꿈치 각도를 세트 내내 고정하고 견갑골만 뒤로 — 가동범위 2~3cm, 모은 자리에서 1초 정지. 상체를 뒤로 눕히면 하부 승모 각도가 되고, 팔을 당기면 광배로 넘어간다. 케이블이라 수축 지점에서도 장력이 유지되고 핀 단위 미세 증량이 된다 (플레이트 로드 머신은 이 무게대에서 계단이 너무 큼). [2026-09-07 마지막 세트 드롭 2단 — 실패 뒤 쉬지 않고 핀 20~30% 내려 두 번. 지치면 팔로 당겨 로우가 되는데 그래도 등 상부라 손해가 작다. 세트 수 그대로, 증량 판정은 앞 세트로만. +60초는 O열] | L9: 해머 스트랭스 로우에서 팔 편 채 견갑골만 — 가슴 패드가 상체를 고정해줘 자세 잡기는 더 쉬우나 무게 미세 조정이 어렵다 / 리버스 펙덱을 팔 편 채로 / 켈소 슈러그 (받침 벤치가 있을 때) | O9: 60
A10: 5 | B10: 케이블 리버스 플라이 | C10: 삼각근(후면) | D10: 12~15 | E10: 0 | F10: 12 | G10: 40 | H10: 70 | I10: =IF(E10=0,0,ROUND((E10*(G10+H10)+O10)/60,1)) -> 0 | J10: 중부승모·능형근 | K10: 후면 삼각근은 프레스로 자라지 않는다 — 반드시 별도로 센다 [v17 제외 — 후면은 2일차 4 · 7일차 3 · 9일차 9로 사이클당 3회 16세트 — 이 행은 그 재편으로 비워둔 자리다] | L10: 리버스 펙덱 (자세 유지가 쉬워 사실상 상위 호환) / 페이스풀 / 인클라인 벤치 리어델트 레이즈
A11: 6 | B11: 프리쳐 컬 | C11: 이두 | D11: 30 | E11: 4 | F11: 8~12 | G11: 40 | H11: 70 | I11: =IF(E11=0,0,ROUND((E11*(G11+H11)+O11)/60,1)) -> 8.3 | J11: 전완 | K11: 반동이 차단되는 종목. 인클라인(9일차)과 각도를 나눈다 [2026-09-07 마지막 세트 드롭 2단 — 실패 뒤 쉬지 않고 20~30% 내려 두 번. 팔꿈치가 패드에 고정돼 지쳐도 자세가 남는 종목이라 이두 드롭은 여기 한 곳. 세트 수 그대로, 증량 판정은 앞 세트로만. +60초는 O열] | L11: EZ바 프리처 컬 / 머신 프리처 컬 / 컨센트레이션 컬 | O11: 60
A12: 7 | B12: 트랩바 슈러그 | C12: 승모(상부) | D12: 15 | E12: 4 | F12: 10~12 | G12: 40 | H12: 90 | I12: =IF(E12=0,0,ROUND((E12*(G12+H12)+O12)/60,1)) -> 8.7 | J12: 전완 · 기립근 | K12: 몸 옆에서 잡는 중립 그립이라 견갑골이 전인되지 않는다 — 바벨(몸 앞)보다 승모 상부 섬유 방향에 맞고 가동범위도 더 나온다. 어깨를 위로만, 돌리지 말 것 (회전은 가동범위를 늘리는 게 아니라 견봉하 공간만 좁힌다). 맨 위에서 1초 정지 — 정지 없이 하면 반동으로 끝난다. 턱은 당기고 목은 중립 (목을 앞으로 빼면 경추 신전근이 일한다). 그립이 승모보다 먼저 나가므로 스트랩 권장 — 전완은 이미 주 7세트 직접으로 충족돼 여기서 그립을 훈련할 이유가 없다. #8 자리인 이유: 앞의 로우 7세트 + 스캡 슈러그로 그립이 지쳐 있어 프리쳐 컬·리스트 컬보다 뒤에 와야 연쇄 피해가 없다. 7일차 오버헤드 슈러그(승모 하부·상방회전)와는 다른 근육이므로 대체가 아니라 추가다. | L12: 덤벨 슈러그 (트랩바 없을 때 — 몸 옆 그립 동일) / 스미스 슈러그 (궤도 고정) / 바벨 슈러그 (몸 앞이라 가동범위 약간 손해) / 케이블 슈러그
A13: 8 | B13: 시티드 카프 레이즈 | C13: 종아리 | D13: 8 | E13: 2 | F13: 12~15 | G13: 40 | H13: 75 | I13: =IF(E13=0,0,ROUND((E13*(G13+H13)+O13)/60,1)) -> 3.8 | K13: [2026-09-05 4일차 → 6일차 이동] 오버헤드 슈러그에 자리를 내주고 왔다. 종아리 1·4·6·8일차(3/2/2/3일) — 4일차 스탠딩(비복근)과 6·8일차 시티드(가자미근)는 다른 근육이라 이틀 간격이 겹치지 않는다. [2026-09-05 9일차 → 4일차 이동] 종아리 1·4·6·8일차. [2026-09-04 신설] 무릎 굽힌 상태 — 가자미근. 1일차 스탠딩(비복근)과 각도를 나눈다. 8일차에 같은 종목이 4세트 있고 여기 2세트를 더해 종아리를 주당 10으로 올린다. | L13: 레그 프레스 카프 / 스탠딩 카프 (기계가 찼을 때)
A14: 9 | B14: 케이블 힙 외전 | C14: 중둔근 | D14: 10 | E14: 3 | F14: 12~15 (좌우) | G14: 80 | H14: 75 | I14: =IF(E14=0,0,ROUND((E14*(G14+H14)+O14)/60,1)) -> 7.8 | K14: [2026-09-05 9일차 → 6일차 이동] 중둔근을 3·6·9일차 3일/3일/4일 간격으로 펴려고 — 스쿼트·데드 다음 날 어느 쪽에도 엉덩이 고립을 두지 않는 자리는 여기뿐이다. 서서 하는 케이블이라 척추 부하 0, 데드 이틀 전. 백 익스텐션(옆 체육관) 앞 마지막 본관 종목. 관상면 외전 — 고관절 날로 복귀 (v18). 5일 버전 8일차 과부하 때문에 3일차로 갔던 종목이나 그 사유 소멸. 앉는 시간이 길면 대둔근보다 중둔근이 먼저 잠든다. (이 자리의 트렁크 로테이션은 v17 제외 — 복부 직접 8 유지) | L14: 밴드 몬스터 워크 / 사이드 라잉 힙 외전 / 힙 어브덕션 머신
A15: 10 | B15: 백 익스텐션 (45도) | C15: 기립근 | D15: 맨몸 | E15: 3 | F15: 12~15 | G15: 40 | H15: 60 | I15: =IF(E15=0,0,ROUND((E15*(G15+H15)+O15)/60,1)) -> 5 | K15: [2026-09-04 순서 변경] 기구가 옆 체육관에 있어 세션 맨 마지막으로 내렸다 — 본 체육관 일을 전부 끝내고 이동한다. 앞으로 종목을 추가할 때 이 뒤에 붙이지 말 것. 45도 백 익스텐션, 이 프로그램의 원래 설계 종목이었는데 기구를 못 써서 덤벨 RDL로 대체해 뒀던 것을 되돌렸다. **척추 신전을 강조해서 한다** — 등을 편 채 고관절만 접는 힌지식으로 하면 둔근·햄스트링이 주동근이 되고 기립근은 버티기만 한다. 옆 체육관까지 갔는데 그러면 헛걸음이다. | L15: 원판 5~10kg 안고 (맨몸이 쉬워지면) / 굿모닝(스미스) / 덤벨 루마니안 데드리프트
D16: 세트 합계 | E16: =SUM(E6:E15) -> 28 | I16: =ROUND(SUM(I6:I15),0) -> 70
A17: 이동 (2026-09-05)
A18: · 스탠딩 카프 → 4일차, 중량 크런치 → 7일차, 9일차 케이블 힙 외전이 8번(백 익스텐션 앞)으로 왔다. 중둔근 3·6·9일차 — 스쿼트·데드 다음 날에는 엉덩이 고립이 없다. 31세트 · 약 72분, 가장 길던 날(77분)이 내려왔다.
A19: · 오버헤드 슈러그 → 4일차, 4일차 시티드 카프 2세트가 8번(힙 외전 앞)으로 왔다. 6·7일차 이틀 연속이던 승모 하부가 풀렸다. 30세트 · 약 71분.
A20: · 시티드 케이블 로우 5 → 양팔 3 + 원암 2 (사용자 요청). 3번 원암 케이블 로우를 새로 두고 스캡 슈러그부터 번호가 하나씩 밀렸다. 광배 직접 세트는 5 그대로 · 30세트 · 약 72분.
A22: 드롭 세트 (2026-09-07)
A23: · 원암 로우(+120초 · 편측) · 프리쳐 컬(+60초) 마지막 세트에 드롭 2단 (사용자 요청). 원암 로우는 몸통이 돌아가거나 팔로 당기기 시작하면 그 자리에서 끝 — 지친 상태에서 광배가 빠지기 가장 쉬운 종목이다. 이두 드롭은 여기 한 곳이다. 9일차 인클라인 컬은 이틀 뒤 1일차 친업 때문에 직선으로 둔다.
A24: · O열 '드롭(초)'는 마지막 세트에 더해지는 시간이다. I열 종목 분에 합산되고, 앱 타이머는 마지막 세트를 그만큼 늘린 뒤 '드롭세트'라고 읊는다. E열 세트 수와 세트검산은 건드리지 않는다.
A25: · 스캡 슈러그 마지막 세트에도 드롭 2단, +60초 (사용자 요청, 2026-09-07 추가). 핀 스택 단관절이고 그날 승모 중부 마지막 종목이다. 지치면 팔로 당겨 로우가 되는데 그래도 등 상부라 손해가 작다. 6일차 드롭은 셋, 약 76분.

Sheet D7_밀기B
A1: 7일차 — 밀기 B (수직)
A2: 오버헤드 프레싱 · 흉근 상부 · 어깨 측면/후면. 벤치(2일차)와 5일 간격이라 무게가 온전히 나온다. [2026-09-05] 4일차 디클라인 케이블 플라이 3세트가 왔다 — 흉근 9세트(헤머 · 인클라인 머신 · 디클라인). 6일차 중량 크런치 3세트도 마지막에 왔다 — 약 72분. 디클라인 플라이 마지막 세트 드롭 +1분 — 약 73분 (2026-09-07).
A4: 메인: 밀리터리 프레스
A5: 중량(Kg) | B5: 반복 | C5: 세트
A6: =MAX(20,(MROUND(시작중량_설정!$E$10*0.4,1)+(MOD(MROUND(시작중량_설정!$E$10*0.4,1),5)=4))) -> 20 | B6: 5 | C6: 2
A7: =IF(MAX(20,(MROUND(시작중량_설정!$E$10*0.6,1)+(MOD(MROUND(시작중량_설정!$E$10*0.6,1),5)=4)))<=MAX(20,(MROUND(시작중량_설정!$E$10*0.4,1)+(MOD(MROUND(시작중량_설정!$E$10*0.4,1),5)=4))),"생략",MAX(20,(MROUND(시작중량_설정!$E$10*0.6,1)+(MOD(MROUND(시작중량_설정!$E$10*0.6,1),5)=4)))) -> 생략 | B7: 5 | C7: 1
A8: =IF(MAX(20,(MROUND(시작중량_설정!$E$10*0.75,1)+(MOD(MROUND(시작중량_설정!$E$10*0.75,1),5)=4)))<=MAX(20,(MROUND(시작중량_설정!$E$10*0.6,1)+(MOD(MROUND(시작중량_설정!$E$10*0.6,1),5)=4))),"생략",MAX(20,(MROUND(시작중량_설정!$E$10*0.75,1)+(MOD(MROUND(시작중량_설정!$E$10*0.75,1),5)=4)))) -> 생략 | B8: 3 | C8: 1
A9: =IF(MAX(20,(MROUND(시작중량_설정!$E$10*0.9,1)+(MOD(MROUND(시작중량_설정!$E$10*0.9,1),5)=4)))<=MAX(20,(MROUND(시작중량_설정!$E$10*0.75,1)+(MOD(MROUND(시작중량_설정!$E$10*0.75,1),5)=4))),"생략",MAX(20,(MROUND(시작중량_설정!$E$10*0.9,1)+(MOD(MROUND(시작중량_설정!$E$10*0.9,1),5)=4)))) -> 23 | B9: 2 | C9: 1
A10: =시작중량_설정!$E$10 -> 26 | B10: 5 | C10: 3
A11: ↑ '시작중량_설정'과 자동 연동. 20 = 빈 봉. '생략'은 앞 세트와 중량이 겹쳐 불필요하다는 뜻.
A13: 웜업 — 회전근개 (세트 카운트 제외)
A14: · 케이블 외회전 2세트 × 12~15회. 팔꿈치 90도로 접어 옆구리에 붙이고 바깥으로만 회전.
A15: · 매우 가볍게 — 2.5~5kg. 무거우면 광배와 후면 삼각근이 대신 일하며 목적을 잃는다.
A16: · 근비대 항목이 아니라 관절 준비 항목이므로 세트 합계에 넣지 않는다.
A18: 운동 구성
A19: # | B19: 종목 | C19: 근육군 | D19: 중량(Kg) | E19: 세트 | F19: 횟수 | G19: 수행(초) | H19: 휴식(초) | I19: 종목 분 | J19: 간접 자극 | K19: 메모 | L19: 대체 종목 | M19: 세트별 휴식(초) | N19: 슈퍼세트 | O19: 드롭(초)
A20: 1 | B20: 밀리터리 프레스 (본세트) | C20: 삼각근(전면) | D20: =시작중량_설정!$E$10 -> 26 | E20: 3 | F20: 5 | G20: 30 | H20: 180 | I20: =IF(E20=0,0,ROUND((E20*(G20+H20)+O20)/60,1)) -> 10.5 | J20: 삼두 · 삼각근(측면) | K20: 벤치와 5일 간격 — 5일 버전의 "전날 벤치 여파" 문제가 사라진 자리. 팔꿈치 다 내리지 말 것 | L20: 스미스 오버헤드 프레스 / 숄더 프레스 머신 / 덤벨 숄더 프레스 (가동범위 ↑) / 아놀드 프레스 | M20: 165/180/195
A21: 2 | B21: 머신 숄더 프레스 | C21: 삼각근(전면) | D21: 25 | E21: 3 | F21: 12 | G21: 40 | H21: 120 | I21: =IF(E21=0,0,ROUND((E21*(G21+H21)+O21)/60,1)) -> 8 | J21: 승모 · 삼각근(측면) | K21: 주동은 전면이나 오버헤드라 측면도 상당히 쓴다. 그립 넓게 — 좁으면 승모가 대신 일한다 | L21: 덤벨 숄더 프레스 / 스미스 오버헤드 프레스 / 아놀드 프레스
A22: 3 | B22: 오버헤드 슈러그(스미스) | C22: 승모(하부) | D22: 20 | E22: 3 | F22: 12~15 | G22: 40 | H22: 60 | I22: =IF(E22=0,0,ROUND((E22*(G22+H22)+O22)/60,1)) -> 5 | J22: 전거근 | K22: 머신 숄더 프레스 직후 — 오버헤드 각도가 이미 나와 있어 세팅 이동이 없다. 팔꿈치 편 채 견갑골만 2~3cm 위로. 팔꿈치가 굽으면 그건 프레스지 슈러그가 아니다 | L22: 스미스 오버헤드 슈러그 (1순위 — 궤도 고정으로 안정화 부담 없음) / 숄더 프레스 머신에서 팔 편 채 밀어올리기 / 덤벨 오버헤드 슈러그 (좌우 독립이나 안정화가 먼저 한계에 닿는다) / 케틀벨 보텀업 홀드
A23: 4 | B23: 헤머스트랭스 체스트 프레스 | C23: 흉근(중하부) | D23: 25 | E23: 3 | F23: 8~12 | G23: 40 | H23: 150 | I23: =IF(E23=0,0,ROUND((E23*(G23+H23)+O23)/60,1)) -> 9.5 | J23: 삼두 | K23: 좌우 독립 + 궤도 고정. 벤치(2일차)가 수평 메인이므로 여기선 보조 볼륨 [v17 제외 — 흉근 합산 천장(19→16) 감량, 벤치·딥스·인클라인이 담당] | L23: 케이블 체스트 프레스 (전 구간 장력) / 덤벨 프레스 (가동범위 ↑) / 스미스 벤치는 대체 불가
A24: 5 | B24: 인클라인 벤치프레스 머신 | C24: 흉근(상부) | D24: 35 | E24: 3 | F24: 8~10 | G24: 40 | H24: 150 | I24: =IF(E24=0,0,ROUND((E24*(G24+H24)+O24)/60,1)) -> 9.5 | J24: 삼두·전면삼각 | K24: 쇄골지. 오버헤드 프레싱과 각도가 이어져 세팅 이동이 적다 [2026-09-04 4→6] 흉근 상부 보강. 2일차 인클라인 플라이와 짝. | L24: 인클라인 스미스 프레스 / 인클라인 덤벨 프레스 (가동범위 ↑) / 인클라인 체스트 프레스 머신
A25: 6 | B25: 디클라인 케이블 플라이 | C25: 흉근(중하부) | D25: 10 | E25: 3 | F25: 8~12 | G25: 40 | H25: 90 | I25: =IF(E25=0,0,ROUND((E25*(G25+H25)+O25)/60,1)) -> 7.5 | K25: [2026-09-05 4일차 → 7일차 이동 — 사용자 요청] 흉근 중하부 고립. 헤머 체스트·인클라인 머신 두 프레스 뒤 마무리 자리다. 위에서 아래로 내리는 궤적이라 하부 섬유 비중이 크고, 케이블이라 수축 지점에서도 장력이 유지된다. 흉근 합산이 천장(20)을 넘어 있어 세트 질이 떨어지면 먼저 빼는 후보가 이 3세트다. [이력] 이 행은 v18 전 삼두 종목 자리였고, 2026-09-04 2일차 → 4일차, 오늘 7일차로 왔다. [2026-09-07 마지막 세트 드롭 2단 — 실패 뒤 쉬지 않고 핀 20~30% 내려 두 번. 팔을 굽혀 프레스처럼 밀기 시작하면 끝. 4일차 펙덱과 3일 간격. 세트 수 그대로, 증량 판정은 앞 세트로만. +60초는 O열] | L25: 케이블 크로스오버 (위→아래) / 디클라인 덤벨 플라이 / 펙덱 플라이 (시트를 높여 하부 각) | O25: 60
A26: 7 | B26: 벤트오버 레터럴 레이즈 머신 | C26: 삼각근(후면) | D26: 15 | E26: 3 | F26: 12~15 | G26: 40 | H26: 70 | I26: =IF(E26=0,0,ROUND((E26*(G26+H26)+O26)/60,1)) -> 5.5 | K26: 수평 외전. 2일차 리버스 펙덱 · 9일차 후면 3종목(9세트)과 함께 후면 사이클당 3회 16세트를 만든다 | L26: 리버스 펙덱 / 케이블 리버스 플라이 / 인클라인 벤치에 엎드려 덤벨 리어델트
A27: 8 | B27: 원암 사이드 케이블 레터럴 레이즈 | C27: 삼각근(측면) | D27: 5 | E27: 3 | F27: 10~12 | G27: 70 | H27: 70 | I27: =IF(E27=0,0,ROUND((E27*(G27+H27)+O27)/60,1)) -> 7 | K27: 몸을 반대로 기울여 늘어난 위치부터 부하. 덤벨 레터럴(2일차)이 못 거는 구간 | L27: 케이블 원암 레터럴 레이즈 (최우선) / 원암 레터럴 레이즈 머신
A28: 9 | B28: 프론 Y 레이즈 | C28: 승모(하부) | D28: 2~5 | E28: 3 | F28: 12~15 | G28: 40 | H28: 60 | I28: =IF(E28=0,0,ROUND((E28*(G28+H28)+O28)/60,1)) -> 5 | J28: 후면 삼각근 | K28: 벤트오버 레터럴과 같은 인클라인 벤치 — 세팅 그대로 이어서. 매우 가볍게. 오버헤드 슈러그가 상방회전, 이쪽은 하강 — 역할이 다르다 [2026-09-04 0→3] 꺼져 있던 종목을 켰다. 승모 하부가 실질 4.5로 가장 모자란데 이 종목이 0세트로 잠들어 있었다 — 새 종목을 찾기 전에 이것부터. | L28: 케이블 Y 레이즈 / 페이스풀 (마지막에 견갑골 하강) / 프론 스윔
A29: 10 | B29: 중량 크런치 | C29: 복부 | D29: 15 | E29: 3 | F29: 12 | G29: 40 | H29: 60 | I29: =IF(E29=0,0,ROUND((E29*(G29+H29)+O29)/60,1)) -> 5 | K29: [2026-09-05 6일차 → 7일차 이동] 6일차 길이를 내리고 복부를 1·3·7일차로 펴려고. 데드 전날이라 부하 건 굴곡이 이상적이진 않다 — 마지막 종목으로 가볍게, 데드 셋업에서 배에 힘이 덜 들어가면 6일차로 되돌린다. 복부 굴곡(상부). 1일차 레그레이즈(하부)와 굴곡 축을 나눈다. [2026-09-04 6→3] 한 종목을 한 세션에서 6세트 연달아 하면 뒤쪽 세트의 자극당 값이 떨어진다 — 9일차 후면삼각 9세트를 3종목으로 쪼갠 것과 같은 이유다. 뺀 3세트는 1일차 케이블 트렁크 로테이션으로 갔고 복부 총량(13 · 주당 10.1)은 그대로다. | L29: 케이블 크런치 (점진적 과부하에 최적 — 1순위) / 압도미널 크런치 머신 / 인클라인 싯업
D30: 세트 합계 | E30: =SUM(E20:E29) -> 30 | I30: =ROUND(SUM(I20:I29),0) -> 73
A31: 하부 승모 — 세 패턴 (v3)
A32: · 하부 승모의 일은 두 갈래다: 견갑골 하강, 그리고 팔이 올라갈 때의 상방회전.
A33: · 스캡 풀업(월 웜업) = 순수 하강 · 프론 Y(7일차) = 하강 + 후인 · 오버헤드 슈러그(7일차) = 상방회전.
A34: · 상방회전은 팔이 머리 위로 간 각도에서만 훈련된다 — 지금까지 프로그램에 통째로 비어 있던 패턴.
A35: · 전거근이 함께 온다. 전거근이 약하면 하부 승모를 키워도 견갑골이 제 위치로 안 간다.
A36: · 가동범위가 아주 작다. 견갑골만 2~3cm 올렸다 내리는 동작이고, 그 이상은 팔꿈치가 굽은 것이다.
A37: · 무게는 오버헤드로 안정적으로 지지할 수 있는 것보다 가볍게. 스미스나 머신 권장.
A38: · 하부 승모는 무게로 밀어붙일 수 없다. 과부하는 정지 2~3초 · 하강 3초 · 반복 수 확장으로.
A40: 이동 (2026-09-05)
A41: · 4일차 디클라인 케이블 플라이 3세트가 인클라인 머신 뒤 6번으로 왔다 — 사용자 요청. 흉근 9세트(헤머 3 · 인클라인 머신 3 · 디클라인 3). 27세트 · 약 67분.
A42: · 6일차 중량 크런치 3세트가 마지막(10번)으로 왔다. 복부 1·3·7일차. 데드 전날이라 가볍게 — 셋업에서 배 힘이 덜 들어가면 6일차로 되돌린다. 30세트 · 약 72분.
A44: 드롭 세트 (2026-09-07)
... A46: · O열 '드롭(초)'는 마지막 세트에 더해지는 시간이다. I열 종목 분에 합산되고, 앱 타이머는 마지막 세트를 그만큼 늘린 뒤 '드롭세트'라고 읊는다. E열 세트 수와 세트검산은 건드리지 않는다.

Sheet D8_하체B
A1: 8일차 — 하체 B (고관절 지배)
A2: · 힙 힌지 · 둔근. 3일차 하체 A(무릎 지배)와 5일 간격. 다음 날은 9일차 어깨 — 척추 부하가 0인 고립 세션이라 사실상 회복일이다.
A4: 메인: 데드리프트
A5: 중량(Kg) | B5: 반복 | C5: 세트
A6: =MAX(20,(MROUND(시작중량_설정!$E$8*0.4,1)+(MOD(MROUND(시작중량_설정!$E$8*0.4,1),5)=4))) -> 27 | B6: 5 | C6: 2
A7: =IF(MAX(20,(MROUND(시작중량_설정!$E$8*0.6,1)+(MOD(MROUND(시작중량_설정!$E$8*0.6,1),5)=4)))<=MAX(20,(MROUND(시작중량_설정!$E$8*0.4,1)+(MOD(MROUND(시작중량_설정!$E$8*0.4,1),5)=4))),"생략",MAX(20,(MROUND(시작중량_설정!$E$8*0.6,1)+(MOD(MROUND(시작중량_설정!$E$8*0.6,1),5)=4)))) -> 40 | B7: 5 | C7: 1
A8: =IF(MAX(20,(MROUND(시작중량_설정!$E$8*0.75,1)+(MOD(MROUND(시작중량_설정!$E$8*0.75,1),5)=4)))<=MAX(20,(MROUND(시작중량_설정!$E$8*0.6,1)+(MOD(MROUND(시작중량_설정!$E$8*0.6,1),5)=4))),"생략",MAX(20,(MROUND(시작중량_설정!$E$8*0.75,1)+(MOD(MROUND(시작중량_설정!$E$8*0.75,1),5)=4)))) -> 50 | B8: 3 | C8: 1
A9: =IF(MAX(20,(MROUND(시작중량_설정!$E$8*0.9,1)+(MOD(MROUND(시작중량_설정!$E$8*0.9,1),5)=4)))<=MAX(20,(MROUND(시작중량_설정!$E$8*0.75,1)+(MOD(MROUND(시작중량_설정!$E$8*0.75,1),5)=4))),"생략",MAX(20,(MROUND(시작중량_설정!$E$8*0.9,1)+(MOD(MROUND(시작중량_설정!$E$8*0.9,1),5)=4)))) -> 60 | B9: 2 | C9: 1
A10: =시작중량_설정!$E$8 -> 67 | B10: 5 | C10: 1
A11: ↑ '시작중량_설정'과 자동 연동. 20 = 빈 봉. '생략'은 앞 세트와 중량이 겹쳐 불필요하다는 뜻.
A13: 운동 구성
A14: # | B14: 종목 | C14: 근육군 | D14: 중량(Kg) | E14: 세트 | F14: 횟수 | G14: 수행(초) | H14: 휴식(초) | I14: 종목 분 | J14: 간접 자극 | K14: 메모 | L14: 대체 종목 | M14: 세트별 휴식(초) | N14: 슈퍼세트 | O14: 드롭(초)
A15: 1 | B15: 데드리프트 (본세트) | C15: 기립근 | D15: =시작중량_설정!$E$8 -> 67 | E15: 1 | F15: 5 | G15: 35 | H15: 240 | I15: =IF(E15=0,0,ROUND((E15*(G15+H15)+O15)/60,1)) -> 4.6 | J15: 광배·햄스트링·둔근 | K15: 사이클당 1회. 다음 날이 9일차 어깨(레터럴·리버스 플라이뿐이라 척추 부하 0)라 이 자리가 가장 안전하다. 기립근 보조는 1일차 덤벨 RDL이 맡는다. [2026-09-04 — 톱 1세트 + 백오프 2세트로 확장. 이 종목은 사이클당 5회 수행으로 +5kg를 올려 왔고, 노출 1회당 증량이 스쿼트(25회에 +5kg)의 5배였다. 5년 공백에서 폼을 다시 배우는 종목을 가장 적은 반복으로 밀고 있었다는 뜻이다. 톱세트 강도는 그대로 두고 반복 노출만 3배로 늘린다] | L15: 트랩바 데드리프트 (요추 전단력 ↓) / 랙풀 (무릎 위에서 시작) / 스모 데드리프트
A16: 2 | B16: 데드리프트 (백오프) | C16: 기립근 | D16: =시작중량_설정!$E$8-증량기록!$C$5 -> 62 | E16: 2 | F16: 5 | G16: 35 | H16: 180 | I16: =IF(E16=0,0,ROUND((E16*(G16+H16)+O16)/60,1)) -> 7.2 | J16: 광배·햄스트링·둔근 | K16: 백오프 = 톱세트 − 5kg = 직전 사이클의 톱세트 중량. 즉 모든 중량을 두 번 만난다 — 한 사이클은 톱으로 5회, 다음 사이클은 백오프로 10회. 중량 하나당 노출이 5 → 15회다. 여기는 기록이 아니라 폼 연습 자리다. 여유 있게 5회, 매 렙 셋업을 새로 잡을 것 — 무겁게 느껴지면 톱세트가 과했던 것이다. [2026-09-13 정정] 현장 복귀판에도 같은 구조를 넣었다 — 복귀_일_등에 톱 1 + 백오프 2. 복귀에서 상한인 것은 톱세트뿐이고, 백오프는 직전 사이클 중량이라 톱엔드 노출을 안 늘린다. | L16: 트랩바 데드리프트 (요추 전단력 ↓) / 랙풀 (무릎 위에서 시작) / 스모 데드리프트
A17: 3 | B17: 힙 쓰러스트 | C17: 둔근 | D17: 25 | E17: 4 | F17: 8~12 | G17: 45 | H17: 150 | I17: =IF(E17=0,0,ROUND((E17*(G17+H17)+O17)/60,1)) -> 13 | J17: 햄스트링 | K17: 둔근 메인. 무겁게. 데드 뒤라 둔근이 예열된 상태 | L17: 힙 쓰러스트 머신 / 스미스 힙 쓰러스트 / 글룻 브릿지
A18: 4 | B18: 루마니안 데드리프트 | C18: 햄스트링 | D18: 35 | E18: 3 | F18: 8 | G18: 40 | H18: 150 | I18: =IF(E18=0,0,ROUND((E18*(G18+H18)+O18)/60,1)) -> 9.5 | J18: 둔근·기립근 | K18: 고관절 신전. 3일차 레그 컬(무릎 굴곡)과 기능이 다르다 | L18: 덤벨 RDL (좌우 독립) / 스티프 레그드 데드리프트 / 케이블 풀스루 (허리 부담 최소)
A19: 5 | B19: 원 레그 컬 | C19: 햄스트링 | D19: 15 | E19: 3 | F19: 10 | G19: 80 | H19: 120 | I19: =IF(E19=0,0,ROUND((E19*(G19+H19)+O19)/60,1)) -> 10 | K19: 레그 컬의 좌우 독립 버전. 약한 쪽이 강한 쪽에 묻히지 않는다 | L19: 싱글 레그 라잉 컬 / 싱글 레그 시티드 컬 / 케이블 레그 컬
A20: 6 | B20: 레그 프레스 | C20: 대퇴사두 | D20: 120 | E20: 3 | F20: 8~12 | G20: 45 | H20: 150 | I20: =IF(E20=0,0,ROUND((E20*(G20+H20)+O20)/60,1)) -> 9.8 | J20: 둔근 | K20: 수/토 3+3 분할. 데드·힙 이후라 대퇴가 예열된 상태에서 궤도 고정으로 확실히 간다 [2026-09-07 레그 익스텐션과 자리 바꿈 — 복합을 먼저, 고립 드롭을 마지막에] | L20: 핵 스쿼트 / 레그 익스텐션 / 프론트 스쿼트 / 45도 레그 프레스
A21: 7 | B21: 레그 익스텐션 | C21: 대퇴사두 | D21: 42 | E21: 4 | F21: 10~12 | G21: 40 | H21: 120 | I21: =IF(E21=0,0,ROUND((E21*(G21+H21)+O21)/60,1)) -> 11.9 | K21: 대퇴사두 사이클당 2회를 만들기 위한 배치. 3일차 스쿼트 볼륨과 5일 간격 [2026-09-07 레그 프레스 뒤로 이동 + 마지막 세트 드롭 2단 — 실패 뒤 쉬지 않고 핀 20~30% 내려 두 번. 드롭으로 대퇴를 다 쓴 뒤 프레스를 하면 프레스 3세트가 죽어서 순서를 바꿨다. 세트 수 그대로, 증량 판정은 앞 세트로만. +75초는 O열] | L21: 싱글 레그 익스텐션 / 시시 스쿼트 / 레그 프레스 발판 높게 | O21: 75
A22: 8 | B22: 시티드 카프 레이즈 | C22: 종아리 | D22: 8 | E22: 4 | F22: 12~15 | G22: 40 | H22: 75 | I22: =IF(E22=0,0,ROUND((E22*(G22+H22)+O22)/60,1)) -> 7.7 | K22: 무릎 굽힘 — 가자미근 주도. 3일차 스탠딩(비복근)과 역할이 다르다 | L22: 시티드 카프 레이즈 머신 (1순위) / 레그 프레스에서 무릎 굽힌 채 / 덤벨을 무릎에 올리고
D23: 세트 합계 | E23: =SUM(E15:E22) -> 24 | I23: =ROUND(SUM(I15:I22),0) -> 74
A24: 드롭 세트 (2026-09-07)
A25: · 레그 프레스 ↔ 레그 익스텐션 자리 바꿈 — 복합을 먼저, 고립을 마지막에. 익스텐션 마지막 세트에 드롭 2단, +75초 (사용자 요청). 드롭으로 대퇴를 다 쓴 뒤 프레스를 하면 프레스 3세트가 죽어서 순서를 바꿨다. 다음 하체는 3일차, 5일 뒤라 회복이 겹치지 않는다.
A26: · O열 '드롭(초)'는 마지막 세트에 더해지는 시간이다. I열 종목 분에 합산되고, 앱 타이머는 마지막 세트를 그만큼 늘린 뒤 '드롭세트'라고 읊는다. E열 세트 수와 세트검산은 건드리지 않는다.

Sheet D9_어깨팔B
A1: 9일차 — 어깨·팔 B
A2: 측면 · 후면 · 전면 삼각근 + 하부 승모 + 흉근 상부 플라이 + 삼두 · 이두 · 전완 + 내전근·중둔근. 약 70분. 옛 8일차 어깨 세션의 절반 — 나머지 절반은 4일차 어깨·팔 A. 8일차 데드 다음 날이라 척추 부하 0은 그대로다. [2026-09-05] 인클라인 덤벨 플라이 3세트 추가(5번). 이너·아우터 타이·리스트 컬(손등 위)이 4일차에서 왔고 리버스 리스트 컬·리버스컬·시티드 카프는 4일차로, 케이블 힙 외전은 6일차로 갔다.
A3: 웜업 — 케이블 외회전 2세트 × 12~15 (세트 카운트 제외): 매우 가볍게 2.5~5kg. 팔꿈치를 90도로 접어 옆구리에 붙이고 바깥으로만 회전. 대체: 밴드 외회전 / 아주 가벼운 페이스풀.
A4: 운동 구성
A5: # | B5: 종목 | C5: 근육군 | D5: 중량(Kg) | E5: 세트 | F5: 횟수 | G5: 수행(초) | H5: 휴식(초) | I5: 종목 분 | J5: 간접 자극 | K5: 메모 | L5: 대체 종목 | M5: 세트별 휴식(초) | N5: 슈퍼세트 | O5: 드롭(초)
A6: 1 | B6: 리닝 원암 케이블 레터럴 레이즈 | C6: 삼각근(측면) | D6: 5 | E6: 3 | F6: 12~15 | G6: 80 | H6: 70 | I6: =IF(E6=0,0,ROUND((E6*(G6+H6)+O6)/60,1)) -> 7.5 | K6: 기둥을 잡고 몸을 반대로 기울여 늘어난 위치부터 부하가 걸린다 — 머신·덤벨이 못 거는 구간이다. 좌우 각 2세트. 7일차에도 같은 종목이 있지만 5일 간격이라 겹치지 않는다. | L6: 케이블 비하인드백 레터럴 / 로우 풀리 원암 레터럴 / 인클라인 벤치에 옆으로 누워 덤벨 레터럴
A7: 2 | B7: 인클라인 벤치 프론 리어 델트 레이즈 | C7: 삼각근(후면) | D7: 5 | E7: 3 | F7: 12~15 | G7: 40 | H7: 70 | I7: =IF(E7=0,0,ROUND((E7*(G7+H7)+O7)/60,1)) -> 5.5 | K7: 가슴을 벤치에 대고 엎드려 상체를 고정한다 — 반동과 기립근 개입이 통째로 차단돼 후면만 남는다. 자유중량이라 궤도가 고정된 4번과 다른 안정화 요구가 붙는다. 아주 가볍게, 무게보다 정지 1초. | L7: 프론 덤벨 리어 레이즈 (평벤치) / 시티드 벤트오버 덤벨 리어 레이즈 / 리버스 펙덱
A8: 3 | B8: 머신 숄더 프레스 | C8: 삼각근(전면) | D8: 25 | E8: 3 | F8: 12 | G8: 40 | H8: 120 | I8: =IF(E8=0,0,ROUND((E8*(G8+H8)+O8)/60,1)) -> 8 | J8: 삼두 · 삼각근(측면) | K8: [2026-09-04 신설] 전면삼각 직접이 6세트(7일차 밀리터리 3 + 머신 숄더 3)뿐이라 측면 18 · 후면 17에 견주면 얇았다. 9일 주기 전환으로 주당 9.7까지 내려와 이 자리를 만들었다. 레터럴·리어 6종목 뒤에 두는 이유: 앞에 두면 프레스 피로로 레이즈 중량이 눌린다. 여기 목적은 근력이 아니라 볼륨이므로 중량이 7일차보다 낮아도 된다. | L8: 덤벨 숄더 프레스 / 스미스 오버헤드 프레스
A9: 4 | B9: 프론 Y 레이즈 | C9: 승모(하부) | D9: 2~5 | E9: 3 | F9: 12~15 | G9: 40 | H9: 60 | I9: =IF(E9=0,0,ROUND((E9*(G9+H9)+O9)/60,1)) -> 5 | J9: 삼각근(후면) | K9: [2026-09-04 신설] 승모 하부 세 번째 자리. 7일차에서 0세트로 꺼져 있던 종목을 그쪽에서 켜고 여기에도 뒀다. 견갑 하강 + 상방회전. 엎드려 팔을 Y자로 — 중량보다 견갑이 먼저 움직이는지가 중요하다. | L9: 인클라인 벤치 프론 Y / 케이블 로 투 하이 (한 팔)
A10: 5 | B10: 인클라인 덤벨 플라이 | C10: 흉근(상부) | D10: 8 | E10: 3 | F10: 10~12 | G10: 40 | H10: 105 | I10: =IF(E10=0,0,ROUND((E10*(G10+H10)+O10)/60,1)) -> 7.3 | K10: [2026-09-05 신설 — 사용자 요청] 2일차 인클라인 플라이의 두 번째 자리. 같은 날 4일차 인클라인 스미스 4→3 · 7일차 인클라인 머신 6→3으로 프레스를 줄이고 플라이를 더한 것이라, 흉근 상부는 프레스 6 + 플라이 7 = 직접 13(2·4·7·9일차, 주당 9.1)이 된다. 프론 Y와 같은 인클라인 벤치에서 등을 대고 이어서 한다 — 세팅 이동 없음. 늘어난 구간에서 멈추지 말고 부드럽게 (2일차 메모와 같다). 데드 다음 날이지만 척추 부하 0이라 이 날의 성격은 그대로다. 흉근 합산은 천장(20)을 여전히 넘으므로(주당 21.7) 세트 질이 떨어지면 먼저 빼는 후보는 4일차 디클라인 케이블 플라이 3세트다. | L10: 케이블 크로스오버 (아래→위) / 펙덱 플라이 (등받이를 눕혀 인클라인 각으로) / 인클라인 머신 플라이
A11: 6 | B11: 라잉 트라이셉스 익스텐션 | C11: 삼두 | D11: 15 | E11: 4 | F11: 8~12 | G11: 40 | H11: 75 | I11: =IF(E11=0,0,ROUND((E11*(G11+H11)+O11)/60,1)) -> 7.7 | K11: 늘어난 구간 삼두 — 2일차에서 이동 (v18). 푸쉬다운 제외로 2일차 고정 사유가 소멸, 유일한 삼두 고립을 프레싱 전부 마친 뒤 마지막에. 팔꿈치 시큰하면 EZ바나 오버헤드 케이블로. (이 자리의 케이블 푸쉬다운은 v17 제외 — 삼두 간접 9로 충족) | L11: 오버헤드 케이블 익스텐션 / 스컬크러셔 / EZ바 라잉 익스텐션
A12: 7 | B12: 인클라인 덤벨 컬 | C12: 이두 | D12: 6 | E12: 4 | F12: 8~12 | G12: 40 | H12: 70 | I12: =IF(E12=0,0,ROUND((E12*(G12+H12)+O12)/60,1)) -> 7.3 | J12: 전완 | K12: 1일차에서 옮겨 왔다 (2026-08-28). 그 날은 친업 4 + 랫풀다운 3으로 이두가 간접 3.5세트분 지친 뒤였는데, 이 날은 어깨만 치므로 이두가 완전히 신선하다. 같은 3세트라도 자극당 값이 다르다. 인클라인 벤치에 기대 팔을 뒤로 늘어뜨린다 — 이두 장두가 늘어난 위치에서 시작하는 것이 이 종목의 전부다. 6일차 프리쳐 컬(짧아진 구간)과 각도를 나눈다. 어깨를 앞으로 말면 늘어난 구간이 사라진다. | L12: 케이블 컬 (뒤로 물러서서 스트레치 확보) / 스파이더 컬 (반대 각도) / 드래그 컬
A13: 8 | B13: 시티드 리스트 컬(손등 위) | C13: 전완 | D13: 10 | E13: 3 | F13: 15 | G13: 40 | H13: 60 | I13: =IF(E13=0,0,ROUND((E13*(G13+H13)+O13)/60,1)) -> 5 | K13: [2026-09-05 4일차 → 9일차 이동] 전완을 한 날에 몰지 않으려고 굴근·엎침(4일차 리버스 리스트 컬·리버스컬)과 날을 갈랐다 — 사용자 요청. 손목 신근. 타이핑으로 약해지는 쪽이라 비중을 더 준다 | L13: 케이블 리버스 리스트 컬 / 리버스 EZ바 컬 (상완요골근까지) / 덤벨로 한 손씩
A14: 9 | B14: 이너 타이 | C14: 내전근 | D14: 35 | E14: 5 | F14: 12~15 | G14: 40 | H14: 10 | I14: =IF(E14=0,0,ROUND((E14*(G14+H14)+O14)/60,1)) -> 4.2 | K14: [2026-09-05 4일차 → 9일차 이동] 3일차 바로 다음 날 같은 기구를 또 타는 게 부담스럽다는 요청. 내전근 3·9일차로 6일/4일 간격. 아우터 타이와 슈퍼세트(A)는 그대로. [2026-09-04 신설] 내전근을 성장 구간으로. 3일차에 4세트가 있지만 사이클당 1회라 모자랐다. 3일차와 같이 아우터 타이와 슈퍼세트로 묶는다 — 겸용 머신이라 패드만 뒤집으면 되어 전환이 10초고, 라운드 간 휴식은 아우터 쪽 105초가 맡는다. 길항근 쌍이라 서로의 피로를 나눠 갖지 않는다. | L14: 와이드 스탠스 레그 프레스 / 케이블 힙 내전 | N14: A
A15: 10 | B15: 아우터 타이 (힙 외전) | C15: 중둔근 | D15: 30~35 | E15: 5 | F15: 12~15 | G15: 40 | H15: 105 | I15: =IF(E15=0,0,ROUND((E15*(G15+H15)+O15)/60,1)) -> 12.1 | K15: [2026-09-05 4일차 → 9일차 이동] 케이블 힙 외전과 같은 날이라 중둔근 8세트(세션 상한선) — 앉아서(여기)·서서(힙 외전)로 각도가 다르다. 3일차와 6일/4일 간격. [2026-09-04 신설] 중둔근을 성장 구간으로. 3일차 4세트 · 8일차 케이블 힙 외전 3세트에 이어 세 번째 자리. 이너 타이와 슈퍼세트(A) — 이 105초가 두 종목의 라운드 간 휴식이다. | L15: 케이블 힙 외전 / 밴드 사이드 워크 | N15: A
D16: 세트 합계 | E16: =SUM(E6:E15) -> 36 | I16: =ROUND(SUM(I6:I15),0) -> 70
F17: 시티드 로우 3세트/ 그립 변경 3세트 추가
A18: 어깨·팔 B (2026-09-04 4-1-4-1 전환)
A19: · 옛 8일차 어깨 세션을 둘로 나눈 뒤쪽 절반이다. 측면 1 · 후면 1 · 전면 1 · 하부 승모 1에 삼두(옛 6일차에서) · 전완 2종(옛 5일차에서) · 이두 · 종아리. 측면 2 · 후면 2 · 이너/아우터는 4일차로 갔다.
A20: · 세트는 한 개도 안 늘었다. 40 → 30이 된 것은 10세트가 4일차로 간 것이지 뺀 게 아니다.
A21: · 시간 균등화로 8일차 케이블 힙 외전 3세트가 왔다. 4일차 아우터 타이와 짝 — 중둔근이 3·4·9일차. 케이블이라 척추 부하는 없다.
A22: · 아래 서술은 통합 시절(옛 8일차 · 40세트 · 6종목 분할) 기준이라 세트 수와 종목 번호가 지금과 다르다. 기록으로 남긴다.
A24: · 실패지점 1~2회 남기고 멈춘다. 9일차는 6일차부터 이어진 연속 구간 한가운데라 여기서 회복을 깎으면 다음 사이클 앞머리가 밀린다.
A25: · 세트 간 휴식 60~80초. 소근육 고립이라 길게 쉴 이유가 없다. 본세트 기준 약 39분 (웜업 별도).
A26: · 이 세션에 메인 리프트는 없다. 무게를 올리는 날이 아니라 볼륨을 채우는 날이다.
A27: · 척추 부하가 0이라 8일차 데드리프트 다음 날 자리로 안전하다 — 그게 이 날이 여기 있는 이유다. 이두 컬이 붙어도 그 성질은 그대로다.
A28: · 척추 부하가 0이라 8일차 데드리프트 다음 날 자리로 안전하다 — 그게 이 날이 여기 있는 이유다.
A29: 왜 프레스가 없는가
A30: · 볼륨 랜드마크 표에 전면 삼각근 행이 아예 없다 — 모든 프레스가 자동으로 채워주는 부위라 별도 하한을 잡지 않는다.
... A48: · 케이블 힙 외전은 6일차로 갔다 — 중둔근을 3·6·9일차로 펴고 이 날을 70분으로. 36세트.

Sheet 간접계수맵
A1: 간접 세트 계수 맵 — 세트검산 간접 열(C)의 계산 원천
A2: 각 줄 = "이 종목이 → 이 근육에 → 계수만큼 기여". 원천세트는 일차 시트 E열(설계 볼륨)에서 이름 매칭으로 자동 산출, 간접세트 = 계수 × 원천세트. 세트검산 C열이 이 표를 근육별 SUMIFS로 합산한다. E열 설계 세트 변경 시 자동 갱신. (세트검산 표시값은 0.5 단위 반올림)
A3: 이름 매칭 실패 줄 수 (0이어야 정상 — 0이 아니면 요일 시트에서 종목 이름이 바뀐 것이다) | F3: =COUNTIF($E$7:$E$80,"?") -> 0
A4: 계수 규칙(상한 0.5): 0.5 = 명확한 협력근(능동 수축·신전, 큰 ROM) · 0.33 = 부분 협력(관여하나 비주도, 또는 저반복 본세트의 협력근) · 0.2 = 미미한 동적 관여 · 0 = 순수 그립·안정화·고장력 등척성(길이변화 작음 — 자극 없음). 파란 계수 = 수정 가능 · 출처 G = 프로그램 선언(초록) / C = Claude 추가(주황)
A6: 원천 일차 | B6: 원천종목 | C6: 대상근육 | D6: 계수 | E6: 원천세트 | F6: 간접세트 | G6: 출처 | H6: 계수 근거
A7: D1_당기기A | B7: 친업 (어시스트 가능) | C7: 이두 | D7: 0.5 | E7: =IFERROR(INDEX(INDIRECT("'"&$A7&"'!$E$1:$E$45"),MATCH($B7,INDIRECT("'"&$A7&"'!$B$1:$B$45"),0)),"?") -> 4 | F7: =IF(ISNUMBER(E7),$D7*E7,0) -> 2 | G7: G | H7: 뒤침 그립 — 이두가 가장 유리한 자리에서 능동 굴곡하고 실패 근처까지 간다. 당기기 → 이두 계수는 그립으로 정한다: 뒤침 0.5 · 뉴트럴 0.33 · 엎침 0.2 (2026-09-04 정리).
A8: D1_당기기A | B8: 랫풀다운 | C8: 이두 | D8: 0.2 | E8: =IFERROR(INDEX(INDIRECT("'"&$A8&"'!$E$1:$E$45"),MATCH($B8,INDIRECT("'"&$A8&"'!$B$1:$B$45"),0)),"?") -> 3 | F8: =IF(ISNUMBER(E8),$D8*E8,0) -> 0.6 | G8: G | H8: 엎침 그립(친업과 반대로 잡는 자리) — 굽히는 일은 주로 상완근·상완요골근이 한다. 당기기 → 이두 계수는 그립으로 정한다: 뒤침 0.5 · 뉴트럴 0.33 · 엎침 0.2 (2026-09-04 정리). 만약 뉴트럴 손잡이로 바꾸면 0.33.
A9: D6_당기기B | B9: 해머 스트랭스 로우(오버그립) | C9: 이두 | D9: 0.2 | E9: =IFERROR(INDEX(INDIRECT("'"&$A9&"'!$E$1:$E$45"),MATCH($B9,INDIRECT("'"&$A9&"'!$B$1:$B$45"),0)),"?") -> 4 | F9: =IF(ISNUMBER(E9),$D9*E9,0) -> 0.8 | G9: G | H9: 엎침 그립 + 팔꿈치를 벌린 수평 로우 — 이두가 불리한 각도에 있고 실패는 등이 정한다. 당기기 → 이두 계수는 그립으로 정한다: 뒤침 0.5 · 뉴트럴 0.33 · 엎침 0.2 (2026-09-04 정리).
A10: D6_당기기B | B10: 시티드 케이블 로우 | C10: 이두 | D10: 0.33 | E10: =IFERROR(INDEX(INDIRECT("'"&$A10&"'!$E$1:$E$45"),MATCH($B10,INDIRECT("'"&$A10&"'!$B$1:$B$45"),0)),"?") -> 2 | F10: =IF(ISNUMBER(E10),$D10*E10,0) -> 0.66 | G10: G | H10: 좁은 뉴트럴 그립 — 이두와 상완근이 나눠 쓴다. 엎침(0.2)과 뒤침(0.5) 사이. 당기기 → 이두 계수는 그립으로 정한다: 뒤침 0.5 · 뉴트럴 0.33 · 엎침 0.2 (2026-09-04 정리).
A11: D2_밀기A | B11: 벤치프레스 (본세트) | C11: 삼두 | D11: 0.33 | E11: =IFERROR(INDEX(INDIRECT("'"&$A11&"'!$E$1:$E$45"),MATCH($B11,INDIRECT("'"&$A11&"'!$B$1:$B$45"),0)),"?") -> 5 | F11: =IF(ISNUMBER(E11),$D11*E11,0) -> 1.65 | G11: G | H11: 프레스 중 삼두 신전 — 5×5 저반복 본세트라 가슴이 먼저 실패하고 삼두 유효반복이 적다. 보조 프레스는 0.5 유지 (2026-09-04 0.5→0.33)
A12: D2_밀기A | B12: 딥스 | C12: 삼두 | D12: 0.5 | E12: =IFERROR(INDEX(INDIRECT("'"&$A12&"'!$E$1:$E$45"),MATCH($B12,INDIRECT("'"&$A12&"'!$B$1:$B$45"),0)),"?") -> 4 | F12: =IF(ISNUMBER(E12),$D12*E12,0) -> 2 | G12: G | H12: 딥스는 삼두 스트레치+신전 강함
A13: D7_밀기B | B13: 밀리터리 프레스 (본세트) | C13: 삼두 | D13: 0.33 | E13: =IFERROR(INDEX(INDIRECT("'"&$A13&"'!$E$1:$E$45"),MATCH($B13,INDIRECT("'"&$A13&"'!$B$1:$B$45"),0)),"?") -> 3 | F13: =IF(ISNUMBER(E13),$D13*E13,0) -> 0.99 | G13: G | H13: 오버헤드 프레스 삼두 신전 — 5×5 저반복 본세트 하향. 머신 숄더(0.5)와 구분 (2026-09-04 0.5→0.33)
A14: D7_밀기B | B14: 인클라인 벤치프레스 머신 | C14: 삼두 | D14: 0.5 | E14: =IFERROR(INDEX(INDIRECT("'"&$A14&"'!$E$1:$E$45"),MATCH($B14,INDIRECT("'"&$A14&"'!$B$1:$B$45"),0)),"?") -> 3 | F14: =IF(ISNUMBER(E14),$D14*E14,0) -> 1.5 | G14: G | H14: 프레스 중 삼두 신전
A15: D4_어깨팔A | B15: 인클라인 벤치프레스(스미스) | C15: 삼두 | D15: 0.5 | E15: =IFERROR(INDEX(INDIRECT("'"&$A15&"'!$E$1:$E$45"),MATCH($B15,INDIRECT("'"&$A15&"'!$B$1:$B$45"),0)),"?") -> 3 | F15: =IF(ISNUMBER(E15),$D15*E15,0) -> 1.5 | G15: C | H15: 프레스 중 삼두 신전 — 인클라인 벤치프레스 머신(0.5)과 같은 등급 (2026-09-04 신설)
A16: D9_어깨팔B | B16: 인클라인 덤벨 컬 | C16: 전완 | D16: 0.33 | E16: =IFERROR(INDEX(INDIRECT("'"&$A16&"'!$E$1:$E$45"),MATCH($B16,INDIRECT("'"&$A16&"'!$B$1:$B$45"),0)),"?") -> 4 | F16: =IF(ISNUMBER(E16),$D16*E16,0) -> 1.32 | G16: G | H16: 컬 중 상완요골근 동적 굴곡 — 부분 협력
A17: D6_당기기B | B17: 프리쳐 컬 | C17: 전완 | D17: 0.33 | E17: =IFERROR(INDEX(INDIRECT("'"&$A17&"'!$E$1:$E$45"),MATCH($B17,INDIRECT("'"&$A17&"'!$B$1:$B$45"),0)),"?") -> 4 | F17: =IF(ISNUMBER(E17),$D17*E17,0) -> 1.32 | G17: G | H17: 상완요골근 동적 굴곡
A18: D6_당기기B | B18: 트랩바 슈러그 | C18: 전완 | D18: 0 | E18: =IFERROR(INDEX(INDIRECT("'"&$A18&"'!$E$1:$E$45"),MATCH($B18,INDIRECT("'"&$A18&"'!$B$1:$B$45"),0)),"?") -> 4 | F18: =IF(ISNUMBER(E18),$D18*E18,0) -> 0 | G18: G | H18: 순수 그립 유지(스트랩 권장) — 성장 자극 없음
... A75: D6_당기기B | B75: 원암 케이블 로우 | C75: 승모(중부)·능형근 | D75: 0.5 | E75: =IFERROR(INDEX(INDIRECT("'"&$A75&"'!$E$1:$E$45"),MATCH($B75,INDIRECT("'"&$A75&"'!$B$1:$B$45"),0)),"?") -> 2 | F75: =IF(ISNUMBER(E75),$D75*E75,0) -> 1 | G75: G | H75: 견갑 후인 능동 수축 — 시티드 케이블 로우(0.5)와 같은 등급. 한 팔씩이라 몸통 회전이 섞이지만 후인은 그대로 일어난다 (2026-09-05 신설).

Sheet 세트검산
A1: 근육군별 주간 세트 — 검산 | G1: ■ 사이클 총량 예산 — 늘리려면 먼저 어딘가에서 빼라
A2: 세트는 근육군 단위로 센다. '하체 20세트'는 의미 없는 숫자 — 대퇴 18 / 햄스트링 2여도 하체 20이 된다. 집계는 일차 시트 E열(설계 세트) 기준이며 B~D열은 사이클당(주기 길이는 H2) 값이다. 판정(E열)은 J열의 주당 환산(사이클당 × 7/주기)으로 한다 — 볼륨 랜드마크가 주 단위이기 때문이다. 간접·실질은 0.5 단위 반올림으로 표시한다 — 메모의 계산 원값과 ±0.25 이내 차이가 날 수 있다. | G2: 주기(일) | H2: 10 | I2: 총량 상한 | J2: 244 | K2: 현재 총량 | L2: =B25 -> 240
A3: =IF($H$3<0,"⚠ 총량 상한 "&ABS($H$3)&"세트 초과 — 다른 종목에서 그만큼 빼기 전에는 추가 금지. 상한을 올리려면 아래 '상한 변경 이력'에 한 줄 남길 것.","") | G3: 잔여 예산 | H3: =$J$2-$L$2 -> 4 | I3: 실제 주당 | J3: =ROUND($L$2*7/$H$2,1) -> 168 | K3: 상태 | L3: =IF($H$3<0,"INVALID","VALID") -> VALID
A4: 근육군 | B4: 직접 세트 | C4: 간접 추정 | D4: 실질 | E4: 판정 | F4: 간접 출처 / 비고 | J4: ="주당 환산 (×7/"&$H$2&")" -> 주당 환산 (×7/10)
A5: 흉근(상부) | B5: =SUMIFS(D1_당기기A!$E:$E,D1_당기기A!$C:$C,$A5)+SUMIFS(D2_밀기A!$E:$E,D2_밀기A!$C:$C,$A5)+SUMIFS(D3_하체A!$E:$E,D3_하체A!$C:$C,$A5)+SUMIFS(D4_어깨팔A!$E:$E,D4_어깨팔A!$C:$C,$A5)+SUMIFS(D6_당기기B!$E:$E,D6_당기기B!$C:$C,$A5)+SUMIFS(D7_밀기B!$E:$E,D7_밀기B!$C:$C,$A5)+SUMIFS(D8_하체B!$E:$E,D8_하체B!$C:$C,$A5)+SUMIFS(D9_어깨팔B!$E:$E,D9_어깨팔B!$C:$C,$A5) -> 13 | C5: =MROUND(SUMIFS(간접계수맵!$F$7:$F$80,간접계수맵!$C$7:$C$80,$A5),0.5) -> 0 | D5: =B5+C5 -> 13 | E5: =IF(J5>20,"상한",IF(J5>=10,"성장",IF(J5>=8,"유지",IF(J5>=1,"유지 미만","미배치")))) -> 유지 | F5: 플랫 벤치의 쇄골지 관여(0.2)를 2026-09-04에 0으로 내렸다. 흉근 상/하는 H열에서 합산 판정하므로 서로에게 간접을 얹으면 합산이 이중 계상된다. | G5: 흉근 합산(상+중하) | H5: =SUM(D5:D6) -> 31 | I5: =IF(H5*7/$H$2>20,"주당 환산 천장(20) 초과 — 2·4·7·9일차 예외 허용 · 세트 질 관찰","") -> 주당 환산 천장(20) 초과 — 2·4·7·9일차 예외 허용 · 세트 질 관찰 | J5: =ROUND(D5*7/$H$2,1) -> 9.1 | L5: =ROUND(B5*7/$H$2,1) -> 9.1
A6: 흉근(중하부) | B6: =SUMIFS(D1_당기기A!$E:$E,D1_당기기A!$C:$C,$A6)+SUMIFS(D2_밀기A!$E:$E,D2_밀기A!$C:$C,$A6)+SUMIFS(D3_하체A!$E:$E,D3_하체A!$C:$C,$A6)+SUMIFS(D4_어깨팔A!$E:$E,D4_어깨팔A!$C:$C,$A6)+SUMIFS(D6_당기기B!$E:$E,D6_당기기B!$C:$C,$A6)+SUMIFS(D7_밀기B!$E:$E,D7_밀기B!$C:$C,$A6)+SUMIFS(D8_하체B!$E:$E,D8_하체B!$C:$C,$A6)+SUMIFS(D9_어깨팔B!$E:$E,D9_어깨팔B!$C:$C,$A6) -> 18 | C6: =MROUND(SUMIFS(간접계수맵!$F$7:$F$80,간접계수맵!$C$7:$C$80,$A6),0.5) -> 0 | D6: =B6+C6 -> 18 | E6: =IF(J6>20,"상한",IF(J6>=10,"성장",IF(J6>=8,"유지",IF(J6>=1,"유지 미만","미배치")))) -> 성장 | F6: 인클라인 머신의 중하부 관여(0.2)를 2026-09-04에 0으로 내렸다(흉근 상/하 교차 계상 제거). | J6: =ROUND(D6*7/$H$2,1) -> 12.6 | L6: =ROUND(B6*7/$H$2,1) -> 12.6
A7: 광배 | B7: =SUMIFS(D1_당기기A!$E:$E,D1_당기기A!$C:$C,$A7)+SUMIFS(D2_밀기A!$E:$E,D2_밀기A!$C:$C,$A7)+SUMIFS(D3_하체A!$E:$E,D3_하체A!$C:$C,$A7)+SUMIFS(D4_어깨팔A!$E:$E,D4_어깨팔A!$C:$C,$A7)+SUMIFS(D6_당기기B!$E:$E,D6_당기기B!$C:$C,$A7)+SUMIFS(D7_밀기B!$E:$E,D7_밀기B!$C:$C,$A7)+SUMIFS(D8_하체B!$E:$E,D8_하체B!$C:$C,$A7)+SUMIFS(D9_어깨팔B!$E:$E,D9_어깨팔B!$C:$C,$A7) -> 13 | C7: =MROUND(SUMIFS(간접계수맵!$F$7:$F$80,간접계수맵!$C$7:$C$80,$A7),0.5) -> 4 | D7: =B7+C7 -> 17 | E7: =IF(J7>20,"상한",IF(J7>=10,"성장",IF(J7>=8,"유지",IF(J7>=1,"유지 미만","미배치")))) -> 성장 | F7: 직접 12세트: 1일차 친업 4 · 랫풀다운 4 · 6일차 시티드 케이블 로우 4(좁은 그립). 간접은 넓은 그립 로우 2종(바벨 로우 · 해머 로우) 각 0.5 — 2026-09-04에 주동근을 능형·중부승모로 옮기며 협력근으로 내려왔다. 데드리프트의 광배 등척성은 0. | G7: 등 | H7: =SUM(D7:D10) -> 56.5 | J7: =ROUND(D7*7/$H$2,1) -> 11.9 | L7: =ROUND(B7*7/$H$2,1) -> 9.1
A8: 승모(상부) | B8: =SUMIFS(D1_당기기A!$E:$E,D1_당기기A!$C:$C,$A8)+SUMIFS(D2_밀기A!$E:$E,D2_밀기A!$C:$C,$A8)+SUMIFS(D3_하체A!$E:$E,D3_하체A!$C:$C,$A8)+SUMIFS(D4_어깨팔A!$E:$E,D4_어깨팔A!$C:$C,$A8)+SUMIFS(D6_당기기B!$E:$E,D6_당기기B!$C:$C,$A8)+SUMIFS(D7_밀기B!$E:$E,D7_밀기B!$C:$C,$A8)+SUMIFS(D8_하체B!$E:$E,D8_하체B!$C:$C,$A8)+SUMIFS(D9_어깨팔B!$E:$E,D9_어깨팔B!$C:$C,$A8) -> 4 | C8: =MROUND(SUMIFS(간접계수맵!$F$7:$F$80,간접계수맵!$C$7:$C$80,$A8),0.5) -> 1.5 | D8: =B8+C8 -> 5.5 | E8: =IF(J8>20,"상한",IF(J8>=10,"성장",IF(J8>=8,"유지",IF(J8>=1,"유지 미만","미배치")))) -> 유지 미만 | F8: 밀리터리 0.2 · 9일차 와이드 그립 업라이트 로우 0.33. 2026-09-04에 등척성 행(해머 로우 · 데드 본세트 · 백오프, 각 0.2)을 0으로 내렸다 — 견갑대를 버티기만 하는 자극은 세지 않는다. 하한 미달 자체는 증액 근거가 아니다 — 늘리려면 총량 예산(J2) 안에서 다른 종목과 교환한다. | J8: =ROUND(D8*7/$H$2,1) -> 3.9 | L8: =ROUND(B8*7/$H$2,1) -> 2.8
A9: 승모(하부) | B9: =SUMIFS(D1_당기기A!$E:$E,D1_당기기A!$C:$C,$A9)+SUMIFS(D2_밀기A!$E:$E,D2_밀기A!$C:$C,$A9)+SUMIFS(D3_하체A!$E:$E,D3_하체A!$C:$C,$A9)+SUMIFS(D4_어깨팔A!$E:$E,D4_어깨팔A!$C:$C,$A9)+SUMIFS(D6_당기기B!$E:$E,D6_당기기B!$C:$C,$A9)+SUMIFS(D7_밀기B!$E:$E,D7_밀기B!$C:$C,$A9)+SUMIFS(D8_하체B!$E:$E,D8_하체B!$C:$C,$A9)+SUMIFS(D9_어깨팔B!$E:$E,D9_어깨팔B!$C:$C,$A9) -> 12 | C9: =MROUND(SUMIFS(간접계수맵!$F$7:$F$80,간접계수맵!$C$7:$C$80,$A9),0.5) -> 1.5 | D9: =B9+C9 -> 13.5 | E9: =IF(J9>20,"상한",IF(J9>=10,"성장",IF(J9>=8,"유지",IF(J9>=1,"유지 미만","미배치")))) -> 유지 | F9: 친업 0.2×4=0.8 + 해머 로우 0.2×4=0.8 = 1.6 — 견갑 하강은 동작 개시 관여라 약계수 | J9: =ROUND(D9*7/$H$2,1) -> 9.5 | L9: =ROUND(B9*7/$H$2,1) -> 8.4
A10: 승모(중부)·능형근 | B10: =SUMIFS(D1_당기기A!$E:$E,D1_당기기A!$C:$C,$A10)+SUMIFS(D2_밀기A!$E:$E,D2_밀기A!$C:$C,$A10)+SUMIFS(D3_하체A!$E:$E,D3_하체A!$C:$C,$A10)+SUMIFS(D4_어깨팔A!$E:$E,D4_어깨팔A!$C:$C,$A10)+SUMIFS(D6_당기기B!$E:$E,D6_당기기B!$C:$C,$A10)+SUMIFS(D7_밀기B!$E:$E,D7_밀기B!$C:$C,$A10)+SUMIFS(D8_하체B!$E:$E,D8_하체B!$C:$C,$A10)+SUMIFS(D9_어깨팔B!$E:$E,D9_어깨팔B!$C:$C,$A10) -> 15 | C10: =MROUND(SUMIFS(간접계수맵!$F$7:$F$80,간접계수맵!$C$7:$C$80,$A10),0.5) -> 5.5 | D10: =B10+C10 -> 20.5 | E10: =IF(J10>20,"상한",IF(J10>=10,"성장",IF(J10>=8,"유지",IF(J10>=1,"유지 미만","미배치")))) -> 성장 | F10: 직접 15세트: 1일차 넓은 그립 바벨 로우 4 · 페이스풀 3 · 6일차 넓은 그립 해머 로우 4 · 스캡 슈러그 4. 간접은 시티드 케이블 로우 0.5 · 리어델트 계열(리버스 펙덱 · 케이블 리버스 플라이 · 리어 델트 로우) 0.33. 2026-09-04에 넓은 그립 로우 2종이 간접 0.5에서 직접으로 올라왔다 — 팔꿈치를 벌린 수평 로우의 주동근은 견갑 후인근이다. | J10: =ROUND(D10*7/$H$2,1) -> 14.4 | L10: =ROUND(B10*7/$H$2,1) -> 10.5
A11: 기립근 | B11: =SUMIFS(D1_당기기A!$E:$E,D1_당기기A!$C:$C,$A11)+SUMIFS(D2_밀기A!$E:$E,D2_밀기A!$C:$C,$A11)+SUMIFS(D3_하체A!$E:$E,D3_하체A!$C:$C,$A11)+SUMIFS(D4_어깨팔A!$E:$E,D4_어깨팔A!$C:$C,$A11)+SUMIFS(D6_당기기B!$E:$E,D6_당기기B!$C:$C,$A11)+SUMIFS(D7_밀기B!$E:$E,D7_밀기B!$C:$C,$A11)+SUMIFS(D8_하체B!$E:$E,D8_하체B!$C:$C,$A11)+SUMIFS(D9_어깨팔B!$E:$E,D9_어깨팔B!$C:$C,$A11) -> 12 | C11: =MROUND(SUMIFS(간접계수맵!$F$7:$F$80,간접계수맵!$C$7:$C$80,$A11),0.5) -> 1.5 | D11: =B11+C11 -> 13.5 | E11: =IF(J11>20,"상한",IF(J11>=10,"성장",IF(J11>=8,"유지",IF(J11>=1,"유지 미만","미배치")))) -> 유지 | F11: 8일차 RDL 0.5(동적 신전·수축)뿐. 2026-09-04에 스쿼트·트랩바 슈러그의 등척성 행(0.2)을 0으로 내렸다. 기립근은 스쿼트·데드에서 피로는 크게 받지만 버티기만 해서는 자라지 않는다 — 동적 힌지가 유일한 자극원이다. | J11: =ROUND(D11*7/$H$2,1) -> 9.5 | L11: =ROUND(B11*7/$H$2,1) -> 8.4
A12: 삼각근(전면) | B12: =SUMIFS(D1_당기기A!$E:$E,D1_당기기A!$C:$C,$A12)+SUMIFS(D2_밀기A!$E:$E,D2_밀기A!$C:$C,$A12)+SUMIFS(D3_하체A!$E:$E,D3_하체A!$C:$C,$A12)+SUMIFS(D4_어깨팔A!$E:$E,D4_어깨팔A!$C:$C,$A12)+SUMIFS(D6_당기기B!$E:$E,D6_당기기B!$C:$C,$A12)+SUMIFS(D7_밀기B!$E:$E,D7_밀기B!$C:$C,$A12)+SUMIFS(D8_하체B!$E:$E,D8_하체B!$C:$C,$A12)+SUMIFS(D9_어깨팔B!$E:$E,D9_어깨팔B!$C:$C,$A12) -> 9 | C12: =MROUND(SUMIFS(간접계수맵!$F$7:$F$80,간접계수맵!$C$7:$C$80,$A12),0.5) -> 6.5 | D12: =B12+C12 -> 15.5 | E12: =IF(J12>20,"상한",IF(J12>=10,"성장",IF(J12>=8,"유지",IF(J12>=1,"유지 미만","미배치")))) -> 성장 | F12: 인클라인 머신 0.5(전면삼각 편향 큼) · 벤치 0.33 · 헤머 체스트 0.33 · 딥스 0.2. 2026-09-04에 수평 프레스를 0.5→0.33으로 내렸다. [2026-09-04 9일차 머신 숄더 프레스 3세트 신설 — 직접 6→9] 처음에는 2026-08-28 판단(RP 표에 전면 삼각근 행이 없다 · 프레스로 자동 충족)을 근거로 안 넣었는데, 같은 날 벤치·헤머 체스트의 전면삼각 계수를 0.5→0.33으로 내려놓고 그렇게 줄어든 간접을 근거로 직접을 생략한 것이라 앞뒤가 안 맞았다. 나머지 여섯 부위에는 안 쓴 잣대를 여기만 쓴 셈이기도 하다. | J12: =ROUND(D12*7/$H$2,1) -> 10.9 | L12: =ROUND(B12*7/$H$2,1) -> 6.3
A13: 삼각근(측면) | B13: =SUMIFS(D1_당기기A!$E:$E,D1_당기기A!$C:$C,$A13)+SUMIFS(D2_밀기A!$E:$E,D2_밀기A!$C:$C,$A13)+SUMIFS(D3_하체A!$E:$E,D3_하체A!$C:$C,$A13)+SUMIFS(D4_어깨팔A!$E:$E,D4_어깨팔A!$C:$C,$A13)+SUMIFS(D6_당기기B!$E:$E,D6_당기기B!$C:$C,$A13)+SUMIFS(D7_밀기B!$E:$E,D7_밀기B!$C:$C,$A13)+SUMIFS(D8_하체B!$E:$E,D8_하체B!$C:$C,$A13)+SUMIFS(D9_어깨팔B!$E:$E,D9_어깨팔B!$C:$C,$A13) -> 18 | C13: =MROUND(SUMIFS(간접계수맵!$F$7:$F$80,간접계수맵!$C$7:$C$80,$A13),0.5) -> 3 | D13: =B13+C13 -> 21 | E13: =IF(J13>20,"상한",IF(J13>=10,"성장",IF(J13>=8,"유지",IF(J13>=1,"유지 미만","미배치")))) -> 성장 | F13: 오버헤드 프레스 두 종목 모두 0.33 — 밀리터리 본세트(2026-09-04 0.5에서 하향, 5×5라 측면삼각이 자기 실패 근처에 못 간다)와 머신 숄더 프레스(2026-09-04 신설). 머신 숄더만 행이 없었는데, 제외 사유였던 '직접 전면삼각 분류'는 밀리터리에도 똑같이 해당돼 성립하지 않았다 — 보조 종목이라 실패에 더 가까이 가는 쪽이 오히려 0이던 것을 바로잡았다. 직접 세트가 두터워 판정에는 영향 없음. | J13: =ROUND(D13*7/$H$2,1) -> 14.7 | L13: =ROUND(B13*7/$H$2,1) -> 12.6
A14: 삼각근(후면) | B14: =SUMIFS(D1_당기기A!$E:$E,D1_당기기A!$C:$C,$A14)+SUMIFS(D2_밀기A!$E:$E,D2_밀기A!$C:$C,$A14)+SUMIFS(D3_하체A!$E:$E,D3_하체A!$C:$C,$A14)+SUMIFS(D4_어깨팔A!$E:$E,D4_어깨팔A!$C:$C,$A14)+SUMIFS(D6_당기기B!$E:$E,D6_당기기B!$C:$C,$A14)+SUMIFS(D7_밀기B!$E:$E,D7_밀기B!$C:$C,$A14)+SUMIFS(D8_하체B!$E:$E,D8_하체B!$C:$C,$A14)+SUMIFS(D9_어깨팔B!$E:$E,D9_어깨팔B!$C:$C,$A14) -> 17 | C14: =MROUND(SUMIFS(간접계수맵!$F$7:$F$80,간접계수맵!$C$7:$C$80,$A14),0.5) -> 4.5 | D14: =B14+C14 -> 21.5 | E14: =IF(J14>20,"상한",IF(J14>=10,"성장",IF(J14>=8,"유지",IF(J14>=1,"유지 미만","미배치")))) -> 성장 | F14: 페이스풀(1일차) 0.5×3=1.5 + 프론 Y(7일차) 0.5×2=1.0 = 2.5. 후면삼각은 프레스로 안 자라 직접 16세트로 별도 확보 — 2일차 리버스 펙덱 4 · 7일차 벤트오버 3 · 9일차 3종목 9 (케이블 리버스 플라이 3 · 인클라인 프론 리어 레이즈 3 · 리어 델트 로우 3). 사이클당 3회, 주당 환산 14. | J14: =ROUND(D14*7/$H$2,1) -> 15.1 | L14: =ROUND(B14*7/$H$2,1) -> 11.9
A15: 대퇴사두 | B15: =SUMIFS(D1_당기기A!$E:$E,D1_당기기A!$C:$C,$A15)+SUMIFS(D2_밀기A!$E:$E,D2_밀기A!$C:$C,$A15)+SUMIFS(D3_하체A!$E:$E,D3_하체A!$C:$C,$A15)+SUMIFS(D4_어깨팔A!$E:$E,D4_어깨팔A!$C:$C,$A15)+SUMIFS(D6_당기기B!$E:$E,D6_당기기B!$C:$C,$A15)+SUMIFS(D7_밀기B!$E:$E,D7_밀기B!$C:$C,$A15)+SUMIFS(D8_하체B!$E:$E,D8_하체B!$C:$C,$A15)+SUMIFS(D9_어깨팔B!$E:$E,D9_어깨팔B!$C:$C,$A15) -> 15 | C15: =MROUND(SUMIFS(간접계수맵!$F$7:$F$80,간접계수맵!$C$7:$C$80,$A15),0.5) -> 1.5 | D15: =B15+C15 -> 16.5 | E15: =IF(J15>20,"상한",IF(J15>=10,"성장",IF(J15>=8,"유지",IF(J15>=1,"유지 미만","미배치")))) -> 성장 | F15: 불가리안 스플릿 스쿼트 | G15: 하체(대퇴·햄·종아리) | H15: =SUM(D15:D16,D19) -> 43 | J15: =ROUND(D15*7/$H$2,1) -> 11.6 | L15: =ROUND(B15*7/$H$2,1) -> 10.5
A16: 햄스트링 | B16: =SUMIFS(D1_당기기A!$E:$E,D1_당기기A!$C:$C,$A16)+SUMIFS(D2_밀기A!$E:$E,D2_밀기A!$C:$C,$A16)+SUMIFS(D3_하체A!$E:$E,D3_하체A!$C:$C,$A16)+SUMIFS(D4_어깨팔A!$E:$E,D4_어깨팔A!$C:$C,$A16)+SUMIFS(D6_당기기B!$E:$E,D6_당기기B!$C:$C,$A16)+SUMIFS(D7_밀기B!$E:$E,D7_밀기B!$C:$C,$A16)+SUMIFS(D8_하체B!$E:$E,D8_하체B!$C:$C,$A16)+SUMIFS(D9_어깨팔B!$E:$E,D9_어깨팔B!$C:$C,$A16) -> 10 | C16: =MROUND(SUMIFS(간접계수맵!$F$7:$F$80,간접계수맵!$C$7:$C$80,$A16),0.5) -> 3.5 | D16: =B16+C16 -> 13.5 | E16: =IF(J16>20,"상한",IF(J16>=10,"성장",IF(J16>=8,"유지",IF(J16>=1,"유지 미만","미배치")))) -> 유지 | F16: 덤벨 RDL 0.5 · 데드 본세트/백오프 0.33 · 힙 쓰러스트 0.2. 2026-09-04 하향: 힙 쓰러스트는 무릎 90° 고정이라 햄스트링이 짧아진 채 작동(능동부전)해 RDL의 신장 부하와 동급일 수 없고, 컨벤셔널 데드는 ROM이 RDL보다 작다. | J16: =ROUND(D16*7/$H$2,1) -> 9.5 | L16: =ROUND(B16*7/$H$2,1) -> 7
A17: 둔근 | B17: =SUMIFS(D1_당기기A!$E:$E,D1_당기기A!$C:$C,$A17)+SUMIFS(D2_밀기A!$E:$E,D2_밀기A!$C:$C,$A17)+SUMIFS(D3_하체A!$E:$E,D3_하체A!$C:$C,$A17)+SUMIFS(D4_어깨팔A!$E:$E,D4_어깨팔A!$C:$C,$A17)+SUMIFS(D6_당기기B!$E:$E,D6_당기기B!$C:$C,$A17)+SUMIFS(D7_밀기B!$E:$E,D7_밀기B!$C:$C,$A17)+SUMIFS(D8_하체B!$E:$E,D8_하체B!$C:$C,$A17)+SUMIFS(D9_어깨팔B!$E:$E,D9_어깨팔B!$C:$C,$A17) -> 7 | C17: =MROUND(SUMIFS(간접계수맵!$F$7:$F$80,간접계수맵!$C$7:$C$80,$A17),0.5) -> 9 | D17: =B17+C17 -> 16 | E17: =IF(J17>20,"상한",IF(J17>=10,"성장",IF(J17>=8,"유지",IF(J17>=1,"유지 미만","미배치")))) -> 성장 | F17: 스쿼트 0.5×5=2.5 + 데드 본세트 0.5×1=0.5 + 데드 백오프 0.5×2=1 + RDL(8일차) 0.5×3=1.5 + 덤벨 RDL(1일차) 0.5×3=1.5 + 레그 프레스(수·토) 0.33×6=1.98 = 8.98 | G17: 둔근 | H17: =SUM(D17:D18) -> 29 | J17: =ROUND(D17*7/$H$2,1) -> 11.2 | L17: =ROUND(B17*7/$H$2,1) -> 4.9
A18: 중둔근 | B18: =SUMIFS(D1_당기기A!$E:$E,D1_당기기A!$C:$C,$A18)+SUMIFS(D2_밀기A!$E:$E,D2_밀기A!$C:$C,$A18)+SUMIFS(D3_하체A!$E:$E,D3_하체A!$C:$C,$A18)+SUMIFS(D4_어깨팔A!$E:$E,D4_어깨팔A!$C:$C,$A18)+SUMIFS(D6_당기기B!$E:$E,D6_당기기B!$C:$C,$A18)+SUMIFS(D7_밀기B!$E:$E,D7_밀기B!$C:$C,$A18)+SUMIFS(D8_하체B!$E:$E,D8_하체B!$C:$C,$A18)+SUMIFS(D9_어깨팔B!$E:$E,D9_어깨팔B!$C:$C,$A18) -> 12 | C18: =MROUND(SUMIFS(간접계수맵!$F$7:$F$80,간접계수맵!$C$7:$C$80,$A18),0.5) -> 1 | D18: =B18+C18 -> 13 | E18: =IF(J18>20,"상한",IF(J18>=10,"성장",IF(J18>=8,"유지",IF(J18>=1,"유지 미만","미배치")))) -> 유지 | F18: 불가리안 0.33×3=0.99 — 한 다리 지지 관상면 안정화. 스쿼트·레그프레스는 양측 지지라 계수 없음 | J18: =ROUND(D18*7/$H$2,1) -> 9.1 | L18: =ROUND(B18*7/$H$2,1) -> 8.4
A19: 종아리 | B19: =SUMIFS(D1_당기기A!$E:$E,D1_당기기A!$C:$C,$A19)+SUMIFS(D2_밀기A!$E:$E,D2_밀기A!$C:$C,$A19)+SUMIFS(D3_하체A!$E:$E,D3_하체A!$C:$C,$A19)+SUMIFS(D4_어깨팔A!$E:$E,D4_어깨팔A!$C:$C,$A19)+SUMIFS(D6_당기기B!$E:$E,D6_당기기B!$C:$C,$A19)+SUMIFS(D7_밀기B!$E:$E,D7_밀기B!$C:$C,$A19)+SUMIFS(D8_하체B!$E:$E,D8_하체B!$C:$C,$A19)+SUMIFS(D9_어깨팔B!$E:$E,D9_어깨팔B!$C:$C,$A19) -> 13 | C19: =MROUND(SUMIFS(간접계수맵!$F$7:$F$80,간접계수맵!$C$7:$C$80,$A19),0.5) -> 0 | D19: =B19+C19 -> 13 | E19: =IF(J19>20,"상한",IF(J19>=10,"성장",IF(J19>=8,"유지",IF(J19>=1,"유지 미만","미배치")))) -> 유지 | F19: 직접 세트 내역: 3일차 스탠딩 카프 3 (무릎 편 상태 — 비복근) · 8일차 시티드 카프 3 (무릎 굽힘 — 가자미근). 간접 출처는 없음 — 스쿼트·레그프레스의 발목 관여는 실패지점 근처까지 가지 않아 0으로 둔다. | J19: =ROUND(D19*7/$H$2,1) -> 9.1 | L19: =ROUND(B19*7/$H$2,1) -> 9.1
A20: 이두 | B20: =SUMIFS(D1_당기기A!$E:$E,D1_당기기A!$C:$C,$A20)+SUMIFS(D2_밀기A!$E:$E,D2_밀기A!$C:$C,$A20)+SUMIFS(D3_하체A!$E:$E,D3_하체A!$C:$C,$A20)+SUMIFS(D4_어깨팔A!$E:$E,D4_어깨팔A!$C:$C,$A20)+SUMIFS(D6_당기기B!$E:$E,D6_당기기B!$C:$C,$A20)+SUMIFS(D7_밀기B!$E:$E,D7_밀기B!$C:$C,$A20)+SUMIFS(D8_하체B!$E:$E,D8_하체B!$C:$C,$A20)+SUMIFS(D9_어깨팔B!$E:$E,D9_어깨팔B!$C:$C,$A20) -> 11 | C20: =MROUND(SUMIFS(간접계수맵!$F$7:$F$80,간접계수맵!$C$7:$C$80,$A20),0.5) -> 7 | D20: =B20+C20 -> 18 | E20: =IF(J20>20,"상한",IF(J20>=10,"성장",IF(J20>=8,"유지",IF(J20>=1,"유지 미만","미배치")))) -> 성장 | F20: 당기기 5종목을 그립별로 나눠 센다 — 친업(뒤침) 0.5 · 시티드 케이블 로우(좁은 뉴트럴) 0.33 · 랫풀다운 · 해머 로우 · 바벨 로우(모두 엎침) 각 0.2 · 리버스컬 0.2. 2026-09-04 정리: 엎침 그립에서 팔꿈치를 굽히는 건 주로 상완근·상완요골근이라 리버스컬에 쓴 잣대(0.2)를 당기기 전체에 맞췄다. 바벨 로우는 이전에 줄 자체가 없어 이때 신설. 컬은 셋 다 당기기 간접이 안 걸린 자리에 둔다(어깨·팔 A · 당기기 B는 프리쳐만 · 어깨·팔 B — 2026-09-04 4-1-4-1 전환 후). [2026-09-05] 원암 랫풀다운 · 원암 케이블 로우(D핸들 뉴트럴) 0.33 신설 — 랫풀다운 4 → 양팔 2 + 원암 2, 시티드 로우 5 → 양팔 3 + 원암 2로 나누며. | J20: =ROUND(D20*7/$H$2,1) -> 12.6 | L20: =ROUND(B20*7/$H$2,1) -> 7.7
A21: 삼두 | B21: =SUMIFS(D1_당기기A!$E:$E,D1_당기기A!$C:$C,$A21)+SUMIFS(D2_밀기A!$E:$E,D2_밀기A!$C:$C,$A21)+SUMIFS(D3_하체A!$E:$E,D3_하체A!$C:$C,$A21)+SUMIFS(D4_어깨팔A!$E:$E,D4_어깨팔A!$C:$C,$A21)+SUMIFS(D6_당기기B!$E:$E,D6_당기기B!$C:$C,$A21)+SUMIFS(D7_밀기B!$E:$E,D7_밀기B!$C:$C,$A21)+SUMIFS(D8_하체B!$E:$E,D8_하체B!$C:$C,$A21)+SUMIFS(D9_어깨팔B!$E:$E,D9_어깨팔B!$C:$C,$A21) -> 8 | C21: =MROUND(SUMIFS(간접계수맵!$F$7:$F$80,간접계수맵!$C$7:$C$80,$A21),0.5) -> 12 | D21: =B21+C21 -> 20 | E21: =IF(J21>20,"상한",IF(J21>=10,"성장",IF(J21>=8,"유지",IF(J21>=1,"유지 미만","미배치")))) -> 성장 | F21: 딥스 · 인클라인 머신 · 머신 숄더 · 헤머 체스트 각 0.5 · 벤치 본세트 · 밀리터리 본세트 0.33. 2026-09-04에 두 메인 본세트를 0.5→0.33으로 내렸다 — 5×5 저반복이라 주동근이 실패를 결정하고 삼두 유효반복이 적다. 보조 프레스는 0.5 유지. | J21: =ROUND(D21*7/$H$2,1) -> 14 | L21: =ROUND(B21*7/$H$2,1) -> 5.6
A22: 전완 | B22: =SUMIFS(D1_당기기A!$E:$E,D1_당기기A!$C:$C,$A22)+SUMIFS(D2_밀기A!$E:$E,D2_밀기A!$C:$C,$A22)+SUMIFS(D3_하체A!$E:$E,D3_하체A!$C:$C,$A22)+SUMIFS(D4_어깨팔A!$E:$E,D4_어깨팔A!$C:$C,$A22)+SUMIFS(D6_당기기B!$E:$E,D6_당기기B!$C:$C,$A22)+SUMIFS(D7_밀기B!$E:$E,D7_밀기B!$C:$C,$A22)+SUMIFS(D8_하체B!$E:$E,D8_하체B!$C:$C,$A22)+SUMIFS(D9_어깨팔B!$E:$E,D9_어깨팔B!$C:$C,$A22) -> 11 | C22: =MROUND(SUMIFS(간접계수맵!$F$7:$F$80,간접계수맵!$C$7:$C$80,$A22),0.5) -> 3.5 | D22: =B22+C22 -> 14.5 | E22: =IF(J22>20,"상한",IF(J22>=10,"성장",IF(J22>=8,"유지",IF(J22>=1,"유지 미만","미배치")))) -> 성장 | F22: 바벨 컬(2일차) · 프리쳐 컬(6일차) · 인클라인 덤벨 컬(9일차) 0.33×각3 = 2.97. 리버스컬(6일차)은 상완요골근 주동이라 간접이 아니라 직접 전완 3세트로 센다. 순수 그립(데드·로우·친업·트랩바)은 규칙상 0 — 성장 자극 없음 | J22: =ROUND(D22*7/$H$2,1) -> 10.2 | L22: =ROUND(B22*7/$H$2,1) -> 7.7
A23: 복부 | B23: =SUMIFS(D1_당기기A!$E:$E,D1_당기기A!$C:$C,$A23)+SUMIFS(D2_밀기A!$E:$E,D2_밀기A!$C:$C,$A23)+SUMIFS(D3_하체A!$E:$E,D3_하체A!$C:$C,$A23)+SUMIFS(D4_어깨팔A!$E:$E,D4_어깨팔A!$C:$C,$A23)+SUMIFS(D6_당기기B!$E:$E,D6_당기기B!$C:$C,$A23)+SUMIFS(D7_밀기B!$E:$E,D7_밀기B!$C:$C,$A23)+SUMIFS(D8_하체B!$E:$E,D8_하체B!$C:$C,$A23)+SUMIFS(D9_어깨팔B!$E:$E,D9_어깨팔B!$C:$C,$A23) -> 13 | C23: =MROUND(SUMIFS(간접계수맵!$F$7:$F$80,간접계수맵!$C$7:$C$80,$A23),0.5) -> 0 | D23: =B23+C23 -> 13 | E23: =IF(J23>20,"상한",IF(J23>=10,"성장",IF(J23>=8,"유지",IF(J23>=1,"유지 미만","미배치")))) -> 유지 | F23: 직접 13세트: 1일차 라잉 레그 레이즈 4(굴곡 하부) · 케이블 트렁크 로테이션 3(회전) · 3일차 앱휠 롤아웃 3(항신전) · 6일차 중량 크런치 3(굴곡 상부). 네 축이 다 찼다. 스쿼트 · 데드의 코어 브레이싱은 등척성 안정화이며 실패지점 근처까지 가지 않아 간접 0. | J23: =ROUND(D23*7/$H$2,1) -> 9.1 | L23: =ROUND(B23*7/$H$2,1) -> 9.1
A24: 내전근 | B24: =SUMIFS(D1_당기기A!$E:$E,D1_당기기A!$C:$C,$A24)+SUMIFS(D2_밀기A!$E:$E,D2_밀기A!$C:$C,$A24)+SUMIFS(D3_하체A!$E:$E,D3_하체A!$C:$C,$A24)+SUMIFS(D4_어깨팔A!$E:$E,D4_어깨팔A!$C:$C,$A24)+SUMIFS(D6_당기기B!$E:$E,D6_당기기B!$C:$C,$A24)+SUMIFS(D7_밀기B!$E:$E,D7_밀기B!$C:$C,$A24)+SUMIFS(D8_하체B!$E:$E,D8_하체B!$C:$C,$A24)+SUMIFS(D9_어깨팔B!$E:$E,D9_어깨팔B!$C:$C,$A24) -> 9 | C24: =MROUND(SUMIFS(간접계수맵!$F$7:$F$80,간접계수맵!$C$7:$C$80,$A24),0.5) -> 4.5 | D24: =B24+C24 -> 13.5 | E24: =IF(J24>20,"상한",IF(J24>=10,"성장",IF(J24>=8,"유지",IF(J24>=1,"유지 미만","미배치")))) -> 유지 | F24: 스쿼트 · 레그 프레스 · 불가리안 모두 0.33. 2026-09-04에 스쿼트를 0.5→0.33으로 내려 세 종목을 같은 등급으로 맞췄다 — 대내전근이 고관절 신전근인 건 맞지만 둔근(0.5)과 동급은 과하다. 성장이 아닌 유지 목적 항목. | J24: =ROUND(D24*7/$H$2,1) -> 9.5 | L24: =ROUND(B24*7/$H$2,1) -> 6.3
A25: 직접 세트 총계 | B25: =SUM(B5:B24) -> 240 | D25: =SUM(D5:D24) -> 310 | J25: =ROUND(D25*7/$H$2,1) -> 217 | L25: =ROUND(B25*7/$H$2,1) -> 168
A26: 기준선
A27: · 주 10~20세트 = 성장 구간. 사이클당 세트를 그대로 쓰면 안 되고, J열의 주당 환산(×7/주기 · 주기 길이는 H2)으로 판정한다.
A28: · 주 8세트 = 유지 하한 (역시 주당 환산 기준).
A29: · 실패지점 2~3회 이내 세트만 카운트 (웜업 · 여유 세트 제외)
A31: 따로 세야 하는 경우
A32: · 판단 기준은 하나 — 다른 종목이 그 부위를 대신 키워주는가.
A33: · 안 키워주면 따로 센다: 햄스트링(스쿼트로 안 자람), 후면 삼각근(프레스로 안 자람), 종아리
A34: · 키워주면 합쳐 판단한다: 흉근 상/하, 광배 상/하 — 하나의 근육이며 함께 수축한다. 표의 상/하 분리 행은 분포 점검용이며, 총량·상한 판단은 합산 기준으로 본다 (흉근 합산은 H5에 상시 표시 — 현재 직접 16 · 실질 18).
A36: 부위별 이력 · 미결 항목
A37: · 종아리 (2026-08): 3일차 스탠딩 카프 3 + 8일차 시티드 카프 3 = 사이클당 6세트 · 주당 환산 5.3 — 유지 하한(8) 미달. 올리려면 총량 예산 안에서 교환한다. | 후면 삼각근 (2026-08-28 해소): 직접 7 → 10세트. 9일차 어깨 세션 신설로 MEV(8) 통과.
A38: · 9일 주기 (A블록 3일 · 휴식 · B블록 3일 · 어깨+약점 · 휴식). 서술상 계보: 5일 147 → 재편 159 → v17 143 → v18 140 → 6일차 리버스컬 3 → 9일차 어깨 7. 다만 E열 실측은 162다 (2026-08-28 확인).
A39: · 하부 승모: 프론 Y(하강+후인) 2 + 오버헤드 슈러그(상방회전) 3 = 직접 5. 스캡 풀업(하강)은 v18에서 1일차 웜업으로 전환 — 패턴은 매주 유지되나 카운트 제외.
... A57: 상한 변경 이력 — 총량 상한(J2)을 고칠 때마다 한 줄 남긴다
A58: 날짜 | B58: 이전 | C58: 이후 | D58: 근거 | E58: 무엇을 뺐나
A59: 46269 | B59: — | C59: 239 | D59: 최초 설정 — v19 현재 총량을 그대로 예산으로 고정 | E59: —
A60: 46269 | B60: 239 | C60: 239 | D60: 10일 주기(4-1-4-1) 전환 — 상한 불변. 주당 환산 185.9→167.3은 분모가 9→10이 된 산술이지 감축이 아니다 | E60: 없음 — 종목 12개 이동, 세트 0 변동
A61: 46270 | B61: 239 | C61: 244 | D61: 등(광배 · 승모중부) 4종목 각 +1, 흉근상부 인클라인 스미스 +1 — 사용자 판단. 같은 날 15종목 +1을 넣었다가 잠금(잔여 −15)에 걸려 10은 되돌렸다 | E61: 없음
A62: 총량 예산 — 운용 규칙
A63: · 세트를 늘리려면 같은 수를 다른 종목에서 뺀다. 잔여 예산(H3)이 음수면 프로그램 전체가 INVALID다.
A64: · 판정 열의 "유지 미만"은 정보이지 지시가 아니다. 하한 미달은 그 자체로 증액 근거가 되지 못한다.
A65: · 주기를 바꿀 때는 H2 한 칸만 고친다. 모든 판정이 내려앉지만 잔여 예산은 그대로라 세트는 안 붙는다.
A66: · 총량 상한(J2)을 올리는 것은 자유지만 상한 변경 이력에 한 줄 남긴다 — 근거와 무엇을 뺐는지까지.
A67: · 배분은 안 잠근다. 총량이 같다면 부위 간 이동은 자유다 — 문제가 된 것은 배분이 아니라 총량이었다.
A68: · 증액 근거는 기록이다. 증량기록 L·M열(다음날 피로 · 관절)이 3사이클 쌓이기 전에는 근거가 없다.

Sheet 증량기록
A1: 메인 리프트 증량 기록
A2: 기본은 계획대로 증량. 목표 반복을 못 채운 사이클에는 그 칸에 마지막 세트 실제 반복수(예: 3)를 적습니다 — 숫자든 X든 무엇이 적히면 그 중량이 유지됩니다. 공란과 O만 증량입니다.
A4: 증량 설정 — 종목별
A5: 데드리프트 사이클당 증량 (kg) | C5: 5 | D5: 가장 큰 근육군 · 회복 여력 최대
A6: 스쿼트 사이클당 증량 (kg) | C6: 5 | D6: 하체 — 복귀 구간에서는 빠르게 오른다
A7: 벤치프레스 사이클당 증량 (kg) | C7: 2 | D7: 1kg 원판 × 2 = 봉 전체 2kg. 작은 원판이 2.5 · 1 · 0.5kg 각 2개뿐이라 1.125kg 마이크로플레이트를 전제한 2.25는 만들 수 없었다 | H7: =SUM(D7:D10) -> 0
A8: 밀리터리 프레스 사이클당 증량 (kg) | C8: 1 | D8: 가장 작은 근육군. 0.5kg 원판 × 2 = 봉 전체 1kg이 최소 증량 단위다. 5로 나눈 나머지가 4인 값(24 · 29 …)은 건너뛰고 1kg 올라간다
A9: 사이클 | B9: 날짜 (1일차) | C9: 스쿼트 목표 | D9: 미달 시 반복수 | E9: 데드 목표 | F9: 미달 시 반복수 | G9: 벤치 목표 | H9: 미달 시 반복수 | I9: 프레스 목표 | J9: 미달 시 반복수 | K9: 메모 | L9: 다음날 피로 0~5 | M9: 관절 이상
A10: 1사이클 | C10: =시작중량_설정!$D$7 -> 37 | E10: =시작중량_설정!$D$8 -> 42 | G10: =시작중량_설정!$D$9 -> 23 | I10: =시작중량_설정!$D$10 -> 20
A11: 2사이클 | C11: =IF(OR(D10="",D10="O"),(C10+$C$6+(MOD(C10+$C$6,5)=4)),C10) -> 42 | E11: =IF(OR(F10="",F10="O"),(E10+$C$5+(MOD(E10+$C$5,5)=4)),E10) -> 47 | G11: =IF(OR(H10="",H10="O"),(G10+$C$7+(MOD(G10+$C$7,5)=4)),G10) -> 25 | I11: =IF(OR(J10="",J10="O"),(I10+$C$8+(MOD(I10+$C$8,5)=4)),I10) -> 21
A12: 3사이클 | C12: =IF(OR(D11="",D11="O"),(C11+$C$6+(MOD(C11+$C$6,5)=4)),C11) -> 47 | E12: =IF(OR(F11="",F11="O"),(E11+$C$5+(MOD(E11+$C$5,5)=4)),E11) -> 52 | G12: =IF(OR(H11="",H11="O"),(G11+$C$7+(MOD(G11+$C$7,5)=4)),G11) -> 27 | I12: =IF(OR(J11="",J11="O"),(I11+$C$8+(MOD(I11+$C$8,5)=4)),I11) -> 22
A13: 4사이클 | B13: 46258 | C13: =IF(OR(D12="",D12="O"),(C12+$C$6+(MOD(C12+$C$6,5)=4)),C12) -> 52 | E13: =IF(OR(F12="",F12="O"),(E12+$C$5+(MOD(E12+$C$5,5)=4)),E12) -> 57 | G13: =IF(OR(H12="",H12="O"),(G12+$C$7+(MOD(G12+$C$7,5)=4)),G12) -> 30 | I13: =IF(OR(J12="",J12="O"),(I12+$C$8+(MOD(I12+$C$8,5)=4)),I12) -> 23
A14: 5사이클 | B14: 46266 | C14: =IF(OR(D13="",D13="O"),(C13+$C$6+(MOD(C13+$C$6,5)=4)),C13) -> 57 | E14: =IF(OR(F13="",F13="O"),(E13+$C$5+(MOD(E13+$C$5,5)=4)),E13) -> 62 | G14: =IF(OR(H13="",H13="O"),(G13+$C$7+(MOD(G13+$C$7,5)=4)),G13) -> 32 | I14: =IF(OR(J13="",J13="O"),(I13+$C$8+(MOD(I13+$C$8,5)=4)),I13) -> 25 | K14: [2026-09-05] 6일차를 하루 미룸 — 늦게 일어나 갔더니 헬스장이 닫혀 있었다. 실제 1일차는 08-31이었으나 앱 달력 기준을 09-01로 당겨 적어 09-06이 6일차가 되게 했다(이 사이클만 11일, 다음 사이클 1일차 09-11).
A15: 6사이클 | C15: =IF(OR(D14="",D14="O"),(C14+$C$6+(MOD(C14+$C$6,5)=4)),C14) -> 62 | E15: =IF(OR(F14="",F14="O"),(E14+$C$5+(MOD(E14+$C$5,5)=4)),E14) -> 67 | G15: =IF(OR(H14="",H14="O"),(G14+$C$7+(MOD(G14+$C$7,5)=4)),G14) -> 35 | I15: =IF(OR(J14="",J14="O"),(I14+$C$8+(MOD(I14+$C$8,5)=4)),I14) -> 26
A16: 7사이클 | C16: =IF(OR(D15="",D15="O"),(C15+$C$6+(MOD(C15+$C$6,5)=4)),C15) -> 67 | E16: =IF(OR(F15="",F15="O"),(E15+$C$5+(MOD(E15+$C$5,5)=4)),E15) -> 72 | G16: =IF(OR(H15="",H15="O"),(G15+$C$7+(MOD(G15+$C$7,5)=4)),G15) -> 37 | I16: =IF(OR(J15="",J15="O"),(I15+$C$8+(MOD(I15+$C$8,5)=4)),I15) -> 27
A17: 8사이클 | C17: =IF(OR(D16="",D16="O"),(C16+$C$6+(MOD(C16+$C$6,5)=4)),C16) -> 72 | E17: =IF(OR(F16="",F16="O"),(E16+$C$5+(MOD(E16+$C$5,5)=4)),E16) -> 77 | G17: =IF(OR(H16="",H16="O"),(G16+$C$7+(MOD(G16+$C$7,5)=4)),G16) -> 40 | I17: =IF(OR(J16="",J16="O"),(I16+$C$8+(MOD(I16+$C$8,5)=4)),I16) -> 28
A18: 9사이클 | C18: =IF(OR(D17="",D17="O"),(C17+$C$6+(MOD(C17+$C$6,5)=4)),C17) -> 77 | E18: =IF(OR(F17="",F17="O"),(E17+$C$5+(MOD(E17+$C$5,5)=4)),E17) -> 82 | G18: =IF(OR(H17="",H17="O"),(G17+$C$7+(MOD(G17+$C$7,5)=4)),G17) -> 42 | I18: =IF(OR(J17="",J17="O"),(I17+$C$8+(MOD(I17+$C$8,5)=4)),I17) -> 30
A19: 10사이클 | C19: =IF(OR(D18="",D18="O"),(C18+$C$6+(MOD(C18+$C$6,5)=4)),C18) -> 82 | E19: =IF(OR(F18="",F18="O"),(E18+$C$5+(MOD(E18+$C$5,5)=4)),E18) -> 87 | G19: =IF(OR(H18="",H18="O"),(G18+$C$7+(MOD(G18+$C$7,5)=4)),G18) -> 45 | I19: =IF(OR(J18="",J18="O"),(I18+$C$8+(MOD(I18+$C$8,5)=4)),I18) -> 31
A20: 11사이클 | C20: =IF(OR(D19="",D19="O"),(C19+$C$6+(MOD(C19+$C$6,5)=4)),C19) -> 87 | E20: =IF(OR(F19="",F19="O"),(E19+$C$5+(MOD(E19+$C$5,5)=4)),E19) -> 92 | G20: =IF(OR(H19="",H19="O"),(G19+$C$7+(MOD(G19+$C$7,5)=4)),G19) -> 47 | I20: =IF(OR(J19="",J19="O"),(I19+$C$8+(MOD(I19+$C$8,5)=4)),I19) -> 32
A21: 12사이클 | C21: =IF(OR(D20="",D20="O"),(C20+$C$6+(MOD(C20+$C$6,5)=4)),C20) -> 92 | E21: =IF(OR(F20="",F20="O"),(E20+$C$5+(MOD(E20+$C$5,5)=4)),E20) -> 97 | G21: =IF(OR(H20="",H20="O"),(G20+$C$7+(MOD(G20+$C$7,5)=4)),G20) -> 50 | I21: =IF(OR(J20="",J20="O"),(I20+$C$8+(MOD(I20+$C$8,5)=4)),I20) -> 33
A23: · 공란 또는 O = 계획대로 증량. 그 밖의 입력(반복수 · X) = 그 중량을 다음 사이클에도 유지.
A24: · 1사이클 중량은 '시작중량_설정' 시트 D열과 연동됨. 여기서 직접 수정하지 말 것.
A25: · 같은 종목에 X가 3주 연속이면 그 종목만 10% 디로드 후 재상승.
A27: · 증량폭을 종목별로 나눈 이유: 절대값이 같아도 부담이 전혀 다르다.
A28: · 20kg 프레스에 2.25kg은 11% 증가지만, 105kg 데드에 2.5kg은 2.4%다.
A29: · 균일 증량을 쓰면 작은 종목만 비현실적으로 빨리 오르고 큰 종목은 제자리에 머문다.
A30: · 하체 5kg이 커 보이지만 복귀 구간 첫 두세 달은 정상 범위다. 근력을 새로 만드는 것이 아니라 되찾는 구간이기 때문.
A31: · 이 속도가 버거워지면(X가 반복되면) 해당 칸 숫자를 절반으로 내린다.
A32: · 미달 시 반복수: X 대신 마지막 세트에서 실제로 나온 횟수를 적는다. 5회 목표에 4와 2는 전혀 다른 신호다.
A33: · 다음날 피로 0~5 (L열): 0 가뿐 · 3 뻐근하지만 훈련 가능 · 5 탈진. 다음 세션 아침에 적는다.
A34: · 관절 이상 (M열): 없으면 비워둔다. 있을 때만 부위와 0~10 (예: 무릎 3).
A35: · 기억으로 소급해 채우지 말 것 — 없는 데이터보다 지어낸 데이터가 나쁘다. 모르는 사이클은 비워둔다.
A36: · 이 두 칸이 3사이클 쌓이기 전에는 볼륨을 올릴 근거가 없다. 검산표의 하한 미달은 근거가 아니다.

Sheet 9월이후조정
A1: 9월 이후 — 현장 복귀 시 조정
A2: 이 프로그램은 재택 = 생활 부하 0 전제. 현장 복귀 시 그대로 쓰면 과부하 — 다만 목표는 유지가 아니라 완만한 성장이다.
A4: 부위 / 항목 | B4: 조정 | C4: 이유
A5: 등 | B5: 감축 | C5: 일이 하루 종일 채움 — 들고 · 당기고 · 버티는 동작 전부
A6: 하체 | B6: 감축 | C6: 서 있기 · 걷기로 이미 볼륨 누적
A7: 기립근 | B7: 대폭 감축 | C7: 데드 주 1회 유지가 상한. 현장 일이 허리를 이미 소모시킴
A8: 프레싱 (벤치 · 프레스) | B8: 유지 | C8: 현장 일이 채워주지 않는 유일한 영역
A9: 후면 삼각근 · 코어 | B9: 유지 | C9: 당기고 버티는 동작만으로는 안 채워짐
A10: 빈도 | B10: 주 6회 → 주 4회 | C10: 12시간 근무일과 그 다음날은 회피. 요일이 유동이라 토 · 일만 고정한다
A11: 메인 리프트 배치 | B11: 12시간 근무일 회피 | C11: 허리가 안 돌아온 상태에서 치는 것이 가장 위험
A12: 판단 기준 | B12: 다음 근무일 아침 허리 상태 | C12: 뻐근하면 그 주 무게가 과했던 것. 어떤 프로그램 표보다 정확
A15: · 같은 프로그램이라도 생활 부하에 따라 적정선이 움직인다.
A16: · 지금은 빠르게 쌓는 시기, 복귀 후는 느리게 쌓는 시기다. 멈추는 시기가 아니다.
A17: · 재택 기간에 근력 베이스를 만들어두면 복귀 후에는 좁은 자리(벤치 · 스쿼트)만 밀어도 3대가 올라간다.
A19: · 헬스보다 중요한 것: 일하는 중간의 움직임. 50분 앉으면 5분 일어나기, 하루 30분 걷기.
A20: · 헬스는 하루 1시간이고 앉아 있는 건 8시간 — 총량으로 보면 앉은 시간이 이긴다.
A22: → 실제 요일 배치와 종목표는 '복귀_주간계획' 이하 4개 탭에 작성됨.
A24: 9월 전 완충 구간 (v15 추가)
A25: · 재택 161세트 → 복귀 120세트 (75%). 유지 하한 밴드(54~80) 위에 두어 성장 여지를 남겼다.
A26: · 복귀 2~3주 전을 완충 구간으로 둘 것 — 주 4회 · 약 130세트로 한 단계 걸치고 내려간다.
A27: · 감축 순서: 팔 전용 → 전완 → 등 · 하체 보조 종목. 메인 리프트와 프레싱은 마지막까지 유지.
A28: · 완충 구간에서 중량은 내리지 않는다. 볼륨만 줄이고 강도를 유지해야 근력이 남는다.
A30: · 복귀_주간계획의 현재 수치: 161 → 120세트 · 주 296분. 주 4회 2분할 · 성장선 · 6~8주마다 디로드.

Sheet 복귀_주간계획
A1: 현장 복귀 버전 — 주간 계획 (주 4회 · 2분할 · 성장선)
A2: 12시간 근무 주 2일 · 요일 유동 · 토 · 일은 시간 확보
A3: 훈련 주 4회 — 토 · 일 고정 + 평일 2회 유동
A5: 슬롯 | B5: 근무 | C5: 고정 | D5: 훈련 | E5: 세트 | F5: 예상 시간 | G5: 비고
A6: 평일 A | B6: 8시간인 날 | C6: 유동 | D6: 가슴 위주 (상체 A) | E6: =복귀_평일A_가슴!$E$27 -> 28 | F6: 약 72분 | G6: 미는 날. 벤치를 매주 올린다. 네 세션 중 가장 짧다
A7: 평일 B | B7: 8시간인 날 | C7: 유동 | D7: 어깨 위주 (하체 B) | E7: =복귀_평일B_어깨!$E$21 -> 35 | F7: 약 66분 | G7: 척추 부하 0. 일요일 다음날에 쓸 수 있는 유일한 세션
A8: 토 | B8: 시간 확보 | C8: 고정 | D8: 하체 · 어깨 (하체 A) | E8: =복귀_토_하체!$E$34 -> 37 | F8: 약 84분 | G8: 스쿼트 5×5와 오버헤드 프레스를 앞쪽에 · 어깨 보조 9세트
A9: 일 | B9: 휴무 | C9: 고정 | D9: 등 위주 (상체 B) | E9: =복귀_일_등!$E$27 -> 35 | F9: 약 74분 | G9: 완전 휴무일 — 척추가 버티는 종목은 전부 여기
A10: 나머지 3일 | B10: 12시간 2일 포함 | C10: — | D10: 휴식 | E10: 0 | F10: — | G10: 12시간 근무일과 그 다음날, 그리고 일요일 다음날은 비운다
A11: 합계 | E11: =SUM(E6:E10) -> 135 | F11: 약 296분 (4시간 56분)
A15: [요일 선정 논리]
A16: · 확실한 것은 두 가지뿐이다 — 12시간 근무가 주 2일이라는 것, 그리고 토 · 일은 시간이 확보된다는 것.
A17: · 어느 요일이 12시간인지 모르므로 평일을 고정 배치할 수 없다. 그래서 무거운 두 리프트를 토 · 일에 고정하고, 평일 2회는 8시간인 날로 그 주에 맞춰 넣는다.
A18: · 평일 두 세션은 둘 다 척추 부하가 0이다. 어느 요일에 걸려도 다음날 근무를 망치지 않도록 그렇게 짰다.
A19: · 12시간이 월·수 / 월·목 / 화·목으로 걸리는 주에는 다음날 회피까지 감안하면 8시간인 평일이 하루뿐이다. 그 주는 3회로 간다 — 평일 B를 뺀다. 그 주에는 평일 A 뒤에 레터럴 3 + 케이블 리버스 플라이 3을 얹어 어깨 손실만 메운다 (복귀_평일A_가슴 시트 아래 [평일 B를 빼는 주 — 어깨 축약분]).
A20: · 평일 두 세션은 붙이지 말고 사이에 하루를 둔다. 볼륨은 시간이 남는 토 · 일로 몰고 평일은 짧게 유지한다 — 근무 뒤에 들어가는 자리이기 때문이다.
A22: [일요일 다음날 규칙]
A23: · 일요일 다음날은 비우는 것이 기본이다. 당기기 12세트 + 데드 뒤라 회복이 우선이다.
A24: · 훈련해야 한다면 평일 B다. 어깨 · 하체 고립 · 코어뿐이라 일요일과 겹치는 부위가 하나도 없다.
A25: · 평일 A는 등 보조가 6세트라 일요일 바로 다음날에 넣으면 등이 이틀 연속이 된다. 이 자리에는 두지 않는다.
A27: [유지가 아니라 성장이 목표다]
A28: · 120세트는 유지선(75)이 아니라 성장선이다. 유지 모드로 두면 현장 일 기간 내내 3대 500이 멈추기 때문에 그렇게 잡지 않았다.
... A50: · 웜업은 별도다. 메인 리프트가 있는 날은 10~15분을 더 잡는다.

Sheet 복귀_토_하체
A1: 토요일 — 하체 위주 (하체 A)
A2: 시간이 널널한 날. 스쿼트만 프리웨이트로 두고 나머지는 전부 머신 — 다음날 데드가 있으므로 힌지를 빼서 기립근 부하를 0에 가깝게 만든다.
A4: 메인: 스쿼트
A5: 중량(Kg) | B5: 반복 | C5: 세트
A6: =MAX(20,(MROUND(시작중량_설정!$E$7*0.4,1)+(MOD(MROUND(시작중량_설정!$E$7*0.4,1),5)=4))) -> 25 | B6: 5 | C6: 2
A7: =IF(MAX(20,(MROUND(시작중량_설정!$E$7*0.6,1)+(MOD(MROUND(시작중량_설정!$E$7*0.6,1),5)=4)))<=MAX(20,(MROUND(시작중량_설정!$E$7*0.4,1)+(MOD(MROUND(시작중량_설정!$E$7*0.4,1),5)=4))),"생략",MAX(20,(MROUND(시작중량_설정!$E$7*0.6,1)+(MOD(MROUND(시작중량_설정!$E$7*0.6,1),5)=4)))) -> 37 | B7: 5 | C7: 1
A8: =IF(MAX(20,(MROUND(시작중량_설정!$E$7*0.75,1)+(MOD(MROUND(시작중량_설정!$E$7*0.75,1),5)=4)))<=MAX(20,(MROUND(시작중량_설정!$E$7*0.6,1)+(MOD(MROUND(시작중량_설정!$E$7*0.6,1),5)=4))),"생략",MAX(20,(MROUND(시작중량_설정!$E$7*0.75,1)+(MOD(MROUND(시작중량_설정!$E$7*0.75,1),5)=4)))) -> 47 | B8: 3 | C8: 1
A9: =IF(MAX(20,(MROUND(시작중량_설정!$E$7*0.9,1)+(MOD(MROUND(시작중량_설정!$E$7*0.9,1),5)=4)))<=MAX(20,(MROUND(시작중량_설정!$E$7*0.75,1)+(MOD(MROUND(시작중량_설정!$E$7*0.75,1),5)=4))),"생략",MAX(20,(MROUND(시작중량_설정!$E$7*0.9,1)+(MOD(MROUND(시작중량_설정!$E$7*0.9,1),5)=4)))) -> 56 | B9: 2 | C9: 1
A10: =시작중량_설정!$E$7 -> 62 | B10: 5 | C10: 5
A11: ↑ '시작중량_설정'과 자동 연동. 20 = 빈 봉. '생략'은 앞 세트와 중량이 겹쳐 불필요하다는 뜻.
A13: 메인: 스미스 오버헤드 프레스
A14: 중량(Kg) | B14: 반복 | C14: 세트
A15: =MAX(20,(MROUND(시작중량_설정!$E$10*0.4,1)+(MOD(MROUND(시작중량_설정!$E$10*0.4,1),5)=4))) -> 20 | B15: 5 | C15: 2
A16: =IF(MAX(20,(MROUND(시작중량_설정!$E$10*0.6,1)+(MOD(MROUND(시작중량_설정!$E$10*0.6,1),5)=4)))<=MAX(20,(MROUND(시작중량_설정!$E$10*0.4,1)+(MOD(MROUND(시작중량_설정!$E$10*0.4,1),5)=4))),"생략",MAX(20,(MROUND(시작중량_설정!$E$10*0.6,1)+(MOD(MROUND(시작중량_설정!$E$10*0.6,1),5)=4)))) -> 생략 | B16: 5 | C16: 1
A17: =IF(MAX(20,(MROUND(시작중량_설정!$E$10*0.75,1)+(MOD(MROUND(시작중량_설정!$E$10*0.75,1),5)=4)))<=MAX(20,(MROUND(시작중량_설정!$E$10*0.6,1)+(MOD(MROUND(시작중량_설정!$E$10*0.6,1),5)=4))),"생략",MAX(20,(MROUND(시작중량_설정!$E$10*0.75,1)+(MOD(MROUND(시작중량_설정!$E$10*0.75,1),5)=4)))) -> 생략 | B17: 3 | C17: 1
A18: =IF(MAX(20,(MROUND(시작중량_설정!$E$10*0.9,1)+(MOD(MROUND(시작중량_설정!$E$10*0.9,1),5)=4)))<=MAX(20,(MROUND(시작중량_설정!$E$10*0.75,1)+(MOD(MROUND(시작중량_설정!$E$10*0.75,1),5)=4))),"생략",MAX(20,(MROUND(시작중량_설정!$E$10*0.9,1)+(MOD(MROUND(시작중량_설정!$E$10*0.9,1),5)=4)))) -> 23 | B18: 2 | C18: 1
A19: =시작중량_설정!$E$10 -> 26 | B19: 5 | C19: 3
A20: ↑ '시작중량_설정'과 자동 연동. 20 = 빈 봉. '생략'은 앞 세트와 중량이 겹쳐 불필요하다는 뜻. 스쿼트 뒤라 하체는 데워져 있지만 어깨 궤도는 처음이므로 램프를 줄이지 않는다.
A22: 운동 구성
A23: # | B23: 종목 | C23: 근육군 | D23: 중량(Kg) | E23: 세트 | F23: 횟수 | G23: 수행(초) | H23: 휴식(초) | I23: 종목 분 | J23: 메모 | K23: 대체 종목 | L23: 세트별 휴식(초) | M23: 슈퍼세트 | N23: 드롭(초)
A24: 1 | B24: 스쿼트 | C24: 대퇴사두 | D24: =시작중량_설정!$E$7 -> 62 | E24: 5 | F24: 5 | G24: 30 | H24: 180 | I24: =IF(E24=0,0,ROUND((E24*(G24+H24)+N24)/60,1)) -> 17.5 | J24: 미는 종목 2순위. 성장 목표로 바꾸면서 3×5 → 5×5로 되돌렸다 (주 +2.5kg · 사이클 칸은 2주에 한 번) | K24: 레그 프레스 (허리 부담 시 1순위) / 스미스 스쿼트 / 핵 스쿼트 | L24: 150/165/180/195/210
A25: 2 | B25: 스미스 오버헤드 프레스 | C25: 삼각근(전면) | D25: =시작중량_설정!$E$10 -> 26 | E25: 3 | F25: 5 | G25: 30 | H25: 180 | I25: =IF(E25=0,0,ROUND((E25*(G25+H25)+N25)/60,1)) -> 10.5 | J25: 증량을 추적하는 리프트라 하체 볼륨 앞에 둔다. 궤도가 고정돼 스쿼트 뒤에도 안정화 부담이 없다 (주 +0.5kg · 사이클 칸은 2주에 한 번) | K25: 머신 숄더 프레스 (완전 머신을 원할 때 — 단 증량 추적은 끊긴다) | L25: 165/180/195
A26: 3 | B26: 레그 프레스 | C26: 대퇴사두 | D26: — | E26: 4 | F26: 8~12 | G26: 45 | H26: 150 | I26: =IF(E26=0,0,ROUND((E26*(G26+H26)+N26)/60,1)) -> 13 | J26: 스쿼트 뒤 사두 볼륨을 척추 부하 없이 채운다. 발 위치를 높게 두면 둔근·햄스트링도 걸린다. 더블 프로그레션 — 전 세트가 목표 반복 상단에 닿으면 다음 주에 중량을 올린다 | K26: 핵 스쿼트 / 45도 레그 프레스 / 스미스 스쿼트
A27: 4 | B27: 레그 익스텐션 | C27: 대퇴사두 | D27: — | E27: 3 | F27: 10~12 | G27: 40 | H27: 120 | I27: =IF(E27=0,0,ROUND((E27*(G27+H27)+N27)/60,1)) -> 9.3 | J27: 사두 고립. 척추 부하 없이 볼륨만 더한다. 더블 프로그레션 — 전 세트가 목표 반복 상단에 닿으면 다음 주에 중량을 올린다 [2026-09-13 마지막 세트 드롭 2단 — 재택 8일차와 같은 자리다. 레그 프레스(복합)가 앞, 익스텐션(고립)이 뒤라 순서는 이미 맞다. 드롭 뒤 남는 하체는 햄스트링 · 내전근 · 중둔근 · 종아리라 사두와 겹치지 않는다. 세트 수 그대로, 증량 판정은 앞 세트로만. +75초는 N열] | K27: 시시 스쿼트 머신 / 레그 프레스 (고립은 아니나 궤도 고정) | N27: 75
A28: 5 | B28: 원 레그 컬 | C28: 햄스트링 | D28: — | E28: 3 | F28: 10 | G28: 60 | H28: 120 | I28: =IF(E28=0,0,ROUND((E28*(G28+H28)+N28)/60,1)) -> 9 | J28: 루마니안 데드 대체. 힌지를 빼서 다음날 데드가 온전히 나온다. 편측이라 좌우 차이도 잡힌다. 더블 프로그레션 — 전 세트가 목표 반복 상단에 닿으면 다음 주에 중량을 올린다 | K28: 라잉 / 시티드 레그 컬 (양측) / 케이블 풀스루
A29: 6 | B29: 이너 타이 | C29: 내전근 | D29: 40 | E29: 4 | F29: 12~15 | G29: 40 | H29: 10 | I29: =IF(E29=0,0,ROUND((E29*(G29+H29)+N29)/60,1)) -> 3.3 | J29: 복귀판에 내전근이 통째로 비어 있었다. 재택에서 실질 10세트로 올려둔 부위라 되살린다. 더블 프로그레션 — 전 세트가 목표 반복 상단에 닿으면 다음 주에 중량을 올린다 [2026-09-13 — 아우터 타이와 슈퍼세트(A)로 묶었다. 재택 3일차와 같은 방식이다. 겸용 머신이라 패드만 뒤집으면 되어 전환이 10초다. 휴식 120 → 10초는 그 전환 시간이고, 라운드 간 휴식은 아우터 쪽 120초가 맡는다. 길항근 쌍이라 서로의 피로를 나눠 갖지 않으며, 각 근육 입장에서는 자기 세트 간격이 오히려 170초로 늘어난다] | K29: 와이드 스탠스 레그 프레스 / 케이블 어덕션 | M29: A
A30: 7 | B30: 아우터 타이 (힙 외전) | C30: 중둔근 | D30: 30~35 | E30: 5 | F30: 12~15 | G30: 40 | H30: 120 | I30: =IF(E30=0,0,ROUND((E30*(G30+H30)+N30)/60,1)) -> 13.3 | J30: 관상면 외전. [2026-09-13 신설 — 이너 타이와의 슈퍼세트(A)로 들어왔다. 복귀판 중둔근은 직접이 평일 B 케이블 힙 외전 3세트뿐으로 프로그램 최하위(실질 3.0)였다. 여기 5세트로 직접 8 = 유지 하한에 닿는다. 평일 B 케이블 힙 외전은 그대로 둔다 — 앉아서 고관절 굽힌 채(여기)와 서서 편 채(평일 B)는 각도가 다르다. 반드시 양측 동시 머신으로 — 케이블 좌우 버전은 수행 80초라 40초짜리 이너와 라운드가 안 맞는다. 슈퍼세트라 5세트를 더해도 세션은 6분만 길어진다. 이너가 4세트라 마지막 라운드는 아우터 혼자 돈다] | K30: 힙 어브덕션 머신 (겸용 머신이 없을 때) / 케이블 힙 외전 (좌우 — 슈퍼세트로는 부적합) / 밴드 몬스터 워크 / 사이드 라잉 힙 외전 | M30: A
A31: 8 | B31: 시티드 카프 레이즈 | C31: 종아리 | D31: — | E31: 3 | F31: 12~15 | G31: 40 | H31: 75 | I31: =IF(E31=0,0,ROUND((E31*(G31+H31)+N31)/60,1)) -> 5.8 | J31: 앉아서 하는 쪽. 온종일 서 있던 날 스탠딩보다 부담이 적다. 현장 일이 종아리를 종일 쓰므로 직접 3세트로 충분 | K31: 스탠딩 카프 레이즈 머신 / 레그 프레스 카프 레이즈
A32: 9 | B32: 리버스 펙덱 | C32: 삼각근(후면) | D32: 15~20 | E32: 3 | F32: 12~15 | G32: 40 | H32: 60 | I32: =IF(E32=0,0,ROUND((E32*(G32+H32)+N32)/60,1)) -> 6 | J32: 어깨 보조. 평일 B의 케이블 리버스 플라이와 저항곡선이 갈린다 — 머신은 수축 끝단, 케이블은 전 구간에 장력이 걸린다. 더블 프로그레션 — 전 세트가 목표 반복 상단에 닿으면 다음 주에 중량을 올린다 [2026-09-13 마지막 세트 드롭 2단 — 핀 20~30% 내려 두 번. 팔을 편 채로 견갑이 아니라 후면 삼각만 쓴다. 세트 수 그대로, 증량 판정은 앞 세트로만. +60초는 N열] | K32: 케이블 리버스 플라이 / 리어 델트 로우 (로프) / 페이스풀 (로프) | N32: 60
A33: 10 | B33: 레터럴 레이즈 | C33: 삼각근(측면) | D33: 8~10 | E33: 4 | F33: 12~15 | G33: 40 | H33: 60 | I33: =IF(E33=0,0,ROUND((E33*(G33+H33)+N33)/60,1)) -> 7.7 | J33: 어깨 보조. 평일 B와 합쳐 측면 삼각근을 주 10세트로 맞춘다 — 간접 자극이 0인 부위라 직접 세트로만 채워진다. 더블 프로그레션 — 전 세트가 목표 반복 상단에 닿으면 다음 주에 중량을 올린다 [2026-09-13 마지막 세트 드롭 2단 — 그날 마지막 종목이다. 덤벨이면 한 단계 가벼운 것으로 바로 옮겨 두 번. 세트 수 그대로, 증량 판정은 앞 세트로만. +60초는 N열] | K33: 케이블 레터럴 레이즈 / 머신 레터럴 | N33: 60
D34: 세트 합계 | E34: =SUM(E24:E33) -> 37 | I34: =ROUND(SUM(I24:I33),0) -> 95
A36: [배치 이유]
A37: · 토 · 일은 근무 패턴과 무관하게 확보되는 이틀이다. 무거운 두 리프트(스쿼트 · 데드)를 여기에 고정하는 이유가 그것이다.
A38: · 스쿼트(토) → 데드(일) 순서가 그 반대보다 낫다. 데드 다음날 스쿼트는 허리가 받쳐주지 않는다.
A39: · 스미스 오버헤드 프레스를 2번째에 둔 것은 이것이 증량을 추적하는 리프트이기 때문이다. 하체 볼륨 뒤로 밀면 진행이 안 나온다.
A40: · 힌지 계열(루마니안 데드)을 빼고 원 레그 컬로 햄스트링을 채운다. 다음날 데드가 온전히 나온다.
A41: · 어깨 보조는 오버헤드 프레스 3 + 리버스 펙덱 3 + 레터럴 3 = 9세트. 하체 21 + 어깨 9로 이 날은 하체와 어깨만 하는 날이다.
A43: [허리가 부담되면]
A44: · 스쿼트를 레그 프레스로 교체하면 기립근이 완전히 빠져 다음날 데드가 온전히 나온다.
A45: · 토 · 일 연속은 이상적이지 않으나 이 근무 스케줄에서는 다른 선택지가 없다.
A46: · 스쿼트 5×5는 성장선이다. 다음 근무일 아침 허리가 무거운 주가 이어지면 3×5로 되돌린다.
A48: [세션 크기]
A49: · 30세트지만 고립(레그 익스텐션 · 이너 타이 · 카프 · 리버스 펙덱 · 레터럴)이 15세트다. 상한 규칙상 실질 15로 본다.
... A56: · N열 '드롭(초)'는 마지막 세트에 더해지는 시간이다. I열 종목 분에 합산되고, 앱 타이머는 마지막 세트를 그만큼 늘린 뒤 '드롭세트'라고 읊는다. E열 세트 수와 복귀_세트검산은 건드리지 않는다.
C58: [요청 원문] 이너타이, 벡덱플라이

Sheet 복귀_일_등
A1: 일요일 — 등 위주 (상체 B)
A2: 완전 휴무일이라 회복된 상태에서 시작하고 하루가 통째로 남는다. 척추가 버티는 종목과 전완은 전부 이 날에 모았다.
A4: 메인: 데드리프트
A5: 중량(Kg) | B5: 반복 | C5: 세트
A6: =MAX(20,(MROUND(시작중량_설정!$E$8*0.4,1)+(MOD(MROUND(시작중량_설정!$E$8*0.4,1),5)=4))) -> 27 | B6: 5 | C6: 2
A7: =IF(MAX(20,(MROUND(시작중량_설정!$E$8*0.6,1)+(MOD(MROUND(시작중량_설정!$E$8*0.6,1),5)=4)))<=MAX(20,(MROUND(시작중량_설정!$E$8*0.4,1)+(MOD(MROUND(시작중량_설정!$E$8*0.4,1),5)=4))),"생략",MAX(20,(MROUND(시작중량_설정!$E$8*0.6,1)+(MOD(MROUND(시작중량_설정!$E$8*0.6,1),5)=4)))) -> 40 | B7: 5 | C7: 1
A8: =IF(MAX(20,(MROUND(시작중량_설정!$E$8*0.75,1)+(MOD(MROUND(시작중량_설정!$E$8*0.75,1),5)=4)))<=MAX(20,(MROUND(시작중량_설정!$E$8*0.6,1)+(MOD(MROUND(시작중량_설정!$E$8*0.6,1),5)=4))),"생략",MAX(20,(MROUND(시작중량_설정!$E$8*0.75,1)+(MOD(MROUND(시작중량_설정!$E$8*0.75,1),5)=4)))) -> 50 | B8: 3 | C8: 1
A9: =IF(MAX(20,(MROUND(시작중량_설정!$E$8*0.9,1)+(MOD(MROUND(시작중량_설정!$E$8*0.9,1),5)=4)))<=MAX(20,(MROUND(시작중량_설정!$E$8*0.75,1)+(MOD(MROUND(시작중량_설정!$E$8*0.75,1),5)=4))),"생략",MAX(20,(MROUND(시작중량_설정!$E$8*0.9,1)+(MOD(MROUND(시작중량_설정!$E$8*0.9,1),5)=4)))) -> 60 | B9: 2 | C9: 1
A10: =시작중량_설정!$E$8 -> 67 | B10: 5 | C10: 1
A11: ↑ '시작중량_설정'과 자동 연동. 20 = 빈 봉. '생략'은 앞 세트와 중량이 겹쳐 불필요하다는 뜻. 본세트가 1세트라 램프가 그날 데드의 대부분이다 — 90% 세트를 건너뛰지 않는다.
A13: 운동 구성
A14: # | B14: 종목 | C14: 근육군 | D14: 중량(Kg) | E14: 세트 | F14: 횟수 | G14: 수행(초) | H14: 휴식(초) | I14: 종목 분 | J14: 메모 | K14: 대체 종목 | L14: 세트별 휴식(초) | M14: 슈퍼세트 | N14: 드롭(초)
A15: 1 | B15: 데드리프트 | C15: 기립근 | D15: =시작중량_설정!$E$8 -> 67 | E15: 1 | F15: 5 | G15: 30 | H15: 180 | I15: =IF(E15=0,0,ROUND((E15*(G15+H15)+N15)/60,1)) -> 3.5 | J15: 지키는 종목. 허리는 현장 일과 직접 경쟁하므로 첫 4주는 1×5로 두고 지표만 본다 (주 +2.5kg · 사이클 칸은 2주에 한 번) [2026-09-13 — 아래 백오프 2세트 신설. 톱세트 강도는 그대로 두고 반복 노출만 3배로 늘린 것이다. 2×5 스트레이트로 가지 않은 이유는 그쪽이 제일 무거운 중량에서 허리 비용을 두 배로 만들기 때문이다.] | K15: 트랩바 데드 (요추 전단력 ↓ — 볼륨을 올리려면 이쪽이 먼저다) / 랙풀
A16: 2 | B16: 데드리프트 (백오프) | C16: 기립근 | D16: =INDEX(증량기록!$E$10:$E$21,MAX(1,시작중량_설정!$C$4-1)) -> 62 | E16: 2 | F16: 5 | G16: 30 | H16: 150 | I16: =IF(E16=0,0,ROUND((E16*(G16+H16)+N16)/60,1)) -> 6 | J16: 백오프 = 직전 사이클의 톱세트 중량. 이미 들어본 무게라 톱엔드 부하를 안 올리고 노출만 늘린다 — 중량 하나당 5회에서 15회로. [2026-09-13 신설] 데드는 주 1회 1×5로 주 5렙인데 증량은 스쿼트(주 25렙)와 같은 +2.5kg였다. 렙당 증량이 0.5kg 대 0.10kg, 5배다. 5년 공백에서 폼을 다시 배우는 종목을 가장 적은 반복으로 밀고 있었다는 뜻이다. 여기는 기록이 아니라 폼 연습 자리다 — 여유 있게 5회, 매 렙 셋업을 새로 잡는다. 무겁게 느껴지면 톱세트가 과했던 것이다. 다음 근무일 아침 허리가 무거우면 이 행을 1세트로 내리거나 그 주는 건너뛴다 — 톱세트보다 먼저 깎는 자리다. | K16: 트랩바 데드 (요추 전단력 ↓ — 허리가 애매한 주의 1순위) / 랙풀 (무릎 위에서 시작) / 루마니안 데드 (힌지 연습만)
A17: 3 | B17: 스미스 바벨 로우(오버그립) | C17: 승모(중부)·능형근 | D17: 40~45 | E17: 4 | F17: 8~10 | G17: 40 | H17: 150 | I17: =IF(E17=0,0,ROUND((E17*(G17+H17)+N17)/60,1)) -> 12.7 | J17: 궤도가 고정돼 데드 뒤에도 허리 비용이 낮다. 척추가 버티는 종목이라 완전 휴무일에만 둔다. 더블 프로그레션 — 전 세트가 목표 반복 상단에 닿으면 다음 주에 중량을 올린다 | K17: 티바 로우 / 해머 스트랭스 로우 (허리가 무거운 주) | L17: 135/145/155/165
A18: 4 | B18: 시티드 케이블 로우(좁은 그립) | C18: 광배 | D18: — | E18: 4 | F18: 8~12 | G18: 40 | H18: 150 | I18: =IF(E18=0,0,ROUND((E18*(G18+H18)+N18)/60,1)) -> 13.7 | J18: 수평 당기기 보강. 스미스 로우와 그립·각도를 다르게 잡는다. 더블 프로그레션 — 전 세트가 목표 반복 상단에 닿으면 다음 주에 중량을 올린다 [2026-09-13 마지막 세트 드롭 2단 — 재택은 원암 케이블 로우에 걸지만 복귀판엔 양팔뿐이라 이쪽에 건다. 핀 20~30% 내려 두 번. 앞에 데드 · 스미스 로우가 있으니 실패 뒤 허리로 당기지 말고 상체 각을 고정한 채 팔꿈치만 뒤로 보낸다. 뒤에 친업 3세트가 남으므로 그립이 타면 주저 말고 어시스트 머신으로. 세트 수 그대로. +60초는 N열] | K18: 머신 로우 / 원암 케이블 로우 (좌우 독립) | N18: 60
A19: 5 | B19: 친업 (어시스트 가능) | C19: 광배 | D19: 맨몸 | E19: 3 | F19: 6~8 | G19: 35 | H19: 150 | I19: =IF(E19=0,0,ROUND((E19*(G19+H19)+N19)/60,1)) -> 9.3 | J19: 수직 당기기. 그립이 지쳐 있으면 주저 말고 어시스트 머신으로 — 뒤에 전완 6세트가 남아 있다 | K19: 어시스트 풀업 머신 (1순위 — 그립 부담 ↓) / 랫풀다운 | L19: 135/150/165
A20: 6 | B20: 시티드 케이블 로우 스캡 슈러그(두번째 크기 바) | C20: 승모(중부)·능형근 | D20: 32 | E20: 3 | F20: 12~15 | G20: 40 | H20: 75 | I20: =IF(E20=0,0,ROUND((E20*(G20+H20)+N20)/60,1)) -> 6.8 | J20: 복귀판에 승모 중부·능형근 직접이 0이었다. 로우 간접만으로는 안 채워지는 부위. 더블 프로그레션 — 전 세트가 목표 반복 상단에 닿으면 다음 주에 중량을 올린다 [2026-09-13 마지막 세트 드롭 2단 — 재택 6일차와 같은 자리다. 핀 20~30% 내려 두 번, 반동으로 당기지 말고 견갑만 모은다. 세트 수 그대로, 증량 판정은 앞 세트로만. +60초는 N열] | K20: 페이스풀 (로프) / 리버스 펙덱 (팔 편 채로) | N20: 60
A21: 7 | B21: 오버헤드 슈러그(스미스) | C21: 승모(하부) | D21: 15~20 | E21: 3 | F21: 12~15 | G21: 40 | H21: 75 | I21: =IF(E21=0,0,ROUND((E21*(G21+H21)+N21)/60,1)) -> 5.8 | J21: 프론 Y 레이즈 대신. 팔이 머리 위에 고정된 채 견갑을 내리므로 하부 승모가 더 확실히 걸린다. 더블 프로그레션 — 전 세트가 목표 반복 상단에 닿으면 다음 주에 중량을 올린다 | K21: 프론 Y 레이즈 / 케이블 Y 레이즈
A22: 8 | B22: 딥스 | C22: 흉근(중하부) | D22: 맨몸 | E22: 3 | F22: 8~12 | G22: 40 | H22: 120 | I22: =IF(E22=0,0,ROUND((E22*(G22+H22)+N22)/60,1)) -> 8 | J22: 가슴 보조 첫째. 시간이 가장 많은 날이라 되살렸다 — 맨몸이라 세팅도 필요 없다 | K22: 어시스트 딥스 머신 / 헤머스트랭스 체스트 프레스 | L22: 105/120/135
A23: 9 | B23: 디클라인 케이블 플라이 | C23: 흉근(중하부) | D23: 10~15 | E23: 3 | F23: 12~15 | G23: 40 | H23: 105 | I23: =IF(E23=0,0,ROUND((E23*(G23+H23)+N23)/60,1)) -> 8.3 | J23: 가슴 보조 둘째. 당기기 뒤라 프레싱은 못 하지만 플라이는 어깨·삼두를 안 쓰므로 들어간다. 더블 프로그레션 — 전 세트가 목표 반복 상단에 닿으면 다음 주에 중량을 올린다 [2026-09-13 마지막 세트 드롭 2단 — 재택 7일차와 같은 자리다. 핀 20~30% 내려 두 번. 세트 수 그대로, 증량 판정은 앞 세트로만. +60초는 N열] | K23: 펙덱 플라이 / 덤벨 플라이 | N23: 60
A24: 10 | B24: 프리쳐 컬 | C24: 이두 | D24: 20~25 | E24: 3 | F24: 8~12 | G24: 40 | H24: 75 | I24: =IF(E24=0,0,ROUND((E24*(G24+H24)+N24)/60,1)) -> 6.8 | J24: 짧아진 구간이라 당기기 뒤에도 값이 덜 깎인다. 늘어난 구간(인클라인 덤벨 컬)은 평일 B로 보냈다. 더블 프로그레션 — 전 세트가 목표 반복 상단에 닿으면 다음 주에 중량을 올린다 [2026-09-13 마지막 세트 드롭 2단 — 재택 6일차와 같은 자리다. 뒤에 리스트 컬 2종이 남지만 손목 굴곡 · 신전은 이두와 다른 근육이라 값이 덜 깎인다. 세트 수 그대로, 증량 판정은 앞 세트로만. +60초는 N열] | K24: 케이블 컬 (전 구간 장력) / 머신 컬 / EZ바 프리쳐 컬 (손목이 편함) | N24: 60
A25: 11 | B25: 시티드 리스트 컬(손등 아래) | C25: 전완 | D25: 12 | E25: 3 | F25: 15 | G25: 40 | H25: 60 | I25: =IF(E25=0,0,ROUND((E25*(G25+H25)+N25)/60,1)) -> 5 | J25: 굴근 쪽. 그립과 같은 구획이라 당기기 뒤에 가장 많이 깎인다 — 그래서 전완 둘 중 먼저 친다. 더블 프로그레션 — 전 세트가 목표 반복 상단에 닿으면 다음 주에 중량을 올린다 | K25: 바벨 리스트 컬 / 케이블 리스트 컬
A26: 12 | B26: 시티드 리스트 컬(손등 위) | C26: 전완 | D26: 10 | E26: 3 | F26: 15 | G26: 40 | H26: 60 | I26: =IF(E26=0,0,ROUND((E26*(G26+H26)+N26)/60,1)) -> 5 | J26: 신근 쪽. 그립을 쓰지 않는 근육이라 당기기 뒤에도 온전히 나온다. 벤치에 앉은 채 손만 뒤집으면 된다. 더블 프로그레션 — 전 세트가 목표 반복 상단에 닿으면 다음 주에 중량을 올린다 | K26: 바벨 리버스 리스트 컬 / 케이블 리스트 익스텐션
D27: 세트 합계 | E27: =SUM(E15:E26) -> 35 | I27: =ROUND(SUM(I15:I26),0) -> 91
A29: [데드리프트 운용 규칙]
A30: · 첫 4주 규칙은 이제 '톱세트'에만 걸린다 — 톱은 4주간 1×5를 넘기지 않는다. 백오프 2세트는 직전 사이클 중량(이미 들어본 무게)이라 2026-09-13부터 바로 넣는다. 2×5 스트레이트와 달리 제일 무거운 중량의 노출이 안 늘기 때문이다.
A31: · 4주간 다음 근무일 아침 허리가 깨끗하면 톱을 2×5로 올린다. 그때가 데드가 성장으로 돌아서는 지점이다. 반대로 무거운 주가 오면 톱이 아니라 백오프를 먼저 깎는다 — 2 → 1세트 → 건너뛰기 순서다.
A32: · 볼륨을 올리고 싶은데 허리가 애매하면 트랩바로 바꾸는 것이 먼저다 — 요추 전단력이 낮아 같은 세트에서 비용이 싸다.
A33: · 허리가 무거운 주에는 데드와 스미스 로우를 둘 다 건너뛴다. 건너뛰는 것이 규율이지 나태가 아니다.
A34: · 12시간 근무일 바로 다음날이 일요일이 되는 주에는 데드를 빼거나 트랩바로 대체할 것.
A36: [척추 종목이 이 날에 모인 이유]
A37: · 데드와 스미스 바벨 로우는 척추가 버텨야 하는 종목이다. 완전 휴무일이라 전날 밤 회복 후 시작하고 하루가 통째로 남는다.
A38: · 바벨을 스미스로 바꿔 궤도를 고정했다 — 같은 자극에 허리 비용이 내려간다.
A39: · 평일 A의 등 보조 자리는 해머 스트랭스 로우가 맡는다. 체스트 서포티드라 척추 부하가 0이다.
A40: · 이 날 다음날은 비우는 것이 기본이다. 훈련해야 한다면 등도 척추도 안 쓰는 평일 B로 간다.
A42: [전완을 이 날에 모은 이유]
... A57: · N열 '드롭(초)'는 마지막 세트에 더해지는 시간이다. I열 종목 분에 합산되고, 앱 타이머는 마지막 세트를 그만큼 늘린 뒤 '드롭세트'라고 읊는다. E열 세트 수와 복귀_세트검산은 건드리지 않는다.
C59: [요청 원문] 시티드 케이블 로우 스캡 슈러그(두번째 크기 바), 와이 프론트 레이즈 대신 오버헤드 슈러그, 디클라인 케이블 플라이, 인클라인 덤벨컬, 시티드 리스트 컬(손등 아래), 리버스컬

Sheet 복귀_평일B_어깨
A1: 평일 B — 어깨 위주 (하체 B)
A2: 척추 부하가 0인 세션. 근무 상황을 가장 안 타므로 주중 어디에 넣어도 되고, 일요일 다음날에 쓸 수 있는 유일한 세션이다.
A4: 웜업 (세트 카운트 제외)
A5: · 이 날은 증량을 추적하는 메인 리프트가 없다. 첫 종목(머신 숄더 프레스) 작업중량의 50%로 10회 · 75%로 5회, 두 세트면 램프가 끝난다.
A6: · 케이블 외회전 2세트 × 12~15회를 아주 가볍게(2.5~5kg) 먼저 넣는다 — 뒤에 어깨 고립이 11세트 이어진다.
A7: · 둘 다 근비대가 아니라 관절 준비 항목이므로 세트 합계에 넣지 않는다.
A9: 운동 구성
A10: # | B10: 종목 | C10: 근육군 | D10: 중량(Kg) | E10: 세트 | F10: 횟수 | G10: 수행(초) | H10: 휴식(초) | I10: 종목 분 | J10: 메모 | K10: 대체 종목 | L10: 세트별 휴식(초) | M10: 슈퍼세트 | N10: 드롭(초)
A11: 1 | B11: 머신 숄더 프레스 | C11: 삼각근(전면) | D11: 20~25 | E11: 4 | F11: 8~12 | G11: 40 | H11: 120 | I11: =IF(E11=0,0,ROUND((E11*(G11+H11)+N11)/60,1)) -> 10.7 | J11: 궤도 고정이라 안정화 부담이 없다. 토요일 오버헤드 프레스와 각도를 나눈다. 더블 프로그레션 — 전 세트가 목표 반복 상단에 닿으면 다음 주에 중량을 올린다 | K11: 덤벨 숄더 프레스 / 스미스 오버헤드 프레스
A12: 2 | B12: 레터럴 레이즈 | C12: 삼각근(측면) | D12: 8~10 | E12: 4 | F12: 12~15 | G12: 40 | H12: 60 | I12: =IF(E12=0,0,ROUND((E12*(G12+H12)+N12)/60,1)) -> 7.7 | J12: 간접 자극이 0인 부위 — 직접 세트로만 채워진다. 더블 프로그레션 — 전 세트가 목표 반복 상단에 닿으면 다음 주에 중량을 올린다 [2026-09-13 마지막 세트 드롭 2단 — 실패 뒤 쉬지 않고 20~30% 내려 두 번. 무거운 구간에서 승모가 끼면 내린 무게로 어깨만 마저 채운다. 뒤에 원암 케이블 레터럴이 4세트 남으므로 드롭은 여기 한 곳만. 세트 수 그대로, 증량 판정은 앞 세트로만. +60초는 N열] | K12: 케이블 레터럴 레이즈 | N12: 60
A13: 3 | B13: 원암 케이블 레터럴 레이즈 | C13: 삼각근(측면) | D13: 5~7 | E13: 4 | F13: 12~15 | G13: 60 | H13: 60 | I13: =IF(E13=0,0,ROUND((E13*(G13+H13)+N13)/60,1)) -> 8 | J13: 케이블이라 전 구간 장력이 걸린다. 덤벨 레터럴이 약한 하단 구간을 메운다. 더블 프로그레션 — 전 세트가 목표 반복 상단에 닿으면 다음 주에 중량을 올린다 | K13: 리닝 케이블 레터럴 / 머신 레터럴
A14: 4 | B14: 벤트오버 레터럴 레이즈 머신 | C14: 삼각근(후면) | D14: 8~10 | E14: 4 | F14: 12~15 | G14: 40 | H14: 60 | I14: =IF(E14=0,0,ROUND((E14*(G14+H14)+N14)/60,1)) -> 6.7 | J14: 현장 자세가 어깨를 앞으로 말므로 감축 대상이 아니다. 오히려 더 필요해진다. 더블 프로그레션 — 전 세트가 목표 반복 상단에 닿으면 다음 주에 중량을 올린다 | K14: 케이블 리버스 플라이 / 리어 델트 로우 (로프)
A15: 5 | B15: 케이블 리버스 플라이 | C15: 삼각근(후면) | D15: 5~7 | E15: 3 | F15: 12~15 | G15: 40 | H15: 60 | I15: =IF(E15=0,0,ROUND((E15*(G15+H15)+N15)/60,1)) -> 5 | J15: 케이블이라 전 구간 장력이 걸린다 — 머신이 약한 수축 끝단을 메운다. 벤트오버 머신과 저항곡선이 갈리는 것이 이 자리의 값이다. 더블 프로그레션 — 전 세트가 목표 반복 상단에 닿으면 다음 주에 중량을 올린다 | K15: 리버스 펙덱 / 리어 델트 로우 (로프) / 페이스풀 (로프)
A16: 6 | B16: 인클라인 덤벨 컬 | C16: 이두 | D16: 10~12 | E16: 3 | F16: 8~12 | G16: 40 | H16: 75 | I16: =IF(E16=0,0,ROUND((E16*(G16+H16)+N16)/60,1)) -> 5.8 | J16: 일요일에서 옮겨 왔다. 이 날은 이두를 쓰는 종목이 하나도 없어 완전히 신선하다 — 늘어난 구간 종목이라 그 차이가 크다. 더블 프로그레션 — 전 세트가 목표 반복 상단에 닿으면 다음 주에 중량을 올린다 | K16: 케이블 드래그 컬 / 스파이더 컬
A17: 7 | B17: 힙 쓰러스트 | C17: 둔근 | D17: 40~50 | E17: 3 | F17: 10~12 | G17: 40 | H17: 120 | I17: =IF(E17=0,0,ROUND((E17*(G17+H17)+N17)/60,1)) -> 8 | J17: 복귀판에 둔근 직접 세트가 하나도 없었다. 척추 부하 없이 둔근만 때리는 유일한 자리. 더블 프로그레션 — 전 세트가 목표 반복 상단에 닿으면 다음 주에 중량을 올린다 | K17: 머신 힙 쓰러스트 / 글루트 브릿지 / 케이블 풀스루
A18: 8 | B18: 케이블 힙 외전 | C18: 중둔근 | D18: 15 | E18: 3 | F18: 12~15 (좌우) | G18: 60 | H18: 75 | I18: =IF(E18=0,0,ROUND((E18*(G18+H18)+N18)/60,1)) -> 6.8 | J18: 재택 7일차 종목. 복귀판에 중둔근이 통째로 비어 있던 것을 되살린다 — 앉는 시간이 길면 대둔근보다 중둔근이 먼저 잠든다. 더블 프로그레션 — 전 세트가 목표 반복 상단에 닿으면 다음 주에 중량을 올린다 | K18: 머신 힙 어브덕션 / 밴드 사이드 워크
A19: 9 | B19: 레그 컬 | C19: 햄스트링 | D19: — | E19: 4 | F19: 10~12 | G19: 40 | H19: 120 | I19: =IF(E19=0,0,ROUND((E19*(G19+H19)+N19)/60,1)) -> 11.9 | J19: 시티드로 하면 고관절이 굽어 햄스트링이 늘어난 구간에서 훈련된다. 더블 프로그레션 — 전 세트가 목표 반복 상단에 닿으면 다음 주에 중량을 올린다 [2026-09-13 마지막 세트 드롭 2단 — 핀 20~30% 내려 두 번. 지친 햄스트링은 수축 위치에서 쥐가 잘 나니 위에서 멈추지 말고 바로 내린다. 뒤에 크런치만 남는다. 세트 수 그대로, 증량 판정은 앞 세트로만. +75초는 N열] | K19: 시티드 레그 컬 (1순위 — 각도가 갈린다) / 라잉 레그 컬 | N19: 75
A20: 10 | B20: 중량 크런치 | C20: 복부 | D20: 2.5 | E20: 3 | F20: 12 | G20: 40 | H20: 60 | I20: =IF(E20=0,0,ROUND((E20*(G20+H20)+N20)/60,1)) -> 5 | J20: 현장 일은 코어를 버티게만 하지 굴곡시키지 않는다. 직접 굴곡은 여기서만 들어간다 | K20: 케이블 크런치 (머신) / 앱스 머신 / 캡틴 체어 니 레이즈
D21: 세트 합계 | E21: =SUM(E11:E20) -> 35 | I21: =ROUND(SUM(I11:I20),0) -> 76
A22: [배치 이유]
A23: · 전부 고립 · 머신이고 척추 부하가 0이다. 근무 상황을 가장 안 타므로 주중 어디에 넣어도 된다.
A24: · 일요일 바로 다음날에 훈련해야 한다면 이 세션이다 — 등도 척추도 안 쓰므로 유일하게 겹치지 않는다.
A25: · 32세트지만 메인 리프트가 없고 거의 전부가 고립이라 상한 규칙의 적용 대상이 아니다. 휴식이 60~75초라 약 66분이면 끝난다.
A26: · 평일 A와 붙이지 말고 사이에 하루를 둔다.
A28: [이두가 이 날에 있는 이유]
A29: · 재택 9일 주기에서 이두를 당기기 날에서 어깨 날로 옮긴 것과 같은 논리다. 당기기 뒤에는 이두가 간접으로 이미 지쳐 있다.
A30: · 인클라인 덤벨 컬은 장두가 늘어난 위치에서 시작하는 것이 전부인 종목이라, 지친 상태면 그 특성이 죽는다.
A31: · 짧아진 구간을 맡는 프리쳐 컬은 일요일에 남겼다 — 이두를 주 2회 3세트씩으로 나눈 것이다.
A33: [이 세션을 버리는 기준]
A34: · 8시간인 평일이 하루뿐인 주에는 이 세션을 뺀다. 네 개 중 가장 먼저 버리는 자리다.
A35: · 다만 뺀 주에는 측면 삼각이 12 → 4, 후면 삼각이 10 → 3으로 내려앉는다. 둘 다 현장 일이 안 채워주는 부위다. 그래서 빼는 주에는 평일 A 뒤에 레터럴 3 + 케이블 리버스 플라이 3을 얹는다 — 복귀_평일A_가슴 시트 아래 [평일 B를 빼는 주 — 어깨 축약분] 참조.
... A42: · N열 '드롭(초)'는 마지막 세트에 더해지는 시간이다. I열 종목 분에 합산되고, 앱 타이머는 마지막 세트를 그만큼 늘린 뒤 '드롭세트'라고 읊는다. E열 세트 수와 복귀_세트검산은 건드리지 않는다.
C44: [요청 원문] 레그 익스텐션, 힙쓰러스트, 원암 케이블 레터럴레이즈

Sheet 복귀_평일A_가슴
A1: 평일 A — 가슴 위주 (상체 A)
A2: 미는 날. 현장 일이 채워주지 않는 유일한 영역이라 여기는 깎지 않고 매주 올린다.
A4: 메인: 벤치프레스
A5: 중량(Kg) | B5: 반복 | C5: 세트
A6: =MAX(20,(MROUND(시작중량_설정!$E$9*0.4,1)+(MOD(MROUND(시작중량_설정!$E$9*0.4,1),5)=4))) -> 20 | B6: 5 | C6: 2
A7: =IF(MAX(20,(MROUND(시작중량_설정!$E$9*0.6,1)+(MOD(MROUND(시작중량_설정!$E$9*0.6,1),5)=4)))<=MAX(20,(MROUND(시작중량_설정!$E$9*0.4,1)+(MOD(MROUND(시작중량_설정!$E$9*0.4,1),5)=4))),"생략",MAX(20,(MROUND(시작중량_설정!$E$9*0.6,1)+(MOD(MROUND(시작중량_설정!$E$9*0.6,1),5)=4)))) -> 21 | B7: 5 | C7: 1
A8: =IF(MAX(20,(MROUND(시작중량_설정!$E$9*0.75,1)+(MOD(MROUND(시작중량_설정!$E$9*0.75,1),5)=4)))<=MAX(20,(MROUND(시작중량_설정!$E$9*0.6,1)+(MOD(MROUND(시작중량_설정!$E$9*0.6,1),5)=4))),"생략",MAX(20,(MROUND(시작중량_설정!$E$9*0.75,1)+(MOD(MROUND(시작중량_설정!$E$9*0.75,1),5)=4)))) -> 26 | B8: 3 | C8: 1
A9: =IF(MAX(20,(MROUND(시작중량_설정!$E$9*0.9,1)+(MOD(MROUND(시작중량_설정!$E$9*0.9,1),5)=4)))<=MAX(20,(MROUND(시작중량_설정!$E$9*0.75,1)+(MOD(MROUND(시작중량_설정!$E$9*0.75,1),5)=4))),"생략",MAX(20,(MROUND(시작중량_설정!$E$9*0.9,1)+(MOD(MROUND(시작중량_설정!$E$9*0.9,1),5)=4)))) -> 32 | B9: 2 | C9: 1
A10: =시작중량_설정!$E$9 -> 35 | B10: 5 | C10: 5
A11: ↑ '시작중량_설정'과 자동 연동. 20 = 빈 봉. '생략'은 앞 세트와 중량이 겹쳐 불필요하다는 뜻.
A13: 웜업 — 회전근개 (세트 카운트 제외)
A14: · 케이블 외회전 2세트 × 12~15회. 팔꿈치 90도로 접어 옆구리에 붙이고 바깥으로만 회전.
A15: · 매우 가볍게 — 2.5~5kg. 무거우면 광배와 후면 삼각근이 대신 일하며 목적을 잃는다.
A16: · 근비대 항목이 아니라 관절 준비 항목이므로 세트 합계에 넣지 않는다.
A18: 운동 구성
A19: # | B19: 종목 | C19: 근육군 | D19: 중량(Kg) | E19: 세트 | F19: 횟수 | G19: 수행(초) | H19: 휴식(초) | I19: 종목 분 | J19: 메모 | K19: 대체 종목 | L19: 세트별 휴식(초) | M19: 슈퍼세트 | N19: 드롭(초)
A20: 1 | B20: 벤치프레스 | C20: 흉근(중하부) | D20: =시작중량_설정!$E$9 -> 35 | E20: 5 | F20: 5 | G20: 30 | H20: 180 | I20: =IF(E20=0,0,ROUND((E20*(G20+H20)+N20)/60,1)) -> 17.5 | J20: 미는 종목 1순위. 현장 일이 가슴을 안 건드리므로 매주 선형으로 올린다 (주 +1kg · 사이클 칸은 2주에 한 번) | K20: 스미스 벤치 / 체스트 프레스 머신 | L20: 150/165/180/195/210
A21: 2 | B21: 인클라인 벤치프레스 머신 | C21: 흉근(상부) | D21: 40~45 | E21: 5 | F21: 8~10 | G21: 40 | H21: 150 | I21: =IF(E21=0,0,ROUND((E21*(G21+H21)+N21)/60,1)) -> 15.8 | J21: 3 → 5세트. 쇄골지가 직접 3세트뿐이라 실질 4.0으로 하한 미달이었던 것을 메운 자리. 더블 프로그레션 — 전 세트가 목표 반복 상단에 닿으면 다음 주에 중량을 올린다 | K21: 인클라인 스미스 프레스 / 인클라인 덤벨 프레스
A22: 3 | B22: 인클라인 덤벨 플라이 | C22: 흉근(상부) | D22: 8~10 | E22: 4 | F22: 10~12 | G22: 40 | H22: 105 | I22: =IF(E22=0,0,ROUND((E22*(G22+H22)+N22)/60,1)) -> 9.7 | J22: 재택 2일차 종목이라 새로 익힐 것이 없다. 상부지를 프레스와 플라이 두 각도로 채운다. 더블 프로그레션 — 전 세트가 목표 반복 상단에 닿으면 다음 주에 중량을 올린다 | K22: 펙덱 플라이 머신 (인클라인 각도) / 인클라인 케이블 플라이
A23: 4 | B23: 해머 스트랭스 로우(오버그립) | C23: 승모(중부)·능형근 | D23: — | E23: 4 | F23: 8~10 | G23: 40 | H23: 150 | I23: =IF(E23=0,0,ROUND((E23*(G23+H23)+N23)/60,1)) -> 12.7 | J23: 체스트 서포티드라 척추 부하가 0이다. 평일에 놓을 수 있는 유일한 로우. 더블 프로그레션 — 전 세트가 목표 반복 상단에 닿으면 다음 주에 중량을 올린다 | K23: 시티드 케이블 로우 / 머신 로우
A24: 5 | B24: 랫풀다운(언더그립 좁게 안쪽으로) | C24: 광배 | D24: — | E24: 4 | F24: 8~12 | G24: 40 | H24: 120 | I24: =IF(E24=0,0,ROUND((E24*(G24+H24)+N24)/60,1)) -> 11.7 | J24: 수직 당기기. 머신이라 척추 부하가 없다. 더블 프로그레션 — 전 세트가 목표 반복 상단에 닿으면 다음 주에 중량을 올린다 [2026-09-13 마지막 세트 드롭 2단 — 재택은 원암 랫풀다운에 걸지만 복귀판엔 양팔뿐이라 이쪽에 건다. 핀 20~30% 내려 쉬지 않고 두 번. 실패 뒤 상체를 뒤로 눕혀 반동으로 당기지 말 것 — 내린 무게로 광배만 마저 쓴다. 세트 수 그대로, 증량 판정은 앞 세트로만. +60초는 N열] | K24: 뉴트럴 그립 랫풀다운 / 어시스트 풀업 머신 | N24: 60
A25: 6 | B25: 라잉 트라이셉스 익스텐션 | C25: 삼두 | D25: 30~35 | E25: 3 | F25: 8~12 | G25: 40 | H25: 75 | I25: =IF(E25=0,0,ROUND((E25*(G25+H25)+N25)/60,1)) -> 5.8 | J25: 늘어난 구간. 팔꿈치가 시큰하면 EZ바로 바꾼다. 더블 프로그레션 — 전 세트가 목표 반복 상단에 닿으면 다음 주에 중량을 올린다 | K25: EZ바 라잉 익스텐션 (손목·팔꿈치 부담 ↓) / 케이블 오버헤드 익스텐션
A26: 7 | B26: 케이블 푸쉬다운 (로프) | C26: 삼두 | D26: 20 | E26: 3 | F26: 10~15 | G26: 40 | H26: 70 | I26: =IF(E26=0,0,ROUND((E26*(G26+H26)+N26)/60,1)) -> 6.5 | J26: 짧아진 구간 — 라잉과 각도를 나눈다. 더블 프로그레션 — 전 세트가 목표 반복 상단에 닿으면 다음 주에 중량을 올린다 [2026-09-13 마지막 세트 드롭 2단 — 실패 뒤 쉬지 않고 20~30% 내려 두 번. 그날 마지막 종목이라 뒤에 남는 것이 없다. 세트 수 그대로, 증량 판정은 앞 세트로만. +60초는 N열] | K26: V바 푸쉬다운 / 케이블 킥백 | N26: 60
D27: 세트 합계 | E27: =SUM(E20:E26) -> 28 | I27: =ROUND(SUM(I20:I26),0) -> 80
A36: [가슴 배분]
A37: · 26세트. 전완 2종목은 시간이 남는 일요일에 있고, 대신 쇄골지 보강분이 들어왔다.
A38: · 고립(라잉 · 푸쉬다운 · 인클라인 플라이)이 10세트라 실질 16이다.
A39: · 실패지점은 3~4회 남기고 종료. 미는 종목이라도 다음날 근무가 있다는 사실은 안 바뀐다.
A41: [평일 B를 빼는 주 — 어깨 축약분]
A42: · 8시간 평일이 하루뿐인 주에는 평일 B가 빠진다. 그 주에는 이 세션 맨 뒤에 두 종목을 얹는다 — 레터럴 레이즈 3세트(8~10kg · 12~15회 · 수행 40초 · 휴식 60초) · 케이블 리버스 플라이 3세트(5~7kg · 12~15회 · 수행 40초 · 휴식 60초).
A43: · 이 6세트만 얹는 이유 — 평일 B가 빠지면 측면 삼각이 12 → 4, 후면 삼각이 10 → 3으로 내려앉는다. 둘 다 현장 일 보정이 '없음'인 부위라 빠진 만큼이 그대로 손실이다. 반대로 광배 · 승모 중부 · 대퇴사두는 평일 B에 한 세트도 없어 아무 영향이 없다.
A44: · 이두 3 · 둔근 3 · 복부 3도 같이 빠지지만 얹지 않는다. 이두는 일요일 프리쳐 컬 3세트가 남고, 둔근은 스쿼트 · 데드의 간접이 4.5를 채운다. 복부 3세트는 한 주 비워도 되는 자리다.
A45: · 그 주의 평일 A는 34세트 · 약 86분이 된다. 평상시(28 · 80분)보다 길지만 그 주는 주 3회라 총량이 이미 35세트 줄어 있다. 근무 뒤 세션이므로 축약분은 맨 뒤에 두고, 시간이 없으면 레터럴부터 한다 — 측면 삼각이 잃는 양이 더 크다.
A46: · 축약분은 세트검산과 총량 예산에 넣지 않는다. 평상시 배치가 아니라 그 주에만 쓰는 대체분이다.
A48: 드롭 세트 (2026-09-13)
A49: · 랫풀다운 +60초 · 케이블 푸쉬다운 +60초, 마지막 세트에 드롭 2단. 20~30%씩 내려 쉬지 않고 두 번, 세 번째부터는 피로만 쌓인다.
... A51: · N열 '드롭(초)'는 마지막 세트에 더해지는 시간이다. I열 종목 분에 합산되고, 앱 타이머는 마지막 세트를 그만큼 늘린 뒤 '드롭세트'라고 읊는다. E열 세트 수와 복귀_세트검산은 건드리지 않는다.
C53: [요청 원문] 바벨로우, 푸쉬다운(로프), 시티드 리스트 컬(손등 위)

Sheet 복귀_증량원칙
A1: 현장 복귀 버전 — 증량 및 판단 기준
A2: 목표는 유지가 아니라 완만한 성장이다. 재택의 주 5kg 선형을 그대로 쓸 수는 없으므로 폭을 줄이고 방식을 더블 프로그레션으로 바꾼다.
A4: 항목 | B4: 재택 버전 | C4: 복귀 버전 | D4: 이유
A5: 목표 | B5: 성장 | C5: 완만한 성장 | D5: 유지 모드로 두면 현장 일 기간 내내 3대 500이 멈춘다. 느려도 방향은 위로 둔다
A6: 빈도 | B6: 주 6회 | C6: 주 4회 (토 · 일 + 평일 2) | D6: 12시간 요일이 유동이라 고정할 수 있는 것은 토 · 일뿐. 평일 2회는 그 주 근무표를 보고 넣는다
A7: 총 세트 | B7: 주당 환산 161세트 | C7: 약 120세트 | D7: 유지선은 75. 비어 있던 부위를 되살리고 사두 · 삼각 · 팔을 MEV 위로 올렸다
A8: 증량 방식 | B8: 매주 선형 | C8: 메인 3종목만 선형 · 나머지는 더블 프로그레션 | D8: 현장 일로 컨디션 변동이 크다. 반복을 먼저 채우고 중량을 올리는 편이 X가 덜 쌓인다
A9: 증량 폭 | B9: 하체 5 / 벤치 2.25 / 프레스 1.25 | C9: 하체 2.5 / 벤치 약 1.2 / 프레스 약 0.6 (주당) | D9: 작은 원판이 2.5 · 1 · 0.5kg 각 2개뿐이라 봉 전체 1kg이 최소 단위다. 사이클 칸을 2주에 한 번 올리면 이 폭이 나온다
A10: 미는 종목 | B10: 전부 | C10: 벤치 · 스쿼트 · 오버헤드 프레스 | D10: 셋 다 세션 앞쪽에 신선한 상태로 둔다. 현장 일이 안 채우는 영역이라 여기가 가장 확실하게 오른다
A11: 지키는 종목 | B11: — | C11: 데드리프트 (첫 4주) | D11: 허리는 현장 일과 직접 경쟁한다. 4주간 지표가 깨끗하면 2×5로 올려 성장으로 돌린다
A12: 실패지점 | B12: 2~3회 남기고 | C12: 3~4회 남기고 | D12: 다음날 현장에서 청구서로 돌아온다. 미는 종목이라도 이 기준은 안 바뀐다
A13: 팔 전용 종목 | B13: 25세트 | C13: 18세트 (이두 6 · 삼두 6 · 전완 6) | D13: 전완은 그립이 현장에서 온종일 쓰이지만 손목 굴곡 · 신전은 따로 안 나온다. 신근 · 굴근 1종목씩 남겼다
A14: 장비 | B14: 프리웨이트 중심 | C14: 머신 · 케이블 중심 (스쿼트 · 벤치 · 데드 · 바벨로우 제외) | D14: 현장 일이 안정화 근육을 이미 하루치 쓴다. 남은 힘을 표적 근육에만 쓰는 편이 남는다
A16: [사이클 칸은 2주에 한 번 올린다 — 2026-09-13]
A17: · 중량은 '시작중량_설정' C4의 사이클 번호가 정한다. 재택은 10일 주기라 사이클마다 한 칸이지만, 복귀는 주 4회 · 주 단위라 같은 속도로 올리면 설계의 두 배가 된다.
A18: · 복귀 중에는 2주에 한 칸. 그러면 스쿼트 · 데드 주 +2.5kg · 벤치 주 약 +1.2kg · 프레스 주 약 +0.6kg — 이 시트가 설계한 폭(2.5 / 1.125 / 1.25)에 가장 가까운, 실제로 끼울 수 있는 값이다.
A19: · 올리기 전에 그 2주의 결과를 증량기록에 먼저 적는다. 목표 반복을 못 채운 리프트는 X를 넣어 그 칸만 유지시킨다 — 네 리프트가 한 칸을 공유하므로 이것이 유일하게 따로 세우는 방법이다.
A20: · 5사이클은 2026-09-01에 시작했다. 다음 칸(6사이클 — 스쿼트 62 · 데드 67 · 벤치 35 · 프레스 26)은 9월 중순이다.
A21: · 폭이 이 값인 이유 — 벤치 주 1.125kg · 프레스 1.25kg은 한쪽 0.5625 · 0.625kg이라 만들 수 없다. 0.5kg 원판이 한쪽 하나씩뿐이므로 봉 전체 1kg이 바닥이고, 그 아래로는 중량이 아니라 반복으로 진행을 잰다.
A22: · 사다리는 못 끼우는 값(5로 나눈 나머지 4)을 자동으로 1kg 올린다. 그래서 칸마다 폭이 +2가 되기도 +3이 되기도 한다 — 평균이 설계 폭이고, 표에 적힌 숫자는 전부 그대로 끼울 수 있는 값이다.
A24: [더블 프로그레션 — 보조 종목의 기본 증량법]
A25: · 목표 반복이 8~12라면, 전 세트에서 12회를 채운 다음 주에 중량을 올린다. 올린 주에는 반복이 8회로 떨어지는 것이 정상이다.
A26: · 선형은 날짜가 증량을 정하고 더블 프로그레션은 몸이 정한다. 현장 일로 컨디션이 흔들릴 때 뒤쪽이 안 무너진다.
A27: · 메인 3종목(스쿼트 · 벤치 · 데드)만 선형으로 남긴다. 5회 고정이라 반복으로 진행을 잴 수가 없기 때문이다.
A29: [판단 기준]
... A61: · '휴식(초)' 열은 반드시 램프의 평균으로 맞춘다 — '종목 분'이 세트×(수행+휴식)이라 어긋나면 세션 시간 추정이 틀어진다.

Sheet 복귀_간접계수맵
A1: 복귀판 간접 세트 계수 맵 — 복귀_세트검산 간접 열(C)의 계산 원천
A2: 각 줄 = "이 종목이 → 이 근육에 → 계수만큼 기여". 원천세트는 복귀 시트 E열에서 이름 매칭으로 자동 산출, 간접세트 = 계수 × 원천세트. 복귀_세트검산 C열이 이 표를 근육별 SUMIFS로 합산한다. 복귀판은 주 단위라 이 값이 곧 주간 세트다 — 재택처럼 ×7/8 환산하지 않는다.
A3: 이름 매칭 실패 줄 수 (0이어야 정상 — 0이 아니면 요일 시트에서 종목 이름이 바뀐 것이다) | F3: =COUNTIF($E$7:$E$51,"?") -> 0
A4: 계수 규칙(상한 0.5): 0.5 = 명확한 협력근(능동 수축·신전) · 0.33 = 부분 협력(관여하나 비주도) · 0.2 = 약한 자극(고장력 등척성 또는 미미한 동적 관여) · 0 = 순수 그립·안정화(자극 없음). 재택 간접계수맵과 같은 규칙을 쓴다.
A6: 원천 슬롯 | B6: 원천종목 | C6: 대상근육 | D6: 계수 | E6: 원천세트 | F6: 간접세트 | G6: 출처 | H6: 계수 근거
A7: 복귀_평일A_가슴 | B7: 해머 스트랭스 로우(오버그립) | C7: 이두 | D7: 0.2 | E7: =IFERROR(INDEX(INDIRECT("'"&$A7&"'!$E$1:$E$45"),MATCH($B7,INDIRECT("'"&$A7&"'!$B$1:$B$45"),0)),"?") -> 4 | F7: =IF(ISNUMBER(E7),$D7*E7,0) -> 0.8 | G7: C | H7: 엎침 그립 + 팔꿈치 벌린 수평 로우 — 굽히는 일은 주로 상완근·상완요골근. 당기기 → 이두 계수는 그립으로 정한다: 뒤침 0.5 · 뉴트럴 0.33 · 엎침 0.2 (2026-09-04 정리).
A8: 복귀_평일A_가슴 | B8: 랫풀다운(언더그립 좁게 안쪽으로) | C8: 이두 | D8: 0.5 | E8: =IFERROR(INDEX(INDIRECT("'"&$A8&"'!$E$1:$E$45"),MATCH($B8,INDIRECT("'"&$A8&"'!$B$1:$B$45"),0)),"?") -> 4 | F8: =IF(ISNUMBER(E8),$D8*E8,0) -> 2 | G8: C | H8: 뒤침 그립(언더그립 좁게) — 이두가 유리한 자리에서 능동 굴곡. 당기기 → 이두 계수는 그립으로 정한다: 뒤침 0.5 · 뉴트럴 0.33 · 엎침 0.2 (2026-09-04 정리).
A9: 복귀_일_등 | B9: 스미스 바벨 로우(오버그립) | C9: 이두 | D9: 0.2 | E9: =IFERROR(INDEX(INDIRECT("'"&$A9&"'!$E$1:$E$45"),MATCH($B9,INDIRECT("'"&$A9&"'!$B$1:$B$45"),0)),"?") -> 4 | F9: =IF(ISNUMBER(E9),$D9*E9,0) -> 0.8 | G9: C | H9: 엎침 그립 수평 로우 — 해머 로우(0.2)와 같은 등급. 당기기 → 이두 계수는 그립으로 정한다: 뒤침 0.5 · 뉴트럴 0.33 · 엎침 0.2 (2026-09-04 정리).
A10: 복귀_일_등 | B10: 시티드 케이블 로우(좁은 그립) | C10: 이두 | D10: 0.33 | E10: =IFERROR(INDEX(INDIRECT("'"&$A10&"'!$E$1:$E$45"),MATCH($B10,INDIRECT("'"&$A10&"'!$B$1:$B$45"),0)),"?") -> 4 | F10: =IF(ISNUMBER(E10),$D10*E10,0) -> 1.32 | G10: C | H10: 좁은 뉴트럴 그립 — 엎침(0.2)과 뒤침(0.5) 사이. 당기기 → 이두 계수는 그립으로 정한다: 뒤침 0.5 · 뉴트럴 0.33 · 엎침 0.2 (2026-09-04 정리).
A11: 복귀_일_등 | B11: 친업 (어시스트 가능) | C11: 이두 | D11: 0.5 | E11: =IFERROR(INDEX(INDIRECT("'"&$A11&"'!$E$1:$E$45"),MATCH($B11,INDIRECT("'"&$A11&"'!$B$1:$B$45"),0)),"?") -> 3 | F11: =IF(ISNUMBER(E11),$D11*E11,0) -> 1.5 | G11: C | H11: 뒤침 그립 — 이두가 유리한 자리에서 능동 굴곡. 당기기 → 이두 계수는 그립으로 정한다: 뒤침 0.5 · 뉴트럴 0.33 · 엎침 0.2 (2026-09-04 정리).
A12: 복귀_평일A_가슴 | B12: 벤치프레스 | C12: 삼두 | D12: 0.5 | E12: =IFERROR(INDEX(INDIRECT("'"&$A12&"'!$E$1:$E$45"),MATCH($B12,INDIRECT("'"&$A12&"'!$B$1:$B$45"),0)),"?") -> 5 | F12: =IF(ISNUMBER(E12),$D12*E12,0) -> 2.5 | G12: C | H12: 프레스 중 팔꿈치 신전 — 강한 협력
A13: 복귀_평일A_가슴 | B13: 인클라인 벤치프레스 머신 | C13: 삼두 | D13: 0.5 | E13: =IFERROR(INDEX(INDIRECT("'"&$A13&"'!$E$1:$E$45"),MATCH($B13,INDIRECT("'"&$A13&"'!$B$1:$B$45"),0)),"?") -> 5 | F13: =IF(ISNUMBER(E13),$D13*E13,0) -> 2.5 | G13: C | H13: 프레스 중 팔꿈치 신전
A15: 복귀_평일B_어깨 | B15: 머신 숄더 프레스 | C15: 삼두 | D15: 0.5 | E15: =IFERROR(INDEX(INDIRECT("'"&$A15&"'!$E$1:$E$45"),MATCH($B15,INDIRECT("'"&$A15&"'!$B$1:$B$45"),0)),"?") -> 4 | F15: =IF(ISNUMBER(E15),$D15*E15,0) -> 2 | G15: C | H15: 프레스 중 팔꿈치 신전
A16: 복귀_토_하체 | B16: 스미스 오버헤드 프레스 | C16: 삼두 | D16: 0.5 | E16: =IFERROR(INDEX(INDIRECT("'"&$A16&"'!$E$1:$E$45"),MATCH($B16,INDIRECT("'"&$A16&"'!$B$1:$B$45"),0)),"?") -> 3 | F16: =IF(ISNUMBER(E16),$D16*E16,0) -> 1.5 | G16: C | H16: 프레스 중 팔꿈치 신전
A17: 복귀_일_등 | B17: 딥스 | C17: 삼두 | D17: 0.5 | E17: =IFERROR(INDEX(INDIRECT("'"&$A17&"'!$E$1:$E$45"),MATCH($B17,INDIRECT("'"&$A17&"'!$B$1:$B$45"),0)),"?") -> 3 | F17: =IF(ISNUMBER(E17),$D17*E17,0) -> 1.5 | G17: C | H17: 프레스 중 팔꿈치 신전
A18: 복귀_평일A_가슴 | B18: 벤치프레스 | C18: 삼각근(전면) | D18: 0.5 | E18: =IFERROR(INDEX(INDIRECT("'"&$A18&"'!$E$1:$E$45"),MATCH($B18,INDIRECT("'"&$A18&"'!$B$1:$B$45"),0)),"?") -> 5 | F18: =IF(ISNUMBER(E18),$D18*E18,0) -> 2.5 | G18: C | H18: 수평 내전 시 전면삼각 능동 관여
A19: 복귀_평일A_가슴 | B19: 인클라인 벤치프레스 머신 | C19: 삼각근(전면) | D19: 0.5 | E19: =IFERROR(INDEX(INDIRECT("'"&$A19&"'!$E$1:$E$45"),MATCH($B19,INDIRECT("'"&$A19&"'!$B$1:$B$45"),0)),"?") -> 5 | F19: =IF(ISNUMBER(E19),$D19*E19,0) -> 2.5 | G19: C | H19: 경사각이 클수록 전면삼각 기여 증가
... A51: 복귀_평일A_가슴 | B51: 인클라인 덤벨 플라이 | C51: 삼각근(전면) | D51: 0.2 | E51: =IFERROR(INDEX(INDIRECT("'"&$A51&"'!$E$1:$E$45"),MATCH($B51,INDIRECT("'"&$A51&"'!$B$1:$B$45"),0)),"?") -> 4 | F51: =IF(ISNUMBER(E51),$D51*E51,0) -> 0.8 | G51: C | H51: 플라이 시작 구간 전면삼각 약관여

Sheet 복귀_세트검산
A1: 근육군별 주간 세트 — 복귀판 검산 | G1: ■ 주간 총량 예산 — 늘리려면 먼저 어딘가에서 빼라
A2: 세트는 근육군 단위로 센다. 복귀판은 주 4회 · 주 단위이므로 이 표의 숫자가 곧 주간 세트다 — 재택판처럼 ×7/8 환산하지 않는다. 판정 기준은 재택과 같다. 다만 현장 일이 하루치를 얹는 부위가 있어 G열에 보정 등급을 뒀다 — 보정이 '높음'인 부위는 판정이 하한 미달이어도 실제로는 채워진다고 본다. | G2: 주기(일) | H2: 7 | I2: 총량 상한 | J2: 136 | K2: 현재 총량 | L2: =B25 -> 135
A3: =IF($H$3<0,"⚠ 총량 상한 "&ABS($H$3)&"세트 초과 — 다른 종목에서 그만큼 빼기 전에는 추가 금지. 상한을 올리려면 아래 '상한 변경 이력'에 한 줄 남길 것.","") | G3: 잔여 예산 | H3: =$J$2-$L$2 -> 1 | I3: 실제 주당 | J3: =ROUND($L$2*7/$H$2,1) -> 135 | K3: 상태 | L3: =IF($H$3<0,"INVALID","VALID") -> VALID
A4: 근육군 | B4: 직접 세트 | C4: 간접 추정 | D4: 실질 | E4: 판정 | F4: 간접 출처 / 비고 | G4: 현장 일 보정
A5: 흉근(상부) | B5: =SUMIFS(복귀_평일A_가슴!$E:$E,복귀_평일A_가슴!$C:$C,$A5)+SUMIFS(복귀_평일B_어깨!$E:$E,복귀_평일B_어깨!$C:$C,$A5)+SUMIFS(복귀_토_하체!$E:$E,복귀_토_하체!$C:$C,$A5)+SUMIFS(복귀_일_등!$E:$E,복귀_일_등!$C:$C,$A5) -> 9 | C5: =MROUND(SUMIFS(복귀_간접계수맵!$F$7:$F$51,복귀_간접계수맵!$C$7:$C$51,$A5),0.5) -> 1 | D5: =B5+C5 -> 10 | E5: =IF(D5>20,"과다 점검",IF(D5>=10,"충분",IF(D5>=8,"하한",IF(D5>=1,"보완 필요","미배치")))) -> 충분 | F5: 직접 9세트: 인클라인 벤치프레스 머신 5 · 인클라인 덤벨 플라이 4. + 벤치 0.2×5=1.0. 2026-08-29에 직접 3 → 9로 보강했다 — 헤머 체스트를 빼고 그 자리를 쇄골지로 돌린 것이라 흉근 총량은 안 늘었다. | G5: 없음 | H5: 흉근 합산(상+중하) | I5: =SUM(D5:D6) -> 23
A6: 흉근(중하부) | B6: =SUMIFS(복귀_평일A_가슴!$E:$E,복귀_평일A_가슴!$C:$C,$A6)+SUMIFS(복귀_평일B_어깨!$E:$E,복귀_평일B_어깨!$C:$C,$A6)+SUMIFS(복귀_토_하체!$E:$E,복귀_토_하체!$C:$C,$A6)+SUMIFS(복귀_일_등!$E:$E,복귀_일_등!$C:$C,$A6) -> 11 | C6: =MROUND(SUMIFS(복귀_간접계수맵!$F$7:$F$51,복귀_간접계수맵!$C$7:$C$51,$A6),0.5) -> 2 | D6: =B6+C6 -> 13 | E6: =IF(D6>20,"과다 점검",IF(D6>=10,"충분",IF(D6>=8,"하한",IF(D6>=1,"보완 필요","미배치")))) -> 충분 | F6: 인클라인 머신 0.2×5 + 인클라인 플라이 0.2×4 = 1.8. 직접 11세트: 벤치 5 · 딥스 3 · 디클라인 플라이 3. (헤머 체스트는 2026-08-29 제외 — 벤치와 같은 수평 프레스라 가장 겹쳤다.) | G6: 없음
A7: 광배 | B7: =SUMIFS(복귀_평일A_가슴!$E:$E,복귀_평일A_가슴!$C:$C,$A7)+SUMIFS(복귀_평일B_어깨!$E:$E,복귀_평일B_어깨!$C:$C,$A7)+SUMIFS(복귀_토_하체!$E:$E,복귀_토_하체!$C:$C,$A7)+SUMIFS(복귀_일_등!$E:$E,복귀_일_등!$C:$C,$A7) -> 11 | C7: =MROUND(SUMIFS(복귀_간접계수맵!$F$7:$F$51,복귀_간접계수맵!$C$7:$C$51,$A7),0.5) -> 4 | D7: =B7+C7 -> 15 | E7: =IF(D7>20,"과다 점검",IF(D7>=10,"충분",IF(D7>=8,"하한",IF(D7>=1,"보완 필요","미배치")))) -> 충분 | F7: 직접 11세트: 평일A 랫풀다운 4(언더그립 좁게) · 일요일 시티드 케이블 로우 4(좁은 그립) · 친업 3. 간접은 넓은 그립 로우 2종(해머 로우 · 스미스 바벨 로우) 각 0.5 — 2026-09-04 라벨 정정으로 협력근이 됐다. 데드 등척성은 0. | G7: 높음 | H7: 등 합산 | I7: =SUM(D7:D10) -> 38
A8: 승모(상부) | B8: =SUMIFS(복귀_평일A_가슴!$E:$E,복귀_평일A_가슴!$C:$C,$A8)+SUMIFS(복귀_평일B_어깨!$E:$E,복귀_평일B_어깨!$C:$C,$A8)+SUMIFS(복귀_토_하체!$E:$E,복귀_토_하체!$C:$C,$A8)+SUMIFS(복귀_일_등!$E:$E,복귀_일_등!$C:$C,$A8) -> 0 | C8: =MROUND(SUMIFS(복귀_간접계수맵!$F$7:$F$51,복귀_간접계수맵!$C$7:$C$51,$A8),0.5) -> 1.5 | D8: =B8+C8 -> 1.5 | E8: =IF(D8>20,"과다 점검",IF(D8>=10,"충분",IF(D8>=8,"하한",IF(D8>=1,"보완 필요","미배치")))) -> 보완 필요 | F8: 직접 0. 간접만 1.4(오버헤드 프레스·스미스 로우·데드 각 0.2). 재택의 트랩바 슈러그가 복귀판에서 빠졌다 — 다만 상부 승모는 현장에서 들고 나르는 동작으로 종일 쓰이므로 직접 종목을 두지 않았다. | G8: 높음
A9: 승모(하부) | B9: =SUMIFS(복귀_평일A_가슴!$E:$E,복귀_평일A_가슴!$C:$C,$A9)+SUMIFS(복귀_평일B_어깨!$E:$E,복귀_평일B_어깨!$C:$C,$A9)+SUMIFS(복귀_토_하체!$E:$E,복귀_토_하체!$C:$C,$A9)+SUMIFS(복귀_일_등!$E:$E,복귀_일_등!$C:$C,$A9) -> 3 | C9: =MROUND(SUMIFS(복귀_간접계수맵!$F$7:$F$51,복귀_간접계수맵!$C$7:$C$51,$A9),0.5) -> 1.5 | D9: =B9+C9 -> 4.5 | E9: =IF(D9>20,"과다 점검",IF(D9>=10,"충분",IF(D9>=8,"하한",IF(D9>=1,"보완 필요","미배치")))) -> 보완 필요 | F9: 친업 0.2×3 + 랫풀다운 0.2×3 = 1.2. 직접 3세트(오버헤드 슈러그). 현장 자세가 견갑을 올리고 앞으로 말므로 유지 목적으로 남긴 자리다. | G9: 중간
A10: 승모(중부)·능형근 | B10: =SUMIFS(복귀_평일A_가슴!$E:$E,복귀_평일A_가슴!$C:$C,$A10)+SUMIFS(복귀_평일B_어깨!$E:$E,복귀_평일B_어깨!$C:$C,$A10)+SUMIFS(복귀_토_하체!$E:$E,복귀_토_하체!$C:$C,$A10)+SUMIFS(복귀_일_등!$E:$E,복귀_일_등!$C:$C,$A10) -> 11 | C10: =MROUND(SUMIFS(복귀_간접계수맵!$F$7:$F$51,복귀_간접계수맵!$C$7:$C$51,$A10),0.5) -> 6 | D10: =B10+C10 -> 17 | E10: =IF(D10>20,"과다 점검",IF(D10>=10,"충분",IF(D10>=8,"하한",IF(D10>=1,"보완 필요","미배치")))) -> 충분 | F10: 직접 11세트: 평일A 넓은 그립 해머 로우 4 · 일요일 넓은 그립 스미스 바벨 로우 4 · 스캡 슈러그 3. 간접은 시티드 케이블 로우 0.5 · 리어델트 계열(케이블 리버스 플라이 0.5 · 벤트오버 머신 0.33 · 리버스 펙덱 0.33). | G10: 중간
A11: 기립근 | B11: =SUMIFS(복귀_평일A_가슴!$E:$E,복귀_평일A_가슴!$C:$C,$A11)+SUMIFS(복귀_평일B_어깨!$E:$E,복귀_평일B_어깨!$C:$C,$A11)+SUMIFS(복귀_토_하체!$E:$E,복귀_토_하체!$C:$C,$A11)+SUMIFS(복귀_일_등!$E:$E,복귀_일_등!$C:$C,$A11) -> 3 | C11: =MROUND(SUMIFS(복귀_간접계수맵!$F$7:$F$51,복귀_간접계수맵!$C$7:$C$51,$A11),0.5) -> 2.5 | D11: =B11+C11 -> 5.5 | E11: =IF(D11>20,"과다 점검",IF(D11>=10,"충분",IF(D11>=8,"하한",IF(D11>=1,"보완 필요","미배치")))) -> 보완 필요 | F11: 스쿼트 0.2×5 + 스미스 로우 0.2×3 + 오버헤드 슈러그 0.2×3 = 2.2. 직접 3세트(데드 톱 1×5 + 백오프 2×5, 2026-09-13 신설). 낮은 것이 의도다 — 허리는 현장 일과 직접 경쟁하므로 톱세트는 주 1회 1세트가 상한이고, 백오프는 직전 사이클 중량이라 폼 연습으로 센다. 4주간 지표가 깨끗하면 톱을 2×5로 올린다. | G11: 높음
A12: 삼각근(전면) | B12: =SUMIFS(복귀_평일A_가슴!$E:$E,복귀_평일A_가슴!$C:$C,$A12)+SUMIFS(복귀_평일B_어깨!$E:$E,복귀_평일B_어깨!$C:$C,$A12)+SUMIFS(복귀_토_하체!$E:$E,복귀_토_하체!$C:$C,$A12)+SUMIFS(복귀_일_등!$E:$E,복귀_일_등!$C:$C,$A12) -> 7 | C12: =MROUND(SUMIFS(복귀_간접계수맵!$F$7:$F$51,복귀_간접계수맵!$C$7:$C$51,$A12),0.5) -> 6.5 | D12: =B12+C12 -> 13.5 | E12: =IF(D12>20,"과다 점검",IF(D12>=10,"충분",IF(D12>=8,"하한",IF(D12>=1,"보완 필요","미배치")))) -> 충분 | F12: 벤치 0.5×5 + 인클라인 머신 0.5×3 + 딥스 0.2×3 = 4.6. 직접 6세트: 머신 숄더 3 · 스미스 오버헤드 3. | G12: 없음
A13: 삼각근(측면) | B13: =SUMIFS(복귀_평일A_가슴!$E:$E,복귀_평일A_가슴!$C:$C,$A13)+SUMIFS(복귀_평일B_어깨!$E:$E,복귀_평일B_어깨!$C:$C,$A13)+SUMIFS(복귀_토_하체!$E:$E,복귀_토_하체!$C:$C,$A13)+SUMIFS(복귀_일_등!$E:$E,복귀_일_등!$C:$C,$A13) -> 12 | C13: =MROUND(SUMIFS(복귀_간접계수맵!$F$7:$F$51,복귀_간접계수맵!$C$7:$C$51,$A13),0.5) -> 1.5 | D13: =B13+C13 -> 13.5 | E13: =IF(D13>20,"과다 점검",IF(D13>=10,"충분",IF(D13>=8,"하한",IF(D13>=1,"보완 필요","미배치")))) -> 충분 | F13: 오버헤드 프레스 0.5×3 = 1.5. 직접 10세트: 평일 B 7(레터럴 4 · 원암 케이블 3) + 토요일 3. 간접 자극이 거의 0인 부위라 직접 세트로만 채워진다. | G13: 없음
A14: 삼각근(후면) | B14: =SUMIFS(복귀_평일A_가슴!$E:$E,복귀_평일A_가슴!$C:$C,$A14)+SUMIFS(복귀_평일B_어깨!$E:$E,복귀_평일B_어깨!$C:$C,$A14)+SUMIFS(복귀_토_하체!$E:$E,복귀_토_하체!$C:$C,$A14)+SUMIFS(복귀_일_등!$E:$E,복귀_일_등!$C:$C,$A14) -> 10 | C14: =MROUND(SUMIFS(복귀_간접계수맵!$F$7:$F$51,복귀_간접계수맵!$C$7:$C$51,$A14),0.5) -> 0 | D14: =B14+C14 -> 10 | E14: =IF(D14>20,"과다 점검",IF(D14>=10,"충분",IF(D14>=8,"하한",IF(D14>=1,"보완 필요","미배치")))) -> 충분 | F14: 간접 출처 없음 — 로우 계열은 전부 승모 중부·능형근으로 계상했다. 직접 10세트: 평일 B 7(벤트오버 머신 4 · 케이블 리버스 3) + 토요일 리버스 펙덱 3. 현장 자세가 어깨를 앞으로 말므로 감축 대상이 아니다. | G14: 없음
A15: 대퇴사두 | B15: =SUMIFS(복귀_평일A_가슴!$E:$E,복귀_평일A_가슴!$C:$C,$A15)+SUMIFS(복귀_평일B_어깨!$E:$E,복귀_평일B_어깨!$C:$C,$A15)+SUMIFS(복귀_토_하체!$E:$E,복귀_토_하체!$C:$C,$A15)+SUMIFS(복귀_일_등!$E:$E,복귀_일_등!$C:$C,$A15) -> 12 | C15: =MROUND(SUMIFS(복귀_간접계수맵!$F$7:$F$51,복귀_간접계수맵!$C$7:$C$51,$A15),0.5) -> 0 | D15: =B15+C15 -> 12 | E15: =IF(D15>20,"과다 점검",IF(D15>=10,"충분",IF(D15>=8,"하한",IF(D15>=1,"보완 필요","미배치")))) -> 충분 | F15: 간접 출처 없음. 직접 12세트: 스쿼트 5 · 레그 프레스 4 · 레그 익스텐션 3. 서 있기 · 걷기로 현장 일이 하루치를 얹는다. | G15: 높음 | H15: 하체 합산(대퇴·햄·종아리) | I15: =SUM(D15:D16,D19) -> 24
A16: 햄스트링 | B16: =SUMIFS(복귀_평일A_가슴!$E:$E,복귀_평일A_가슴!$C:$C,$A16)+SUMIFS(복귀_평일B_어깨!$E:$E,복귀_평일B_어깨!$C:$C,$A16)+SUMIFS(복귀_토_하체!$E:$E,복귀_토_하체!$C:$C,$A16)+SUMIFS(복귀_일_등!$E:$E,복귀_일_등!$C:$C,$A16) -> 7 | C16: =MROUND(SUMIFS(복귀_간접계수맵!$F$7:$F$51,복귀_간접계수맵!$C$7:$C$51,$A16),0.5) -> 2 | D16: =B16+C16 -> 9 | E16: =IF(D16>20,"과다 점검",IF(D16>=10,"충분",IF(D16>=8,"하한",IF(D16>=1,"보완 필요","미배치")))) -> 하한 | F16: 힙 쓰러스트 0.5×3 + 데드 0.5×1 = 2.0. 직접 6세트: 레그 컬 3 · 원 레그 컬 3. 힌지(루마니안 데드)를 뺀 만큼 직접이 얇다. | G16: 중간
A17: 둔근 | B17: =SUMIFS(복귀_평일A_가슴!$E:$E,복귀_평일A_가슴!$C:$C,$A17)+SUMIFS(복귀_평일B_어깨!$E:$E,복귀_평일B_어깨!$C:$C,$A17)+SUMIFS(복귀_토_하체!$E:$E,복귀_토_하체!$C:$C,$A17)+SUMIFS(복귀_일_등!$E:$E,복귀_일_등!$C:$C,$A17) -> 3 | C17: =MROUND(SUMIFS(복귀_간접계수맵!$F$7:$F$51,복귀_간접계수맵!$C$7:$C$51,$A17),0.5) -> 4.5 | D17: =B17+C17 -> 7.5 | E17: =IF(D17>20,"과다 점검",IF(D17>=10,"충분",IF(D17>=8,"하한",IF(D17>=1,"보완 필요","미배치")))) -> 보완 필요 | F17: 스쿼트 0.5×5 + 데드 0.5×1 + 레그 프레스 0.33×4 = 4.32. 직접 3세트(힙 쓰러스트). 복귀판 초안에 둔근 직접이 0이었던 것을 되살린 자리다. | G17: 중간
A18: 중둔근 | B18: =SUMIFS(복귀_평일A_가슴!$E:$E,복귀_평일A_가슴!$C:$C,$A18)+SUMIFS(복귀_평일B_어깨!$E:$E,복귀_평일B_어깨!$C:$C,$A18)+SUMIFS(복귀_토_하체!$E:$E,복귀_토_하체!$C:$C,$A18)+SUMIFS(복귀_일_등!$E:$E,복귀_일_등!$C:$C,$A18) -> 8 | C18: =MROUND(SUMIFS(복귀_간접계수맵!$F$7:$F$51,복귀_간접계수맵!$C$7:$C$51,$A18),0.5) -> 0 | D18: =B18+C18 -> 8 | E18: =IF(D18>20,"과다 점검",IF(D18>=10,"충분",IF(D18>=8,"하한",IF(D18>=1,"보완 필요","미배치")))) -> 하한 | F18: 간접 출처 없음 — 스쿼트 · 레그 프레스는 양측 지지라 계수가 없다. 직접 8세트: 토요일 아우터 타이 5(2026-09-13 신설, 이너 타이와 슈퍼세트) · 평일 B 케이블 힙 외전 3. 앉아서 굽힌 채와 서서 편 채로 각도를 나눴다. 현장 일의 한 다리 지지 이동이 나머지를 채운다. | G18: 중간
A19: 종아리 | B19: =SUMIFS(복귀_평일A_가슴!$E:$E,복귀_평일A_가슴!$C:$C,$A19)+SUMIFS(복귀_평일B_어깨!$E:$E,복귀_평일B_어깨!$C:$C,$A19)+SUMIFS(복귀_토_하체!$E:$E,복귀_토_하체!$C:$C,$A19)+SUMIFS(복귀_일_등!$E:$E,복귀_일_등!$C:$C,$A19) -> 3 | C19: =MROUND(SUMIFS(복귀_간접계수맵!$F$7:$F$51,복귀_간접계수맵!$C$7:$C$51,$A19),0.5) -> 0 | D19: =B19+C19 -> 3 | E19: =IF(D19>20,"과다 점검",IF(D19>=10,"충분",IF(D19>=8,"하한",IF(D19>=1,"보완 필요","미배치")))) -> 보완 필요 | F19: 간접 출처 없음 — 스쿼트 · 레그 프레스의 발목 관여는 실패지점 근처까지 가지 않아 0으로 둔다. 직접 3세트(시티드 카프). 온종일 서 있는 현장 일이 가장 확실하게 채워주는 부위라 3으로 뒀다. | G19: 높음
A20: 이두 | B20: =SUMIFS(복귀_평일A_가슴!$E:$E,복귀_평일A_가슴!$C:$C,$A20)+SUMIFS(복귀_평일B_어깨!$E:$E,복귀_평일B_어깨!$C:$C,$A20)+SUMIFS(복귀_토_하체!$E:$E,복귀_토_하체!$C:$C,$A20)+SUMIFS(복귀_일_등!$E:$E,복귀_일_등!$C:$C,$A20) -> 6 | C20: =MROUND(SUMIFS(복귀_간접계수맵!$F$7:$F$51,복귀_간접계수맵!$C$7:$C$51,$A20),0.5) -> 6.5 | D20: =B20+C20 -> 12.5 | E20: =IF(D20>20,"과다 점검",IF(D20>=10,"충분",IF(D20>=8,"하한",IF(D20>=1,"보완 필요","미배치")))) -> 충분 | F20: 당기기 5종목을 그립별로 나눠 센다 — 친업 · 랫풀다운(둘 다 뒤침) 각 0.5 · 시티드 케이블 로우(좁은 뉴트럴) 0.33 · 해머 로우 · 스미스 바벨 로우(둘 다 엎침) 각 0.2. 직접 6세트: 평일 B 인클라인 덤벨 컬 3(신선한 자리) · 일요일 프리쳐 컬 3. 늘어난 구간은 이두가 지치지 않은 평일 B에, 짧아진 구간만 당기기 뒤에 둔다. | G20: 없음
A21: 삼두 | B21: =SUMIFS(복귀_평일A_가슴!$E:$E,복귀_평일A_가슴!$C:$C,$A21)+SUMIFS(복귀_평일B_어깨!$E:$E,복귀_평일B_어깨!$C:$C,$A21)+SUMIFS(복귀_토_하체!$E:$E,복귀_토_하체!$C:$C,$A21)+SUMIFS(복귀_일_등!$E:$E,복귀_일_등!$C:$C,$A21) -> 6 | C21: =MROUND(SUMIFS(복귀_간접계수맵!$F$7:$F$51,복귀_간접계수맵!$C$7:$C$51,$A21),0.5) -> 10 | D21: =B21+C21 -> 16 | E21: =IF(D21>20,"과다 점검",IF(D21>=10,"충분",IF(D21>=8,"하한",IF(D21>=1,"보완 필요","미배치")))) -> 충분 | F21: 프레스 6종목 0.5씩 = 10. 직접 6세트: 라잉 익스텐션 3(늘어난 구간) · 케이블 푸쉬다운 3(짧아진 구간). | G21: 없음
A22: 전완 | B22: =SUMIFS(복귀_평일A_가슴!$E:$E,복귀_평일A_가슴!$C:$C,$A22)+SUMIFS(복귀_평일B_어깨!$E:$E,복귀_평일B_어깨!$C:$C,$A22)+SUMIFS(복귀_토_하체!$E:$E,복귀_토_하체!$C:$C,$A22)+SUMIFS(복귀_일_등!$E:$E,복귀_일_등!$C:$C,$A22) -> 6 | C22: =MROUND(SUMIFS(복귀_간접계수맵!$F$7:$F$51,복귀_간접계수맵!$C$7:$C$51,$A22),0.5) -> 2 | D22: =B22+C22 -> 8 | E22: =IF(D22>20,"과다 점검",IF(D22>=10,"충분",IF(D22>=8,"하한",IF(D22>=1,"보완 필요","미배치")))) -> 하한 | F22: 컬 2종 0.33씩 = 1.98. 순수 그립(데드 · 로우 · 친업)은 규칙상 0 — 성장 자극이 아니다. 직접 6세트: 일요일 리스트 컬 손등 아래 3(굴근) · 손등 위 3(신근). 그립은 현장에서 온종일 쓰이지만 손목 굴곡 · 신전은 따로 안 나오므로 직접 종목을 남겼다. | G22: 높음
A23: 복부 | B23: =SUMIFS(복귀_평일A_가슴!$E:$E,복귀_평일A_가슴!$C:$C,$A23)+SUMIFS(복귀_평일B_어깨!$E:$E,복귀_평일B_어깨!$C:$C,$A23)+SUMIFS(복귀_토_하체!$E:$E,복귀_토_하체!$C:$C,$A23)+SUMIFS(복귀_일_등!$E:$E,복귀_일_등!$C:$C,$A23) -> 3 | C23: =MROUND(SUMIFS(복귀_간접계수맵!$F$7:$F$51,복귀_간접계수맵!$C$7:$C$51,$A23),0.5) -> 0 | D23: =B23+C23 -> 3 | E23: =IF(D23>20,"과다 점검",IF(D23>=10,"충분",IF(D23>=8,"하한",IF(D23>=1,"보완 필요","미배치")))) -> 보완 필요 | F23: 스쿼트 · 데드의 브레이싱은 등척성이라 0. 직접 3세트(중량 크런치). 현장 일은 코어를 버티게만 하지 굴곡시키지 않으므로 직접 굴곡은 이 3세트가 전부다. | G23: 중간
A24: 내전근 | B24: =SUMIFS(복귀_평일A_가슴!$E:$E,복귀_평일A_가슴!$C:$C,$A24)+SUMIFS(복귀_평일B_어깨!$E:$E,복귀_평일B_어깨!$C:$C,$A24)+SUMIFS(복귀_토_하체!$E:$E,복귀_토_하체!$C:$C,$A24)+SUMIFS(복귀_일_등!$E:$E,복귀_일_등!$C:$C,$A24) -> 4 | C24: =MROUND(SUMIFS(복귀_간접계수맵!$F$7:$F$51,복귀_간접계수맵!$C$7:$C$51,$A24),0.5) -> 2 | D24: =B24+C24 -> 6 | E24: =IF(D24>20,"과다 점검",IF(D24>=10,"충분",IF(D24>=8,"하한",IF(D24>=1,"보완 필요","미배치")))) -> 보완 필요 | F24: 스쿼트 0.2×5 + 레그 프레스 0.2×4 = 1.8. 직접 3세트(이너 타이). 복귀판 초안에 내전근이 통째로 비어 있던 것을 되살렸다. | G24: 없음
A25: 직접 세트 총계 | B25: =SUM(B5:B24) -> 135 | D25: =SUM(D5:D24) -> 188.5
A27: 기준선
A28: · 주 10~20세트 = 성장 구간. 복귀판은 주 단위라 이 표의 숫자를 그대로 판정에 쓴다.
A29: · 주 8세트 = 유지 하한.
A30: · 실패지점 3~4회 이내 세트만 카운트 (웜업 · 여유 세트 제외). 재택(2~3회)보다 한 단계 보수적인 기준이다.
A32: 현장 일 보정을 읽는 법
A33: · '높음' — 현장 일이 하루치를 얹는 부위(광배 · 승모 상부 · 기립근 · 대퇴사두 · 종아리 · 전완). 판정이 하한 미달이어도 실제로는 채워진다. 여기에 직접 세트를 더하는 것은 회복만 깎는 선택이다.
A34: · '중간' — 부분적으로만 채워진다(승모 하부·중부 · 햄스트링 · 둔근 · 중둔근 · 복부). 판정을 절반쯤 믿는다.
A35: · '없음' — 현장 일이 안 건드리는 부위(가슴 · 삼각근 전 부위 · 이두 · 삼두 · 내전근). 판정을 액면 그대로 믿어야 하는 자리이고, 성장을 위해 볼륨을 쓸 곳도 여기다.
A37: 지금 표에서 눈여겨볼 곳
A38: · 흉근 상 · 하는 한 근육이라 합산으로 판정한다. 합산 실질 23 — 천장(20)을 조금 넘는다. 현장 일이 안 채우는 부위라 의도한 초과이나, 세트 질이 떨어지면 딥스부터 뺀다.
A39: · 중둔근 3.0 → 8.0 — 2026-09-13에 토요일 아우터 타이를 이너 타이와 슈퍼세트로 넣고 5세트로 올렸다. 유지 하한에 닿았다. 프로그램 최하위였던 자리이고, 슈퍼세트라 5세트 값이 6분이다.
A40: · 기립근 3.0 · 승모(상부) 1.5 · 종아리 3.0 — 전부 보정 '높음'이라 의도된 낮음이다. 손대지 않는다.
... A43: 상한 변경 이력 — 총량 상한(J2)을 고칠 때마다 한 줄 남긴다
A44: 날짜 | B44: 이전 | C44: 이후 | D44: 근거 | E44: 무엇을 뺐나
A45: 46278 | B45: — | C45: 136 | D45: 최초 설정 — 오늘 실측 132에 여유 4. 설계 문서(복귀_증량원칙)는 120인데 실제가 132로 흘러 있었다. 되돌리지 않고 지금 값에서 잠근다 | E45: —
A47: 총량 예산 — 운용 규칙
A48: · 복귀판은 주 단위라 이 표의 숫자가 곧 주간 세트다. H2는 7로 고정이고 J3(실제 주당)은 현재 총량과 같은 값이 나온다.
A49: · 세트를 늘리려면 같은 수를 다른 종목에서 뺀다. 잔여 예산(H3)이 음수면 프로그램 전체가 INVALID다.
A50: · 판정 열의 '보완 필요'는 정보이지 지시가 아니다. 하한 미달이 그 자체로 증액 근거가 되지 못한다.
A51: · 현장 일 보정이 '높음'인 부위(광배 · 승모 상부 · 기립근 · 대퇴사두 · 종아리 · 전완)는 판정이 낮아도 현장 일이 채우는 자리다. 예산을 여기에 쓰지 않는다.
A52: · 상한을 올리는 것은 자유지만 위 이력에 한 줄 남긴다 — 근거와 무엇을 뺐는지까지.
