Workbook

Sheet 시작중량_설정
A1: 시작 중량 설정 — 5년 공백 후 복귀
A2: 노란 칸(D7~D10)이 6주차 기준 중량이고, C4가 지금 몇 주차인지입니다. 두 곳만 맞으면 각 일차 시트의 웜업 램프와 본세트 중량이 전부 자동 계산됩니다.
A4: 현재 주차 | C4: 11 | D4: ← 지금 몇 주차인지. 앱 복귀 달력이 날짜로 계산해 주므로 보통은 달력이 알려줄 때만 바꾸면 된다 (1~35)
A6: 종목 | B6: 5년 전 중량 | C6: 5년 전 대비 | D6: 6주차 중량 ★입력★ | E6: 현재 작업중량 | F6: 본세트
A7: 스쿼트 | B7: 92.5 | C7: =TEXT(D7/B7,"0%") -> 67% | D7: 62 | E7: =INDEX(증량기록!$C$22:$C$51,MAX(1,MIN(30,$C$4-5))) -> 75 | F7: 5회 × 5세트
A8: 데드리프트 | B8: 105 | C8: =TEXT(D8/B8,"0%") -> 64% | D8: 67 | E8: =INDEX(증량기록!$E$22:$E$51,MAX(1,MIN(30,$C$4-5))) -> 80 | F8: 5회 × 1세트
A9: 벤치프레스 | B9: 47.25 | C9: =TEXT(D9/B9,"0%") -> 74% | D9: 35 | E9: =INDEX(증량기록!$G$22:$G$51,MAX(1,MIN(30,$C$4-5))) -> 41 | F9: 8회 × 4세트
A10: 밀리터리 프레스 | B10: 40 | C10: =TEXT(D10/B10,"0%") -> 70% | D10: 28 | E10: =INDEX(증량기록!$I$22:$I$51,MAX(1,MIN(30,$C$4-5))) -> 31 | F10: 8회 × 3세트
A11: 해머 스트랭스 로우 | B11: — | C11: — | D11: 60 | E11: =IF($C$4<증량기록!$F$9,D11,INDEX(증량기록!$N$22:$N$51,MAX(1,MIN(30,$C$4-5)))) -> 60 | F11: 8회 × 4세트
A12: 인클라인 벤치프레스 머신 | B12: — | C12: — | D12: 42 | E12: =IF($C$4<증량기록!$F$10,D12,INDEX(증량기록!$P$22:$P$51,MAX(1,MIN(30,$C$4-5)))) -> 42 | F12: 10회 × 3세트
A13: 레그 프레스 | B13: — | C13: — | D13: 160 | E13: =IF($C$4<증량기록!$F$11,D13,INDEX(증량기록!$R$22:$R$51,MAX(1,MIN(30,$C$4-5)))) -> 160 | F13: 10회 × 4세트
A14: 레그 프레스 (발 높게) | B14: — | C14: — | D14: 140 | E14: =IF($C$4<증량기록!$F$12,D14,INDEX(증량기록!$T$22:$T$51,MAX(1,MIN(30,$C$4-5)))) -> 140 | F14: 10회 × 4세트
A15: 루마니안 데드리프트 | B15: — | C15: — | D15: 50 | E15: =IF($C$4<증량기록!$F$13,D15,INDEX(증량기록!$V$22:$V$51,MAX(1,MIN(30,$C$4-5)))) -> 50 | F15: 10회 × 3세트
A16: 힙 쓰러스트 | B16: — | C16: — | D16: 25 | E16: =IF($C$4<증량기록!$F$14,D16,INDEX(증량기록!$X$22:$X$51,MAX(1,MIN(30,$C$4-5)))) -> 25 | F16: 12회 × 4세트
A17: 오버헤드 슈러그(스미스) | B17: — | C17: — | D17: 25 | E17: =IF($C$4<증량기록!$F$15,D17,INDEX(증량기록!$Z$22:$Z$51,MAX(1,MIN(30,$C$4-5)))) -> 25 | F17: 15회 × 3세트
A18: 해머 스트랭스 스캡 슈러그(중립 그립) | B18: — | C18: — | D18: 50 | E18: =IF($C$4<증량기록!$F$16,D18,INDEX(증량기록!$AB$22:$AB$51,MAX(1,MIN(30,$C$4-5)))) -> 50 | F18: 15회 × 3세트
A19: 스미스 프로트랙션 (2026-10-26 중단 — 월 체스트 프레스 머신 프로트랙션 범위 방식) | B19: — | C19: — | D19: 0 | E19: =IF($C$4<증량기록!$F$17,D19,INDEX(증량기록!$AD$22:$AD$51,MAX(1,MIN(30,$C$4-5)))) -> 0 | F19: 15회 × 4세트
A20: 라잉 트라이셉스 익스텐션 | B20: — | C20: — | D20: 15 | E20: =IF($C$4<증량기록!$F$18,D20,INDEX(증량기록!$AF$22:$AF$51,MAX(1,MIN(30,$C$4-5)))) -> 15 | F20: 10회 × 4세트
A21: 리버스컬 | B21: — | C21: — | D21: 15 | E21: =IF($C$4<증량기록!$F$19,D21,INDEX(증량기록!$AH$22:$AH$51,MAX(1,MIN(30,$C$4-5)))) -> 15 | F21: 12회 × 3세트
A22: 인클라인 벤치프레스(바벨) | B22: — | C22: — | D22: 40 | E22: =IF($C$4<증량기록!$F$20,D22,INDEX(증량기록!$AJ$22:$AJ$51,MAX(1,MIN(30,$C$4-5)))) -> 40 | F22: 8회 × 3세트
D23: ↑ 여기에 숫자를 직접 입력
A25: D열(시작 중량)을 바꾸는 법
A26: · D7~D10 노란 칸에 원하는 숫자를 그냥 입력하면 됩니다. 수식이 아니라 일반 숫자입니다.
A27: · 예: 스쿼트를 30kg으로 시작하고 싶으면 D7에 30을 입력. 나머지는 전부 자동으로 따라옵니다.
A28: · C열은 참고용 계산값이므로 건드리지 않아도 됩니다.
A29: · C4의 '현재 주차'는 매주 1씩 올라갑니다 — 앱 '복귀 → 달력'이 날짜로 계산해 알려주므로 보통은 달력이 말할 때만 바꾸면 됩니다.
A31: 5년 공백 후 시작 중량 잡는 법
A32: · 5년 쉬었으면 근력보다 관절 · 건 · 인대와 폼 감각이 먼저 무너져 있다. 근육은 빨리 돌아오지만 이쪽은 느리다.
A33: · 벤치와 프레스는 빈 봉(20kg)에서 시작하는 것이 맞다. 이것이 과한 것이 아니라 정상이다.
A34: · 기준: 10회는 할 수 있을 것 같은 무게로 5회만 하는 것. 여유가 크게 느껴져야 맞다.
A35: · 첫 3~4주는 훈련이 아니라 재적응 기간으로 본다. 가볍다고 느껴도 그대로 간다.
A36: · 너무 가볍게 시작해서 잃는 것은 3~4주뿐이다. 너무 무겁게 시작하면 몇 달을 잃는다.
A38: · 5년 전 중량은 참고치일 뿐 목표가 아니다. 다만 한 번 만들어본 근력은 처음 만들 때보다 빠르게 돌아온다.
... A53: 예상 진행 (X 입력이 없을 때) — 앞 12주. 전체 30주는 증량기록 시트에 있다
A54: 주차 | B54: 스쿼트 | C54: 데드리프트 | D54: 벤치프레스 | E54: 밀리터리 프레스
A55: 6주차 | B55: =증량기록!C22 -> 62 | C55: =증량기록!E22 -> 67 | D55: =증량기록!G22 -> 35 | E55: =증량기록!I22 -> 28
A56: 7주차 | B56: =증량기록!C23 -> 65 | C56: =증량기록!E23 -> 70 | D56: =증량기록!G23 -> 36 | E56: =증량기록!I23 -> 28
A57: 8주차 | B57: =증량기록!C24 -> 67 | C57: =증량기록!E24 -> 72 | D57: =증량기록!G24 -> 37 | E57: =증량기록!I24 -> 30
A58: 9주차 | B58: =증량기록!C25 -> 70 | C58: =증량기록!E25 -> 75 | D58: =증량기록!G25 -> 38 | E58: =증량기록!I25 -> 30
A59: 10주차 | B59: =증량기록!C26 -> 72 | C59: =증량기록!E26 -> 77 | D59: =증량기록!G26 -> 40 | E59: =증량기록!I26 -> 31
A60: 11주차 | B60: =증량기록!C27 -> 75 | C60: =증량기록!E27 -> 80 | D60: =증량기록!G27 -> 41 | E60: =증량기록!I27 -> 31
A61: 12주차 | B61: =증량기록!C28 -> 77 | C61: =증량기록!E28 -> 82 | D61: =증량기록!G28 -> 42 | E61: =증량기록!I28 -> 32
A62: 13주차 | B62: =증량기록!C29 -> 80 | C62: =증량기록!E29 -> 85 | D62: =증량기록!G29 -> 43 | E62: =증량기록!I29 -> 32
A63: 14주차 | B63: =증량기록!C30 -> 82 | C63: =증량기록!E30 -> 87 | D63: =증량기록!G30 -> 45 | E63: =증량기록!I30 -> 33
A64: 15주차 | B64: =증량기록!C31 -> 85 | C64: =증량기록!E31 -> 90 | D64: =증량기록!G31 -> 46 | E64: =증량기록!I31 -> 33
A65: 16주차 | B65: =증량기록!C32 -> 87 | C65: =증량기록!E32 -> 92 | D65: =증량기록!G32 -> 47 | E65: =증량기록!I32 -> 35
A66: 17주차 | B66: =증량기록!C33 -> 90 | C66: =증량기록!E33 -> 95 | D66: =증량기록!G33 -> 48 | E66: =증량기록!I33 -> 35
A68: · 위 표는 X 입력이 없다고 가정한 계획선이다. 실제 진행은 증량기록 시트가 결정한다.
A70: 복귀 운용 — 날짜로 자동 계산 (2026-09-13 신설 · 09-13 기준 정정)
A71: 프로그램 시작일 | C71: 46228 | D71: ← 1주차가 시작된 토요일. 주차는 토요일에 넘어간다(훈련 주가 토요일에 출발한다 · 2026-10-04). 주차는 세는 숫자일 뿐 중량과 무관하다
A72: 주차 기준일 | C72: 46298 | D72: ← 아래 '기준 주차'가 시작된 토요일
A73: 기준 주차 | C73: 11 | D73: ← 주차 기준일에 시작된 주차 번호. '현재 주차'(C4)와 같게 둔다
A74: 증량 전진(주) | C74: 1 | D74: ← 몇 주마다 표를 한 칸 내릴지. 주 단위 전환 뒤로는 1
A75: 디로드 시작일 | C75: 46312 | D75: ← 디로드 주가 시작되는 토요일(여럿이면 텍스트로 2026-10-17, 2026-12-05). 그 주는 주차로 세지 않고 디로드 주로만 표시된다 — 주차 · 중량 · C4가 전부 그 주에 멈추고, 앱이 세트를 절반으로 보여 준다. 미루기는 누르지 않는다. 다음 디로드부터는 아래 간격으로 자동
A76: 디로드 간격(주) | C76: 7 | D76: ← 증량 6주 + 디로드 1주 = 7(사용자 지정 2026-10-04). 위 시작일 중 마지막 날짜부터 이 간격으로 앱이 디로드를 계속 만든다 — 10/17 · 12/5 · 1/23 · 3/13 … 스쿼트가 2주 연속 막혀 앞당기면 그 토요일을 위 칸에 쉼표로 추가한다(그 뒤는 거기서 다시 7주). 0이면 반복 안 함
A77: 재택 1일차 기준일 | C77: 46266 | D77: ← 재택 달력이 '오늘 몇 일차'를 푸는 기준. 복귀 중에는 안 쓰인다
A78: · 앱 '복귀 → 달력'이 이 칸들로 오늘의 주차와 네 리프트 중량을 계산한다. 손으로 셀 필요가 없고, 어디쯤인지 까먹어도 달력이 알려준다.
A79: · 2026-09-13에 사이클(2주에 5kg)을 주 단위(매주 2~3kg)로 바꿨다. 주당 평균은 그대로다 — 스쿼트 · 데드 2.5 · 벤치 1.2 · 프레스 0.6. 계단만 잘게 나눈 것이다.
A80: · 프레스만 격주다. 0.5kg 원판이 한쪽 하나뿐이라 봉 전체 1kg이 최소 계단인데, 그걸 매주 올리면 주 1.25kg으로 지금 속도의 2.5배가 된다.
A81: · 계획한 디로드는 위 '디로드 시작일'에 적는다 — 그 주는 주차로 세지 않고 '디로드 주'로 표시되며, 주차 · 중량 · C4가 같이 멈춘다(2026-10-04 사용자 지정). C4는 디로드 주에 그대로 두고 다음 주에 평소처럼 올린다. 계획 밖에 통째로 쉰 주만 앱 달력에서 '한 주 미루기'를 누른다 — 중량만 한 주 늦게 올라가고 주차 표시는 그대로다.
A82: · 중량 자체는 증량기록 표가 정한다. 이 칸들이 정하는 것은 '오늘이 표의 몇 번째 줄인가'뿐이다.
A83: · 재택으로 돌아가면 표는 그대로 쓰되 한 줄 내려가는 속도가 다르다 — 재택은 10일 주기라 주당 진행이 이보다 느려진다. 그때 증량 폭을 다시 본다.
A84: · [2026-10-04 사용자 지정] 10/3(토)에 출발한 이번 훈련 주를 11주차로 정했다 — 표시와 중량 둘 다. 날짜로 세면 9주차였고 중량 표도 9주차 줄이었으니 두 칸을 건너뛴 것이다(스쿼트 70 → 75 · 데드 75 → 80 · 벤치 38 → 41 · 프레스 27 → 28). 같은 날 주차가 넘어가는 요일을 월요일 → 토요일로 바꿨다 — 그래서 시작일이 7/25(토)로 보인다. 지난 주들의 번호도 그에 맞춰 다시 매겨진다.
A85: · [2026-10-04 사용자 지정] 오버헤드 프레스를 11주차 30kg으로 — 계획 28에서 두 칸 앞당겼다. 앱도 6주차 시작값에서 사다리를 걸어 중량을 내므로 11주차 칸 하나를 덮지 않고 D10을 26 → 27로 바꿔 11주차에 30이 나오게 했다(29는 못 끼우는 값이라 30). 격주 1kg은 그대로 — 12주차 31 · 14주차 32.
A86: · [2026-10-07 사용자 요청] 수요일 프레스를 스미스 오버헤드 프레스 → 시티드 바벨 밀리터리 프레스로 바꿔 D10을 27 → 25로 내렸다 — 12주차 31 → 28(약 90%). 스미스는 궤도를 기계가 잡아 주고 기계에 따라 바 무게도 달라 같은 숫자가 프리웨이트로 옮겨 오지 않는다. 첫 세션에 5회 후 1~2회 남는지 보고, 3회 이상 남으면 앱에서 올린다.
A87: · [2026-10-21 사용자 결정] 시티드 바벨 밀리터리를 3×5 → 3×8로. 10/21 27kg × 16회 — 5회 기준으로 너무 가벼웠다. 추정 1RM 약 41 → 8회 약 32. D10 25 → 28로 12주차(10/28) 32 · 14주차 33(격주 1kg 그대로). F10 · 수요일 램프 B18 · 종목표 F33 · 앱 메인 카드가 같이 8회다.
A88: · [2026-10-23 사용자 결정] 해머 스트랭스 로우 4×8 · 인클라인 벤치프레스 머신 3×10을 매주 +1kg 선형으로 — 둘 다 원판식이라 1kg 격자가 맞는다. D11 · D12는 6주차가 아니라 13주차(10/24 주) 중량이다. 미달 기록은 증량기록 O · Q열. 인클라인 머신은 2주 연속 미달이면 선형을 멈추고 8~10 더블 프로그레션으로 돌아간다 — 벤치 바로 뒤라 벤치 피로인지 정체인지 구분이 안 되기 때문이다. 앱에는 메인 카드 없이 종목표 그 줄의 중량만 주차를 따라간다.
A89: · [2026-10-23 사용자 결정 · 둘째 묶음] 13~19행 일곱 종목도 선형으로 — 주기는 종목마다(증량기록 E열 · 1~3주). D열은 13주차 중량이다. 스미스 · 머신은 원판만 센 무게(봉 무게를 몰라도 '5로 나눈 나머지 4' 규칙이 맞는다). 공통 규칙: 2주 연속 미달이면 그 종목만 선형을 멈추고 범위 방식으로 돌아간다. 라잉 트라이셉스 · 리버스컬은 고정 EZ바라 보류 — 원판 EZ바로 바꾸고 원판 무게가 정해지면 넣는다.
A90: · [2026-10-23 사용자 결정 · 셋째 묶음] 라잉 트라이셉스 4×10 · 리버스컬 3×12 — 봉만 있는 EZ바 + 원판으로 바꿔 3주마다 +1kg(D20 · D21은 봉 포함 총무게 · 지금 고정 바와 같은 15). 위 '보류' 줄은 이것으로 끝났다. 목 인클라인 벤치프레스(바벨) 3×8 매주 +1kg — 벤치처럼 바로(사용자 요청 · D22 = 봉 20 + 한쪽 10).

Sheet 주간계획
A1: 운동 프로그램 — 10일 주기 (A블록 4일 · 휴식 · B블록 4일 · 휴식)
A2: 적용 시기: 재택 근무 기간 (~9월) | 10일 주기 / 1일 1세션 | 1사이클부터 설계 볼륨 100% (볼륨램프 해제) | 요일이 아니라 주기 안의 순서로 돈다
A4: 일차 | B4: 내용 | C4: 메인 리프트 | D4: 주요 근육군 | E4: 세트 | F4: 예상 시간
A5: 1 | B5: 당기기 A (수직) | C5: — | D5: 광배 · 승모(중부) · 기립근 · 복부 | E5: =INDEX(D1_당기기A!$E:$E,MATCH("세트 합계",D1_당기기A!$D:$D,0)) -> 32 | F5: ="약 "&INDEX(D1_당기기A!$I:$I,MATCH("세트 합계",D1_당기기A!$D:$D,0))&"분" -> 약 76분
A6: 2 | B6: 밀기 A (수평) | C6: 벤치프레스 5×5 | D6: 흉근 · 측면삼각 · 후면삼각 · 삼두 | E6: =INDEX(D2_밀기A!$E:$E,MATCH("세트 합계",D2_밀기A!$D:$D,0)) -> 28 | F6: ="약 "&INDEX(D2_밀기A!$I:$I,MATCH("세트 합계",D2_밀기A!$D:$D,0))&"분" -> 약 71분
A7: 3 | B7: 하체 A (무릎) | C7: 스쿼트 5×5 | D7: 대퇴사두 · 햄스트링 · 둔근 | E7: =INDEX(D3_하체A!$E:$E,MATCH("세트 합계",D3_하체A!$D:$D,0)) -> 26 | F7: ="약 "&INDEX(D3_하체A!$I:$I,MATCH("세트 합계",D3_하체A!$D:$D,0))&"분" -> 약 71분
A8: 4 | B8: 어깨·팔 A | C8: — | D8: 삼각근(측면·후면) · 승모(하부) · 흉근(인클라인 스미스 · 펙덱) · 이두 · 전완 · 종아리 | E8: =INDEX(D4_어깨팔A!$E:$E,MATCH("세트 합계",D4_어깨팔A!$D:$D,0)) -> 36 | F8: ="약 "&INDEX(D4_어깨팔A!$I:$I,MATCH("세트 합계",D4_어깨팔A!$D:$D,0))&"분" -> 약 73분
A9: 5 | B9: 휴식 | C9: — | D9: — | E9: 0 | F9: —
A10: 6 | B10: 당기기 B (수평) | C10: — | D10: 광배 · 능형근 · 승모(중부·상부) · 이두 · 기립근 · 중둔근 · 종아리 | E10: =INDEX(D6_당기기B!$E:$E,MATCH("세트 합계",D6_당기기B!$D:$D,0)) -> 28 | F10: ="약 "&INDEX(D6_당기기B!$I:$I,MATCH("세트 합계",D6_당기기B!$D:$D,0))&"분" -> 약 70분
A11: 7 | B11: 밀기 B (수직) | C11: 밀리터리 3×5 | D11: 삼각근 · 흉근(상부 · 디클라인 플라이) · 승모(하부) · 복부 | E11: =INDEX(D7_밀기B!$E:$E,MATCH("세트 합계",D7_밀기B!$D:$D,0)) -> 30 | F11: ="약 "&INDEX(D7_밀기B!$I:$I,MATCH("세트 합계",D7_밀기B!$D:$D,0))&"분" -> 약 73분
A12: 8 | B12: 하체 B (고관절) | C12: 데드리프트 1×5 + 백오프 2×5 | D12: 둔근 · 햄스트링 · 대퇴사두 | E12: =INDEX(D8_하체B!$E:$E,MATCH("세트 합계",D8_하체B!$D:$D,0)) -> 24 | F12: ="약 "&INDEX(D8_하체B!$I:$I,MATCH("세트 합계",D8_하체B!$D:$D,0))&"분" -> 약 74분
A13: 9 | B13: 어깨·팔 B | C13: — | D13: 삼각근(측면·후면·전면) · 승모(하부) · 흉근(상부 플라이) · 삼두 · 이두 · 전완 · 내전근 · 중둔근 | E13: =INDEX(D9_어깨팔B!$E:$E,MATCH("세트 합계",D9_어깨팔B!$D:$D,0)) -> 36 | F13: ="약 "&INDEX(D9_어깨팔B!$I:$I,MATCH("세트 합계",D9_어깨팔B!$D:$D,0))&"분" -> 약 70분
A14: 10 | B14: 휴식 | C14: — | D14: — | E14: 0 | F14: —
A15: 합계 | E15: =SUM(E5:E14) -> 240 | F15: ="약 "&(INDEX(D1_당기기A!$I:$I,MATCH("세트 합계",D1_당기기A!$D:$D,0))+INDEX(D2_밀기A!$I:$I,MATCH("세트 합계",D2_밀기A!$D:$D,0))+INDEX(D3_하체A!$I:$I,MATCH("세트 합계",D3_하체A!$D:$D,0))+INDEX(D4_어깨팔A!$I:$I,MATCH("세트 합계",D4_어깨팔A!$D:$D,0))+INDEX(D6_당기기B!$I:$I,MATCH("세트 합계",D6_당기기B!$D:$D,0))+INDEX(D7_밀기B!$I:$I,MATCH("세트 합계",D7_밀기B!$D:$D,0))+INDEX(D8_하체B!$I:$I,MATCH("세트 합계",D8_하체B!$D:$D,0))+INDEX(D9_어깨팔B!$I:$I,MATCH("세트 합계",D9_어깨팔B!$D:$D,0)))&"분 ("&INT((INDEX(D1_당기기A!$I:$I,MATCH("세트 합계",D1_당기기A!$D:$D,0))+INDEX(D2_밀기A!$I:$I,MATCH("세트 합계",D2_밀기A!$D:$D,0))+INDEX(D3_하체A!$I:$I,MATCH("세트 합계",D3_하체A!$D:$D,0))+INDEX(D4_어깨팔A!$I:$I,MATCH("세트 합계",D4_어깨팔A!$D:$D,0))+INDEX(D6_당기기B!$I:$I,MATCH("세트 합계",D6_당기기B!$D:$D,0))+INDEX(D7_밀기B!$I:$I,MATCH("세트 합계",D7_밀기B!$D:$D,0))+INDEX(D8_하체B!$I:$I,MATCH("세트 합계",D8_하체B!$D:$D,0))+INDEX(D9_어깨팔B!$I:$I,MATCH("세트 합계",D9_어깨팔B!$D:$D,0)))/60)&"시간 "&MOD((INDEX(D1_당기기A!$I:$I,MATCH("세트 합계",D1_당기기A!$D:$D,0))+INDEX(D2_밀기A!$I:$I,MATCH("세트 합계",D2_밀기A!$D:$D,0))+INDEX(D3_하체A!$I:$I,MATCH("세트 합계",D3_하체A!$D:$D,0))+INDEX(D4_어깨팔A!$I:$I,MATCH("세트 합계",D4_어깨팔A!$D:$D,0))+INDEX(D6_당기기B!$I:$I,MATCH("세트 합계",D6_당기기B!$D:$D,0))+INDEX(D7_밀기B!$I:$I,MATCH("세트 합계",D7_밀기B!$D:$D,0))+INDEX(D8_하체B!$I:$I,MATCH("세트 합계",D8_하체B!$D:$D,0))+INDEX(D9_어깨팔B!$I:$I,MATCH("세트 합계",D9_어깨팔B!$D:$D,0))),60)&"분)" -> 약 578분 (9시간 38분)
A17: 배치 논리
A18: · 10일 주기다. 1~4일차 A블록 · 5일차 완전휴식 · 6~9일차 B블록 · 10일차 완전휴식 · 다시 1일차. 네 패턴(당기기 · 밀기 · 하체 · 어깨팔)이 각각 A/B로 5일 간격.
A19: · 무거운 하체일 뒤가 둘 다 저부하다: 3일차 스쿼트 → 4일차 어깨·팔 A → 5일차 완전휴식, 8일차 데드 → 9일차 어깨·팔 B → 10일차 완전휴식. 어깨·팔 날은 척추 부하가 0이다.
A20: · 부위 간격이 5일로 완전히 균등하다 — 짝수 주기라 가능하다. 9일에서는 4일과 5일이 번갈아 왔다. 벤치(2) ↔ 밀리터리(7) · 스쿼트(3) ↔ 데드(8) · 당기기(1) ↔ (6) · 어깨·팔(4) ↔ (9).
A21: · 4·9일차 어깨·팔은 척추 부하 0인 고립일이다 — 33~38세트라 가벼운 날은 아니다. 다음 세션에 영향이 있으면 무게가 과한 것 — 세트가 아니라 무게를 내린다.
A22: · 연속 훈련은 최대 4일(1~4 · 6~9)이고 각 블록 4일째가 고립 세션이라 체감은 3일 → 가벼움 → 휴식이다.
A23: · 당기기 A(수직) / B(수평), 밀기 A(수평) / B(수직), 하체 A(무릎) / B(고관절), 어깨·팔 A / B. 같은 부위를 5일 뒤 다른 각도로 친다.
A24: · 기립근: 데드(8일차) + 덤벨 RDL(1일차). RDL은 20kg으로 가볍게 — 척추 부하가 아니라 자세 유지가 목적.
A26: 10일 주기로 바꾸며 (2026-09-04 전환)
A27: · 4훈련 · 휴식 · 4훈련 · 휴식. 어깨(옛 8일차 40세트)를 다른 세 패턴처럼 A/B로 나눠 4 · 9일차에 두고, 1 · 2 · 5 · 6일차의 삼두 · 이두 · 전완을 그쪽으로 옮겼다. 종목 12개 이동, 세트는 한 개도 안 늘고 안 줄었다 — 239 그대로.
A28: · 세션이 24~38세트 · 67~73분으로 고르게 됐다. 9일 주기에서는 1일차 38 · 6일차 34(84분) · 8일차 40이었고 80분 넘는 날이 셋이었다. 이제 없다.
A29: · 시간 균등화(같은 날 추가): 디클라인 플라이(2일차) · 펙덱(7일차) → 4일차, 케이블 힙 외전(8일차) → 9일차, 스탠딩 카프(3일차) → 6일차. 4종목 13세트, 총량 불변. 분할 직후 57~80분이던 편차를 67~73분으로 좁혔다 — 남은 6분은 종목 하나 크기라 세트를 쪼개지 않는 한 더 못 좁힌다. 흉근이 2·4·7일차 셋으로 흩어졌고 종아리는 (1,6) 거울이 됐다.
... A101: · 9일차는 드롭 0 — 36세트로 이미 꽉 찬 날이다. 측면은 2일차 레터럴에 더해 4일차 머신 레터럴에도 붙였다(사용자 선택, 둘 다 +60초). 이두는 프리쳐 컬 한 곳(9일차 인클라인 컬은 이틀 뒤 친업), 머신 숄더 프레스는 제외(전면 삼각근은 프레스 4종으로 충분), 시티드 카프·트랩바 슈러그·흉근 상부(케이블 플라이 교체 필요)는 보류.

Sheet D1_당기기A
A1: 1일차 — 당기기 A (수직)
A2: 광배 위쪽 · 견갑골 하강 · 전완 · 삼두. 6일차 당기기 B(수평)와 각도를 나눈다.
A3: 웜업 — 스캡 풀업 2세트 × 5~8 (세트 카운트 제외): 팔은 편 채 견갑골만 하강, 여유 있게(실패 4회+ 전 종료). 친업 직전 견갑 하강 프라이밍.
A4: 운동 구성
A5: # | B5: 종목 | C5: 근육군 | D5: 중량(Kg) | E5: 세트 | F5: 횟수 | G5: 수행(초) | H5: 휴식(초) | I5: 종목 분 | J5: 간접 자극 | K5: 메모 | L5: 대체 종목 | M5: 세트별 휴식(초) | N5: 슈퍼세트 | O5: 드롭(초)
A6: 1 | B6: 친업 (어시스트 가능) | C6: 광배 | D6: 60 | E6: 4 | F6: 6~8 | G6: 35 | H6: 155 | I6: =IF(E6=0,0,ROUND((E6*(G6+H6)+O6)/60,1)) -> 12.7 | J6: 이두 | K6: 수직 당기기 메인. 광배 위쪽 섬유 비중이 큼 | L6: 어시스트 풀업 머신 (개수가 안 나올 때) / 뉴트럴 그립 친업 (팔꿈치가 편함) / 랫풀다운 | M6: 135/145/160/180
A7: 2 | B7: 랫풀다운 | C7: 광배 | D7: 40 | E7: 3 | F7: 8~12 | G7: 40 | H7: 120 | I7: =IF(E7=0,0,ROUND((E7*(G7+H7)+O7)/60,1)) -> 8 | J7: 이두 | K7: 친업 뒤에 무게 조절 수단으로. 그립을 친업과 다르게 (친업이 언더면 여기선 오버) [2026-09-05 4→2] 뒤 2세트를 원암 랫풀다운으로 나눴다 (사용자 요청). | L7: 뉴트럴 그립 랫풀다운 / 원암 랫풀다운 (좌우 독립) / 케이블 풀오버 (이두 개입 최소)
A8: 3 | B8: 원암 랫풀다운 | C8: 광배 | D8: 20 | E8: 2 | F8: 8~12 (좌우) | G8: 80 | H8: 120 | I8: =IF(E8=0,0,ROUND((E8*(G8+H8)+O8)/60,1)) -> 8.7 | J8: 이두 | K8: [2026-09-05 신설] 랫풀다운 4세트를 양팔 2 + 원암 2로 나눴다 (사용자 요청). 하이 풀리에 D핸들을 걸고 뉴트럴 그립으로 한 팔씩 — 좌우를 따로 세니 약한 쪽이 강한 쪽에 묻히지 않고, 당기는 쪽으로 몸통을 살짝 기울여 광배를 더 늘린 자리에서 시작할 수 있다. 팔꿈치를 옆구리 쪽으로 끌어내리고 맨 아래에서 1초 정지. 세트 수는 좌우 한 번씩을 1세트로 센다(수행 80초 = 40초 × 2). 무게는 양팔의 절반에서 시작해 약한 쪽 기준으로 올린다. 광배 직접 세트는 이 날 8 그대로. [2026-09-07 마지막 세트 드롭 2단 — 실패 뒤 쉬지 않고 20~30% 내려 두 번. 한쪽을 끝까지 내려간 뒤 반대쪽. 팔로 당기기 시작하면 그 자리에서 끝. 세트 수 그대로, 증량 판정은 첫 세트로만. +120초는 O열] | L8: 원암 케이블 풀다운 (다른 하이 풀리) / 원암 덤벨 로우 (풀다운 기구가 찼을 때) / 뉴트럴 그립 랫풀다운 4세트로 합치기 | O8: 120
A9: 4 | B9: 바벨 로우(스미스)(그립 넓게) | C9: 승모(중부)·능형근 | D9: 맨몸 | E9: 4 | F9: 8~10 | G9: 40 | H9: 120 | I9: =IF(E9=0,0,ROUND((E9*(G9+H9)+O9)/60,1)) -> 10.7 | J9: 전거근 | K9: 그립을 어깨너비보다 넓게 — 팔꿈치를 45~90°로 벌려 견갑골을 모으는 종목이다. 주동근은 능형근·중부승모이고 광배는 협력근으로 계상한다(간접 0.5). 팔꿈치를 몸통에 붙여 당기면 광배 종목이 되어 같은 날 친업·랫풀다운과 겹친다 — 그러라고 넣은 자리가 아니다. [2026-09-04 라벨 정정: 광배 → 승모(중부)·능형근. 세트 수는 그대로 4] | L9: 스캡 랫풀다운 (앉아서) / 어시스트 풀업 머신에서 스캡 풀업 / 바에 매달려 정지 3초
A10: 5 | B10: 페이스풀(로프) | C10: 승모(중부)·능형근 | D10: 12.5 | E10: 3 | F10: 12~15 | G10: 45 | H10: 60 | I10: =IF(E10=0,0,ROUND((E10*(G10+H10)+O10)/60,1)) -> 5.3 | J10: 삼각근(후면) · 외회전근 | K10: 수평 후인 + 외회전. 랫풀다운과 같은 케이블 스테이션에서 높이만 올려 이어서 한다. 팔꿈치를 어깨 높이로 유지하고 마지막에 손등이 뒤로 돌아갈 때까지 외회전을 끝낼 것 — 외회전을 빼면 그냥 후면삼각 종목이 되어 6일차와 겹친다. 무게 욕심 내면 승모 상부가 다 가져간다. 수직 당기기 날이지만 승모 중부 사이클당 2회(6일차와 5일 간격)를 만들기 위한 배치이며, 10~15kg으로 가벼워 친업·랫풀다운의 광배 자극과 경쟁하지 않는다. 덤벨 RDL과 같은 성격의 예외 배치. | L10: 로프 페이스풀 (1순위) / 밴드 페이스풀 (케이블 자리가 없을 때) / 리버스 펙덱을 팔 편 채로 + 케이블 외회전 별도 (외회전 성분을 분리 수행)
A11: 6 | B11: 바벨 컬 | C11: 이두 | D11: 30~35 | E11: 0 | F11: 8~12 | G11: 40 | H11: 70 | I11: =IF(E11=0,0,ROUND((E11*(G11+H11)+O11)/60,1)) -> 0 | J11: 전완 | K11: [2026-08-28 — 이 종목은 2일차 밀기 A로 옮겨 3세트로 되살아났다. 당기기 날은 친업·랫풀다운으로 이두가 이미 간접 3.5세트분 지친 뒤라 컬을 두기에 나쁜 자리였다. 이 행은 기록으로만 남긴다] | L11: EZ바 컬 (손목이 편함) / 케이블 컬 (전 구간 장력) / 해머 컬 (상완요골근 동시)
A12: 7 | B12: 라잉 레그 레이즈 | C12: 복부 | D12: 맨몸 | E12: 4 | F12: 12~15 | G12: 40 | H12: 60 | I12: =IF(E12=0,0,ROUND((E12*(G12+H12)+O12)/60,1)) -> 6.7 | K12: 복부 굴곡(하부). 바닥에 누워 다리를 모은 채 들어올린다 — 허리가 뜨면 장요근 종목이 되므로 손을 엉덩이 밑에 받쳐 골반을 후방경사로 고정하고, 내릴 때 발이 바닥에 닿기 전에 멈춰 장력을 유지한다. 6일차 중량 크런치(상부)와 굴곡 축을 나눈다. [2026-09-02 — 변형 4가지 서킷에서 일반 라잉 레그 레이즈로 환원. 세트당 100회·150초라 4세트가 14분으로 이 세션에서 가장 긴 종목이었고, 변형마다 자극 부위가 흩어져 하부 굴곡 한 축에 집중되지 않았다. 종목 분 14.0 → 6.7] | L12: 캡틴 체어 레그 레이즈 (그립·허리 부담 없음 — 1순위) / 행잉 레그 레이즈 (가장 어렵다, 그립이 먼저 나감) / 리버스 크런치 (골반을 말아 올려 하부 집중) / 라잉 레그 레이즈 변형 4가지 https://www.youtube.com/watch?v=BGaOGtfTKPc
A13: 8 | B13: 케이블 트렁크 로테이션 | C13: 복부 | D13: 10~15 | E13: 3 | F13: 12~15 (좌우) | G13: 70 | H13: 60 | I13: =IF(E13=0,0,ROUND((E13*(G13+H13)+O13)/60,1)) -> 6.5 | K13: [2026-09-04 신설] 복부의 네 번째 축 — 회전. 그동안 굴곡(상·하)과 항신전만 있고 회전은 통째로 비어 있었다. **뒷발 뒤꿈치를 돌려 골반이 상체를 따라가게 한다** — 골반을 고정한 채 돌리면 회전이 요추 하나에 몰린다(앉아서 하는 트렁크 로테이션 머신을 안 쓰는 이유가 이것이다). **팔은 고정하고 몸통으로 돌린다** — 팔로 당기면 어깨 운동이 된다. 무게는 가볍게, 통제되는 범위에서. 6일차 중량 크런치를 6→3으로 내리며 이쪽으로 옮겨온 자리다. 왜 1일차인가 — 10일차 휴식 다음 날이라 척추가 가장 신선하다. 9일차는 데드(8일차) 다음 날이고 "척추 부하 0"이 그 날의 설계 근거라 회전을 얹지 않았다. | L13: 케이블 우드촙 (하이 투 로우) / 팔로프 프레스 (항회전) / 밴드 트렁크 로테이션
A14: 9 | B14: 카프 레이즈 (스탠딩) | C14: 종아리 | D14: 10 | E14: 3 | F14: 12~15 | G14: 40 | H14: 75 | I14: =IF(E14=0,0,ROUND((E14*(G14+H14)+O14)/60,1)) -> 5.8 | K14: [2026-09-04 신설] 종아리를 성장 구간(주당 10)으로 올리려고 3일차·8일차에 이어 세 번째 자리를 만들었다. 무릎 편 상태라 비복근 쪽. 당기기 날에 둔 이유는 하체날 두 곳이 이미 가장 긴 세션이라 더 얹지 않기로 해서다 — 종아리는 고립이라 어느 날에 있든 상관없다. | L14: 레그 프레스 카프 (기계가 비었을 때) / 스미스 카프 레이즈
A15: 10 | B15: 덤벨 루마니안 데드리프트 | C15: 기립근 | D15: 20 | E15: 3 | F15: 12 | G15: 45 | H15: 90 | I15: =IF(E15=0,0,ROUND((E15*(G15+H15)+O15)/60,1)) -> 6.8 | J15: 둔근·햄스트링 | K15: 기립근 보조. 20kg으로 가볍게 — 무게를 올리면 햄스트링 종목이 되고 척추 부하도 같이 올라간다. 데드(8일차)와 이틀 간격이라 이 자리가 맞다 [2026-09-04 3→6→3] 백 익스텐션이 없던 동안 기립근을 늘릴 수단이 이것뿐이라 6으로 올렸다가, 기구를 쓸 수 있다는 확인을 받고 3으로 되돌렸다. 힌지를 두 배로 하는 것보다 기립근 전용 종목을 따로 두는 편이 척추 부하도 낮고 자극도 곧다. [2026-09-04 순서 변경: 백 익스텐션과 자리를 맞바꿔 10번이 됐다] | L15: 케이블 풀스루 (척추 압박 최소) / 굿모닝 (빈 봉~40kg, 가볍게) / 45도 하이퍼익스텐션 벤치 (있는 경우) / 스티프 레그드 데드리프트. 어느 쪽이든 가볍게 — 성장이 아니라 자세 유지가 목적
A16: 11 | B16: 백 익스텐션 (45도) | C16: 기립근 | D16: 맨몸 | E16: 3 | F16: 12~15 | G16: 40 | H16: 60 | I16: =IF(E16=0,0,ROUND((E16*(G16+H16)+O16)/60,1)) -> 5 | K16: [2026-09-04 순서 변경] 기구가 옆 체육관에 있어 세션 맨 마지막으로 내렸다 — 본 체육관 일을 전부 끝내고 이동한다. 앞으로 종목을 추가할 때 이 뒤에 붙이지 말 것. 45도 백 익스텐션, 이 프로그램의 원래 설계 종목이었는데 기구를 못 써서 덤벨 RDL로 대체해 뒀던 것을 되돌렸다. **척추 신전을 강조해서 한다** — 등을 편 채 고관절만 접는 힌지식으로 하면 둔근·햄스트링이 주동근이 되고 기립근은 버티기만 한다. 옆 체육관까지 갔는데 그러면 헛걸음이다. | L16: 원판 5~10kg 안고 (맨몸이 쉬워지면) / 굿모닝(스미스) / 덤벨 루마니안 데드리프트
D17: 세트 합계 | E17: =SUM(E6:E16) -> 32 | I17: =ROUND(SUM(I6:I16),0) -> 76
A19: 변경 (2026-09-05)
A20: · 랫풀다운 4 → 양팔 2 + 원암 2 (사용자 요청). 3번 원암 랫풀다운을 새로 두고 뒤 종목 번호가 하나씩 밀렸다. 광배 직접 세트는 8 그대로 · 31세트 · 약 72분.
A22: 드롭 세트 (2026-09-07)
A23: · 원암 랫풀다운 마지막 세트에 드롭 2단, +120초 (사용자 요청). 편측이라 한쪽을 끝까지 내려간 뒤 반대쪽으로 넘어간다 — 번갈아 하면 쉬는 시간이 생겨 드롭 효과가 약해진다. 광배는 주당 12.4로 낮고 예산은 잠겨 있어, 세트 수를 안 늘리고 자극만 얹는 자리다.
A24: · O열 '드롭(초)'는 마지막 세트에 더해지는 시간이다. I열 종목 분에 합산되고, 앱 타이머는 마지막 세트를 그만큼 늘린 뒤 '드롭세트'라고 읊는다. E열 세트 수와 세트검산은 건드리지 않는다.

Sheet D2_밀기A
A1: 2일차 — 밀기 A (수평)
A2: 벤치 5×5가 이 프로그램의 최우선 종목. 7일차 밀기 B(수직)와 각도를 나눈다. 삼두 푸쉬다운을 마지막에 둔다 — 프레스로 지친 삼두를 고립으로 마무리한다 (2026-09-05, 4일차에서 이동). [이력] 바벨 컬은 2026-09-04에 4일차로 갔다.
A4: 메인: 벤치프레스
A5: 중량(Kg) | B5: 반복 | C5: 세트
A6: =MAX(20,(MROUND(시작중량_설정!$E$9*0.4,1)+(MOD(MROUND(시작중량_설정!$E$9*0.4,1),5)=4))) -> 20 | B6: 5 | C6: 2
A7: =IF(MAX(20,(MROUND(시작중량_설정!$E$9*0.6,1)+(MOD(MROUND(시작중량_설정!$E$9*0.6,1),5)=4)))<=MAX(20,(MROUND(시작중량_설정!$E$9*0.4,1)+(MOD(MROUND(시작중량_설정!$E$9*0.4,1),5)=4))),"생략",MAX(20,(MROUND(시작중량_설정!$E$9*0.6,1)+(MOD(MROUND(시작중량_설정!$E$9*0.6,1),5)=4)))) -> 25 | B7: 5 | C7: 1
A8: =IF(MAX(20,(MROUND(시작중량_설정!$E$9*0.75,1)+(MOD(MROUND(시작중량_설정!$E$9*0.75,1),5)=4)))<=MAX(20,(MROUND(시작중량_설정!$E$9*0.6,1)+(MOD(MROUND(시작중량_설정!$E$9*0.6,1),5)=4))),"생략",MAX(20,(MROUND(시작중량_설정!$E$9*0.75,1)+(MOD(MROUND(시작중량_설정!$E$9*0.75,1),5)=4)))) -> 31 | B8: 3 | C8: 1
A9: =IF(MAX(20,(MROUND(시작중량_설정!$E$9*0.9,1)+(MOD(MROUND(시작중량_설정!$E$9*0.9,1),5)=4)))<=MAX(20,(MROUND(시작중량_설정!$E$9*0.75,1)+(MOD(MROUND(시작중량_설정!$E$9*0.75,1),5)=4))),"생략",MAX(20,(MROUND(시작중량_설정!$E$9*0.9,1)+(MOD(MROUND(시작중량_설정!$E$9*0.9,1),5)=4)))) -> 37 | B9: 2 | C9: 1
A10: =시작중량_설정!$E$9 -> 41 | B10: 5 | C10: 5
A11: ↑ '시작중량_설정'과 자동 연동. 20 = 빈 봉. '생략'은 앞 세트와 중량이 겹쳐 불필요하다는 뜻.
A13: 웜업 — 회전근개 (세트 카운트 제외)
A14: · 케이블 외회전 2세트 × 12~15회. 팔꿈치 90도로 접어 옆구리에 붙이고 바깥으로만 회전.
A15: · 매우 가볍게 — 2.5~5kg. 무거우면 광배와 후면 삼각근이 대신 일하며 목적을 잃는다.
A16: · 근비대 항목이 아니라 관절 준비 항목이므로 세트 합계에 넣지 않는다.
A18: 운동 구성
A19: # | B19: 종목 | C19: 근육군 | D19: 중량(Kg) | E19: 세트 | F19: 횟수 | G19: 수행(초) | H19: 휴식(초) | I19: 종목 분 | J19: 간접 자극 | K19: 메모 | L19: 대체 종목 | M19: 세트별 휴식(초) | N19: 슈퍼세트 | O19: 드롭(초)
A20: 1 | B20: 벤치프레스 (본세트) | C20: 흉근(중하부) | D20: =시작중량_설정!$E$9 -> 41 | E20: 5 | F20: 5 | G20: 30 | H20: 180 | I20: =IF(E20=0,0,ROUND((E20*(G20+H20)+O20)/60,1)) -> 17.5 | J20: 삼두·전면삼각 | K20: 현재 최우선 종목. 사이클당 2.25kg 마이크로로딩. 여기가 무너지면 그 사이클 나머지를 줄인다 | L20: 스미스 벤치프레스 (궤도 고정) / 체스트 프레스 머신 / 플로어 프레스 (어깨가 아플 때) | M20: 150/165/180/195/210
A21: 2 | B21: 딥스 | C21: 흉근(중하부) | D21: 70 10개 채움 | E21: 4 | F21: 8~10 | G21: 40 | H21: 155 | I21: =IF(E21=0,0,ROUND((E21*(G21+H21)+O21)/60,1)) -> 13 | J21: 삼두 | K21: 상체 앞으로 기울여 흉근 비중 확보. 쉬워지면 벨트로 중량 추가 | L21: 어시스트 딥스 머신 / 디클라인 덤벨 프레스 / 체스트 딥스 머신 https://www.youtube.com/shorts/1tQQKeAMwr0 | M21: 135/145/160/180
A22: 3 | B22: 인클라인 덤벨 플라이(혹은 벡덱플라이 머신으로) | C22: 흉근(상부) | D22: 8 | E22: 4 | F22: 10~12 | G22: 40 | H22: 105 | I22: =IF(E22=0,0,ROUND((E22*(G22+H22)+O22)/60,1)) -> 9.7 | K22: 프레싱 뒤 고립. 늘어난 구간에서 멈추지 말고 부드럽게 [2026-09-04 4→7] 흉근 상부 보강(주당 7.0 → 10.1). 7일차 인클라인 머신과 함께 사이클당 2회. [2026-09-04 7→4] 같은 날 인클라인 벤치프레스(스미스) 3세트를 새로 두면서 나눴다. 흉근 상부 직접 합계는 그대로다. | L22: 케이블 크로스오버 (아래→위) / 펙덱 플라이 (등받이를 눕혀 인클라인 각으로) / 인클라인 머신 플라이
A23: 4 | B23: 레터럴 레이즈 | C23: 삼각근(측면) | D23: 6 | E23: 6 | F23: 12~15 | G23: 40 | H23: 70 | I23: =IF(E23=0,0,ROUND((E23*(G23+H23)+O23)/60,1)) -> 12 | K23: 덤벨은 아래 구간에 저항이 안 걸린다 — 원암 케이블(7일차)이 그 구간을 메운다 [2026-09-07 마지막 세트 드롭 2단 — 실패 뒤 쉬지 않고 20~30% 내려 두 번. 무거운 구간에서 승모가 끼면 내린 무게로 어깨만 마저 채운다. 세트 수 그대로, 증량 판정은 앞 세트로만. +60초는 O열] | L23: 케이블 레터럴 레이즈 (전 구간 장력) / 레터럴 레이즈 머신 / 라잉 레터럴 | O23: 60
A24: 5 | B24: 리버스 펙덱플라이 | C24: 삼각근(후면) | D24: 20 | E24: 5 | F24: 12~15 | G24: 40 | H24: 70 | I24: =IF(E24=0,0,ROUND((E24*(G24+H24)+O24)/60,1)) -> 10.2 | K24: [2026-09-07 마지막 세트 드롭 2단 — 실패 뒤 쉬지 않고 핀 20~30% 내려 두 번. 세트 수 그대로, 증량 판정은 앞 세트로만. +60초는 O열] | L24: https://www.youtube.com/shorts/Et70PVUQpDE | O24: 60
A25: 6 | B25: 케이블 푸쉬다운 (로프) | C25: 삼두 | D25: 20 | E25: 4 | F25: 10~15 | G25: 40 | H25: 70 | I25: =IF(E25=0,0,ROUND((E25*(G25+H25)+O25)/60,1)) -> 8.3 | K25: [2026-09-05 4일차 → 2일차 이동] 벤치·딥스·플라이·레이즈를 다 마친 뒤 마지막에 — 프레스에서 이미 지친 삼두를 고립으로 마무리하는 자리다. 4일차에 있을 때의 근거였던 '삼두가 안 쓰인 날의 신선함'은 포기했고, 대신 밀기 날에 삼두가 같이 끝난다. 로프로 마지막에 손등을 바깥으로 벌리면 외측두가 끝까지 수축한다. 팔꿈치는 옆구리에 고정 — 어깨로 누르면 광배 종목이 된다. 9일차 라잉 익스텐션이 늘어난 구간(장두)이라 여기는 짧아진 구간(외측두·내측두)으로 축을 나눈다. 삼두 직접은 2일차 4 · 9일차 4로 사이클당 2회 그대로. [2026-08-28 — 원래 1일차 인클라인 덤벨 컬 자리에 들어왔던 종목] [2026-09-07 마지막 세트 드롭 2단 — 실패 뒤 쉬지 않고 핀 20~30% 내려 두 번. 팔꿈치는 끝까지 옆구리에. 세트 수 그대로, 증량 판정은 앞 세트로만. +60초는 O열] | L25: V바 푸쉬다운 (손목이 편함) / 오버헤드 케이블 익스텐션 (장두 — 7일차와 겹치므로 차선) / 덤벨 킥백 / 벤치 딥스 (케이블이 없을 때) | O25: 60
D26: 세트 합계 | E26: =SUM(E20:E25) -> 28 | I26: =ROUND(SUM(I20:I25),0) -> 71
A27: 드롭 세트 (2026-09-07)
A28: · 레터럴 레이즈 · 리버스 펙덱 · 푸쉬다운 마지막 세트에 드롭 2단, 각 +60초 (사용자 요청). 벤치 뒤라 셋이 몰려도 메인에 영향이 없다. 20~30%씩 내려 쉬지 않고 두 번, 세 번째부터는 피로만 쌓인다.
A29: · O열 '드롭(초)'는 마지막 세트에 더해지는 시간이다. I열 종목 분에 합산되고, 앱 타이머는 마지막 세트를 그만큼 늘린 뒤 '드롭세트'라고 읊는다. E열 세트 수와 세트검산은 건드리지 않는다.

Sheet D3_하체A
A1: 3일차 — 하체 A (무릎 지배)
A2: 스쿼트 · 레그프레스 중심. 8일차 하체 B(고관절 지배)와 5일 간격.
A4: 메인: 스쿼트
A5: 중량(Kg) | B5: 반복 | C5: 세트
A6: =MAX(20,(MROUND(시작중량_설정!$E$7*0.4,1)+(MOD(MROUND(시작중량_설정!$E$7*0.4,1),5)=4))) -> 30 | B6: 5 | C6: 2
A7: =IF(MAX(20,(MROUND(시작중량_설정!$E$7*0.6,1)+(MOD(MROUND(시작중량_설정!$E$7*0.6,1),5)=4)))<=MAX(20,(MROUND(시작중량_설정!$E$7*0.4,1)+(MOD(MROUND(시작중량_설정!$E$7*0.4,1),5)=4))),"생략",MAX(20,(MROUND(시작중량_설정!$E$7*0.6,1)+(MOD(MROUND(시작중량_설정!$E$7*0.6,1),5)=4)))) -> 45 | B7: 5 | C7: 1
A8: =IF(MAX(20,(MROUND(시작중량_설정!$E$7*0.75,1)+(MOD(MROUND(시작중량_설정!$E$7*0.75,1),5)=4)))<=MAX(20,(MROUND(시작중량_설정!$E$7*0.6,1)+(MOD(MROUND(시작중량_설정!$E$7*0.6,1),5)=4))),"생략",MAX(20,(MROUND(시작중량_설정!$E$7*0.75,1)+(MOD(MROUND(시작중량_설정!$E$7*0.75,1),5)=4)))) -> 56 | B8: 3 | C8: 1
A9: =IF(MAX(20,(MROUND(시작중량_설정!$E$7*0.9,1)+(MOD(MROUND(시작중량_설정!$E$7*0.9,1),5)=4)))<=MAX(20,(MROUND(시작중량_설정!$E$7*0.75,1)+(MOD(MROUND(시작중량_설정!$E$7*0.75,1),5)=4))),"생략",MAX(20,(MROUND(시작중량_설정!$E$7*0.9,1)+(MOD(MROUND(시작중량_설정!$E$7*0.9,1),5)=4)))) -> 68 | B9: 2 | C9: 1
A10: =시작중량_설정!$E$7 -> 75 | B10: 5 | C10: 5
A11: ↑ '시작중량_설정'과 자동 연동. 20 = 빈 봉. '생략'은 앞 세트와 중량이 겹쳐 불필요하다는 뜻.
A13: 운동 구성
A14: # | B14: 종목 | C14: 근육군 | D14: 중량(Kg) | E14: 세트 | F14: 횟수 | G14: 수행(초) | H14: 휴식(초) | I14: 종목 분 | J14: 간접 자극 | K14: 메모 | L14: 대체 종목 | M14: 세트별 휴식(초) | N14: 슈퍼세트 | O14: 드롭(초)
A15: 1 | B15: 스쿼트 (본세트) | C15: 대퇴사두 | D15: =시작중량_설정!$E$7 -> 75 | E15: 5 | F15: 5 | G15: 35 | H15: 193 | I15: =IF(E15=0,0,ROUND((E15*(G15+H15)+O15)/60,1)) -> 19 | J15: 둔근·기립근 | K15: 무릎 지배 메인. 데드(8일차)와 5일 간격이라 기립근이 회복된 상태에서 친다 | L15: 스미스 스쿼트 / 핵 스쿼트 (대퇴사두 집중) / 프론트 스쿼트 / 벨트 스쿼트 (척추 부하 없음) | M15: 150/170/190/215/240
A16: 2 | B16: 레그 프레스 | C16: 대퇴사두 | D16: 120 | E16: 3 | F16: 8~12 | G16: 45 | H16: 150 | I16: =IF(E16=0,0,ROUND((E16*(G16+H16)+O16)/60,1)) -> 9.8 | J16: 둔근 | K16: 수/토 3+3 분할. 궤도 고정이라 대퇴사두가 확실히 한계까지 간다. 발판 위치는 중간 | L16: 핵 스쿼트 / 레그 익스텐션 (완전 고립) / 프론트 스쿼트
A17: 3 | B17: 불가리안 스플릿 스쿼트 | C17: 둔근 | D17: 맨몸 | E17: 3 | F17: 10 (좌우) | G17: 90 | H17: 150 | I17: =IF(E17=0,0,ROUND((E17*(G17+H17)+O17)/60,1)) -> 12 | J17: 대퇴사두·중둔근 | K17: 한 다리 지지라 관상면 안정화가 함께 들어온다 | L17: 덤벨 런지 / 워킹 런지 / 스텝업 / 리버스 런지 (무릎 부담 ↓)
A18: 4 | B18: 레그 컬 | C18: 햄스트링 | D18: 40 | E18: 4 | F18: 10~12 | G18: 40 | H18: 120 | I18: =IF(E18=0,0,ROUND((E18*(G18+H18)+O18)/60,1)) -> 11.9 | K18: 무릎 굴곡. 8일차 RDL(고관절 신전)과 기능이 다르다 — 둘 다 필요 [2026-09-07 마지막 세트 드롭 2단 — 실패 뒤 쉬지 않고 핀 20~30% 내려 두 번. 지친 햄스트링은 수축 위치에서 쥐가 잘 나니 위에서 멈추지 말고 바로 내린다. 다음 햄스트링은 8일차, 5일 뒤. 세트 수 그대로, 증량 판정은 앞 세트로만. +75초는 O열] | L18: 라잉 레그 컬 · 시티드 레그 컬 (시티드가 늘어난 구간을 더 씀) / 노르딕 햄 컬 | O18: 75
A19: 5 | B19: 이너 타이 | C19: 내전근 | D19: 35 | E19: 4 | F19: 12~15 | G19: 40 | H19: 10 | I19: =IF(E19=0,0,ROUND((E19*(G19+H19)+O19)/60,1)) -> 3.3 | K19: 내전근 직접 종목은 이것뿐. 스쿼트·레그프레스·불가리안이 간접 5.5를 채워 주므로 실질은 이미 하한 위다. [2026-09-04 — 아우터 타이와 슈퍼세트로 묶었다. 겸용 머신이라 패드만 뒤집으면 되어 전환이 10초다. 휴식 105 → 10초는 그 전환 시간이고, 라운드 간 휴식은 아우터 쪽 105초가 맡는다. 길항근 쌍이라 서로의 피로를 나눠 갖지 않으며, 각 근육 입장에서는 자기 세트 간격이 오히려 155초로 늘어난다] | L19: 와이드 스탠스 레그 프레스 / 코사크 스쿼트 / 케이블 힙 내전 | N19: A
A20: 6 | B20: 아우터 타이 (힙 외전) | C20: 중둔근 | D20: 30~35 | E20: 4 | F20: 12~15 | G20: 40 | H20: 105 | I20: =IF(E20=0,0,ROUND((E20*(G20+H20)+O20)/60,1)) -> 9.7 | K20: 관상면 외전. [2026-09-04 부활 — v18에서 8일차로 보냈던 자리를 이너 타이와의 슈퍼세트로 되살렸다. 중둔근이 직접 3 · 간접 1.0으로 주당 환산 3.5, 프로그램 최하위였다. 여기 4세트로 주당 7.0 · 사이클당 2회(3일차·8일차, 간격 4일)가 된다. 8일차 케이블 힙 외전은 그대로 둔다 — 앉아서 고관절 굽힌 채(여기)와 서서 편 채(8일차)는 각도가 다르다. 반드시 양측 동시 머신으로 — 케이블 좌우 버전은 수행 80초라 40초짜리 이너와 라운드가 안 맞는다] | L20: 힙 어브덕션 머신 (겸용 머신이 없을 때) / 케이블 힙 외전 (좌우 — 슈퍼세트로는 부적합) / 밴드 몬스터 워크 / 사이드 라잉 힙 외전 | N20: A
A21: 7 | B21: 앱휠 롤아웃 | C21: 복부 | D21: 맨몸 | E21: 3 | F21: 10 | G21: 40 | H21: 60 | I21: =IF(E21=0,0,ROUND((E21*(G21+H21)+O21)/60,1)) -> 5 | K21: 항신전. 다음날이 당기기 B라 브레이싱 손실이 문제되지 않는다 | L21: 애브 롤아웃 / 사이드 플랭크 / 팔로프 프레스 (항회전)
D22: 세트 합계 | E22: =SUM(E15:E21) -> 26 | I22: =ROUND(SUM(I15:I21),0) -> 71
A23: 드롭 세트 (2026-09-07)
A24: · 레그 컬 마지막 세트에 드롭 2단, +75초 (사용자 요청). 핀 스택 단관절이고 그날 햄스트링 마지막 종목이다. 다음 햄스트링은 8일차 RDL, 5일 뒤. 3일차 뒤는 4일차 고립·5일차 휴식이라 회복이 겹치지 않는다. 지친 햄스트링은 수축 위치에서 쥐가 나기 쉬우니 드롭 반복은 위에서 멈추지 않는다.
A25: · O열 '드롭(초)'는 마지막 세트에 더해지는 시간이다. I열 종목 분에 합산되고, 앱 타이머는 마지막 세트를 그만큼 늘린 뒤 '드롭세트'라고 읊는다. E열 세트 수와 세트검산은 건드리지 않는다.

Sheet D4_어깨팔A
A1: 4일차 — 어깨·팔 A
A2: 측면·후면 삼각근 + 승모 하부 + 흉근(인클라인 스미스 · 펙덱) + 이두 · 전완 + 종아리. 약 71분. 4-1-4-1 전환으로 신설 — 옛 8일차 어깨 세션의 절반과 1·2일차의 팔이 여기로 왔다. 거울 슬롯은 9일차 어깨·팔 B. [2026-09-05] 이너·아우터 타이·리스트 컬은 9일차로, 디클라인 플라이는 7일차로, 시티드 카프는 6일차로 갔고, 9일차의 리버스 리스트 컬·리버스컬과 6일차 스탠딩 카프·오버헤드 슈러그가 왔다. 펙덱·머신 레터럴 마지막 세트 드롭 +2분 — 약 73분 (2026-09-07).
A3: 웜업 — 케이블 외회전 2세트 × 12~15 (세트 카운트 제외): 매우 가볍게 2.5~5kg. 팔꿈치를 90도로 접어 옆구리에 붙이고 바깥으로만 회전. 대체: 밴드 외회전 / 아주 가벼운 페이스풀.
A4: 운동 구성
A5: # | B5: 종목 | C5: 근육군 | D5: 중량(Kg) | E5: 세트 | F5: 횟수 | G5: 수행(초) | H5: 휴식(초) | I5: 종목 분 | J5: 간접 자극 | K5: 메모 | L5: 대체 종목 | M5: 세트별 휴식(초) | N5: 슈퍼세트 | O5: 드롭(초)
A6: 1 | B6: 머신 레터럴 레이즈 | C6: 삼각근(측면) | D6: 10 | E6: 3 | F6: 12~15 | G6: 40 | H6: 70 | I6: =IF(E6=0,0,ROUND((E6*(G6+H6)+O6)/60,1)) -> 6.5 | K6: 궤도가 고정돼 반동이 안 들어간다. 중간 구간을 끝까지 쓴다. 어깨가 으쓱 따라 올라가면 승모가 대신 일하는 것 — 무게를 내린다. [2026-09-07 마지막 세트 드롭 2단 — 실패 뒤 쉬지 않고 핀 20~30% 내려 두 번. 측면 두 번째 드롭 자리(2일차 레터럴과 이틀 간격, 사용자 선택). 세트 수 그대로, 증량 판정은 앞 세트로만. +60초는 O열] | L6: 덤벨 레터럴 (머신 없을 때 — 몸 옆이 아니라 살짝 앞) / 케이블 레터럴 양팔 크로스 | O6: 60
A7: 2 | B7: 와이드 그립 케이블 업라이트 로우 | C7: 삼각근(측면) | D7: 15 | E7: 3 | F7: 12~15 | G7: 40 | H7: 75 | I7: =IF(E7=0,0,ROUND((E7*(G7+H7)+O7)/60,1)) -> 5.8 | J7: 승모(상부) | K7: 레이즈 계열과 달리 팔꿈치를 굽힌 채 당기는 궤적이라 측면의 다른 섬유가 동원되고, 승모 상부가 같이 온다 (승모 상부는 사이클당 3세트로 하한 미달이라 이 겸용이 값을 한다). 그립은 어깨너비보다 넓게, 팔꿈치는 가슴 높이까지만 — 좁은 그립으로 턱까지 올리면 견봉하 공간이 좁아진다. | L7: EZ바 와이드 업라이트 로우 / 스미스 업라이트 로우 / 케이블 Y 레이즈 (충돌이 느껴질 때)
A8: 3 | B8: 케이블 리버스 플라이 | C8: 삼각근(후면) | D8: 12~15 | E8: 3 | F8: 12~15 | G8: 40 | H8: 70 | I8: =IF(E8=0,0,ROUND((E8*(G8+H8)+O8)/60,1)) -> 5.5 | J8: 중부승모·능형근 | K8: 팔을 편 채 수평으로만 벌린다. 케이블이라 수축 지점에서도 장력이 유지된다. 팔꿈치가 어깨선을 크게 지나가면 후면 삼각근에서 능형근으로 넘어간다. | L8: 리버스 펙덱 (2일차와 같은 머신이면 그립만 바꿔 각도를 나눈다) / 벤트오버 케이블 크로스
A9: 4 | B9: 리어 델트 로우 (로프) | C9: 삼각근(후면) | D9: 20 | E9: 3 | F9: 12~15 | G9: 40 | H9: 80 | I9: =IF(E9=0,0,ROUND((E9*(G9+H9)+O9)/60,1)) -> 6 | J9: 중부승모·능형근 | K9: 팔꿈치를 어깨 높이로 벌린 채 당긴다. 4·5번이 팔을 편 수평 외전이라면 이쪽은 굽힌 채 당기기라 모멘트암과 동원 섬유가 다르다 — 한 세션에 후면 9세트를 넣으면서 자극이 겹치지 않게 하는 축이 이것이다. 팔꿈치가 몸통 옆으로 붙으면 광배 로우가 된다. | L9: 와이드 그립 시티드 케이블 로우 (팔꿈치 벌려) / 페이스풀 (외회전까지 포함) / 머신 로우 와이드 그립
A10: 5 | B10: 오버헤드 슈러그(스미스) | C10: 승모(하부) | D10: 20 | E10: 3 | F10: 12~15 | G10: 40 | H10: 60 | I10: =IF(E10=0,0,ROUND((E10*(G10+H10)+O10)/60,1)) -> 5 | K10: [2026-09-05 6일차 → 4일차 이동] 6·7일차 이틀 연속이던 승모 하부를 4·7·9일차(3/2/5일)로 폈다. 스미스에서 하므로 바로 뒤 인클라인 스미스와 같은 기구 — 벤치만 넣으면 된다. [2026-09-04 신설] 승모 하부는 실질 4.5로 가장 크게 모자랐다. 7일차에 같은 종목이 3세트 있었지만 사이클당 1회뿐이었고, 여기와 9일차를 더해 3회로 만들었다. 견갑 상방회전 — 팔을 머리 위에 둔 채 으쓱한다. | L10: 오버헤드 케이블 슈러그 / 프론 Y 레이즈
A11: 6 | B11: 인클라인 벤치프레스(스미스) | C11: 흉근(상부) | D11: 30 | E11: 3 | F11: 8~12 | G11: 40 | H11: 150 | I11: =IF(E11=0,0,ROUND((E11*(G11+H11)+O11)/60,1)) -> 9.5 | J11: 삼두 · 삼각근(전면) | K11: [2026-09-05 2일차 → 4일차 이동] 이 날 유일한 프레스라 벤치·딥스 뒤 세 번째로 치던 때보다 신선하다 — 중량을 2일차 시절보다 올려 잡아도 된다. 레이즈 6세트 뒤에 두는 이유는 9일차 머신 숄더 프레스와 같다: 앞에 두면 프레스 피로로 레이즈 중량이 눌린다. 복합관절이라 뒤의 플라이 두 종목 앞이다. [2026-09-04 신설 당시] 흉근 상부 7세트를 플라이 하나로 채우던 것을 프레스 3 + 플라이 4로 나눴다. 플라이는 늘어난 구간에서 벌리는 자극, 프레스는 중량을 실을 수 있는 축 — 상부 흉근을 한 종류로만 때리지 않는다. 2일차 인클라인 플라이 · 7일차 인클라인 머신과 함께 흉근 상부 사이클당 3회. | L11: 인클라인 바벨 벤치프레스 / 인클라인 덤벨 프레스 / 인클라인 벤치프레스 머신
A12: 7 | B12: 펙덱 플라이 | C12: 흉근(중하부) | D12: 25~30 | E12: 3 | F12: 10~12 | G12: 40 | H12: 90 | I12: =IF(E12=0,0,ROUND((E12*(G12+H12)+O12)/60,1)) -> 7.5 | J12: 삼각근(전면) | K12: [2026-09-04 신설] 프레싱 두 종목을 끝내고 고립으로 마무리하는 자리. 팔꿈치 각도를 고정한 채 어깨 수평 내전만 — 굽혔다 펴면 프레스가 된다. 첫날은 25kg으로 10~12회가 실패 2~3회 안에 들어오는지 보고 맞춘다. 이 종목을 넣어 흉근 합산이 주당 환산 24.1이 됐다(천장 20 초과) — 사용자가 알고 선택한 것이며, 세트 질이 떨어지면 2일차 디클라인 케이블 플라이 3세트를 먼저 뺀다. [2026-09-07 마지막 세트 드롭 2단 — 실패 뒤 쉬지 않고 핀 20~30% 내려 두 번. 세트 수 그대로, 증량 판정은 앞 세트로만. +60초는 O열] | L12: 케이블 크로스오버 / 플랫 벤치 덤벨 플라이 (가동범위 ↑) / 머신 체스트 플라이 | O12: 60
A13: 8 | B13: 바벨 컬 | C13: 이두 | D13: 20~25 | E13: 3 | F13: 8~12 | G13: 40 | H13: 70 | I13: =IF(E13=0,0,ROUND((E13*(G13+H13)+O13)/60,1)) -> 5.5 | J13: 전완 | K13: 밀기 날에 이두를 넣는 이유는 1일차 푸쉬다운과 같다 — 이 세션에서 이두는 전혀 안 쓰이므로 완전히 신선하다. 이두 직접이 6 → 9세트, 사이클당 2회 → 3회가 된다 (2일차 · 6일차 · 9일차, 간격 3-3-2일). 6일차 프리쳐(반동 차단 · 짧아진 구간) · 9일차 인클라인(늘어난 구간)과 달리 여기는 선 자세 전 구간이라 무게를 가장 많이 건다. 반동 쓰지 말 것 — 상체를 뒤로 젖히면 이두가 아니라 기립근 종목이 된다. 팔꿈치는 몸통 옆에 고정. [2026-08-28 추가 — 1일차에 0세트로 접혀 있던 종목을 이 자리로 되살린 것] | L13: EZ바 컬 (손목이 편함) / 케이블 바 컬 (전 구간 장력 유지) / 머신 컬 / 덤벨 컬 양팔 동시
A14: 9 | B14: 리버스 리스트익스텐션 컬(손등 아래) | C14: 전완 | D14: 15 | E14: 4 | F14: 15 | G14: 40 | H14: 60 | I14: =IF(E14=0,0,ROUND((E14*(G14+H14)+O14)/60,1)) -> 6.7 | K14: [2026-09-05 9일차 → 4일차 이동] 신근(리스트 컬 손등 위)은 9일차로 가서 대항쌍이 날을 나눠 갖는다. 전완 4일차 8 · 9일차 3. 손목 굴근. 1일차 리버스와 대항쌍 [v17 감량 4→3 — 전완 실질 8로 자체 하한 유지] | L14: 덤벨 리스트 컬 (한 손씩) / 케이블 리스트 컬 / 비하인드백 리스트 컬
A15: 10 | B15: 리버스컬 | C15: 전완 | D15: 15 | E15: 4 | F15: 10~15 | G15: 40 | H15: 70 | I15: =IF(E15=0,0,ROUND((E15*(G15+H15)+O15)/60,1)) -> 7.3 | J15: 이두(상완근) | K15: [2026-09-05 9일차 → 4일차 이동] 바벨 컬(뒤침) 바로 뒤에 엎침 그립으로 — 같은 굴곡 패턴을 다른 축으로. 오버핸드(엎침) 그립 컬 — 상완요골근·상완근이 주동이다. 언더핸드 프리쳐 컬(#5)과 그립을 나눠 같은 굴곡 패턴을 다른 축으로 친다. 손목은 중립으로 고정하고 반동 금지 — 손목을 위로 꺾으면 리스트 컬(#6)이 되고 상완요골근에서 빠진다. 회외가 없어 이두가 짧아진 자리에서 힘을 못 쓰므로 언더핸드 컬보다 30~40% 가벼운 것이 정상이다. #7 자리인 이유: 그립을 쓰는 종목이라 컬 계열 바로 뒤에 붙이고, 스트랩을 쓰는 트랩바 슈러그를 뒤로 보낸다. [2026-08-28 추가 — 전완 직접 6→9세트] | L15: EZ바 리버스 컬 (손목 부담 ↓ — 1순위) / 케이블 리버스 컬 (수축 지점까지 장력 유지 · 핀 단위 미세 증량) / 리버스 프리쳐 컬 (반동 차단) / 해머 컬 (중립 그립 — 상완요골근 같은 계열이나 자극 각도가 다르다)
A16: 11 | B16: 카프 레이즈 (스탠딩) | C16: 종아리 | D16: 10 | E16: 4 | F16: 12~15 | G16: 40 | H16: 75 | I16: =IF(E16=0,0,ROUND((E16*(G16+H16)+O16)/60,1)) -> 7.7 | K16: [2026-09-05 6일차 → 4일차 이동] 6일차 자리를 힙 외전에 내주고 왔다. 종아리 1·4·8일차(3일/4일/3일). 같은 날 시티드 카프 2세트와 비복근·가자미근으로 나뉜다. 무릎 편 상태 — 비복근 주도. 8일차 시티드(가자미근)와 역할이 다르다 | L16: 스탠딩 카프 레이즈 머신 / 레그 프레스 발판 끝에서 / 스미스 카프 레이즈
D17: 세트 합계 | E17: =SUM(E6:E16) -> 36 | I17: =ROUND(SUM(I6:I16),0) -> 73
F18: 랫풀다운 3세트/ 그립 변경 3세트 추가
A19: 4일차 원칙
A20: · 2026-09-04 4-1-4-1 전환으로 신설. 옛 8일차 어깨 40세트를 A/B로 나누고 1·2일차에서 삼두 · 이두 · 전완을 가져왔다. 세트는 한 개도 안 늘었다 — 총량 예산 239 안에서 자리만 옮긴 것이다.
A21: · 시간 균등화(같은 날)로 흉근 플라이 2종(디클라인 케이블 · 펙덱)이 2·7일차에서 왔다. 벤치 이틀 뒤 고립 6세트 — 흉근이 2·4·7일차 셋으로 흩어진다. "볼륨을 여러 날로 흩는 쪽이 낫지만 자리가 없었다"던 그 자리가 생긴 것이다.
A22: · 3일차 스쿼트 다음 날이자 5일차 휴식 앞. 척추 부하 0 — 이 자리에 있는 이유다.
A23: · 실패지점 1~2회 남기고 멈춘다. 세트 간 휴식 60~80초. 메인 리프트 없음 — 볼륨을 채우는 날이지 무게를 올리는 날이 아니다.
A24: · 측면 · 후면 · 이두 · 전완이 9일차와 5일 간격으로 두 번 온다. [2026-09-05] 삼두 푸쉬다운은 2일차(벤치 날 마지막)로 갔다 — 삼두 직접은 2일차 4 · 9일차 4, 간격 7일/3일로 비대칭이 됐다. 대신 이 날 인클라인 스미스 4세트가 벤치 이틀 뒤 두 번째 프레스로 온다.
A25: · 바벨 컬은 2일차 밀기에서 왔다. "당기기 뒤 지친 이두를 피한다"는 원래 이유는 팔 전용일이 생기며 해소됐고, 2일차는 82분 → 76분으로 시간 상한 안에 들어왔다.
A26: · 이너·아우터 타이는 겸용 머신 슈퍼세트(A). 3일차와 같은 방식이고, 옛 8일차에서 그대로 옮겨 왔다.
A27: 되돌리는 법 [2026-09-05 9일차로 이동]
A28: · E열을 0으로 내리면 회색으로 접히고 합계 · 세트검산에서 빠진다. 다만 그 세트는 예산에서 사라지는 게 아니라 어딘가로 돌아가야 한다 — 잔여 예산이 양수로 뜨면 그 신호다.
A30: 이동 (2026-09-05)
A31: · 이너·아우터 타이 슈퍼세트와 리스트 컬(손등 위)이 9일차로, 디클라인 케이블 플라이가 7일차로 갔다. 9일차에서 리버스 리스트 컬·리버스컬·시티드 카프가 왔다. 31세트 · 약 62분 — 스쿼트 다음 날인 이 날에서 하체 고립을 뺀 것이라 가장 가벼운 날이 됐다. 척추 부하 0은 그대로.
... A38: · 머신 레터럴 레이즈 마지막 세트에도 드롭 2단, +60초 (사용자 선택, 2026-09-07 추가). 측면 두 번째 자리 — 2일차 레터럴과 이틀 간격이지만 측면은 회복이 빠르다. 4일차 드롭은 둘, 약 73분.

Sheet D6_당기기B
A1: 6일차 — 당기기 B (수평)
A2: 로우 · 견갑골 후인 · 이두 · 전완. 1일차 당기기 A(수직)와 각도를 나눈다. [2026-09-05] 스탠딩 카프는 4일차로, 중량 크런치는 7일차로 갔고 9일차 케이블 힙 외전이 왔다. 약 72분. 오버헤드 슈러그는 4일차로 가고 4일차 시티드 카프 2세트가 왔다 — 약 71분. 원암 로우·프리쳐 컬·스캡 슈러그 마지막 세트 드롭 +4분 — 약 76분 (2026-09-07).
A3: 웜업 — 밴드 풀 어파트 2세트 × 15 (세트 카운트 제외): 가볍게, 견갑골 후인 프라이밍. 대체: 케이블 스캡 로우 / 아주 가벼운 페이스풀.
A4: 운동 구성
A5: # | B5: 종목 | C5: 근육군 | D5: 중량(Kg) | E5: 세트 | F5: 횟수 | G5: 수행(초) | H5: 휴식(초) | I5: 종목 분 | J5: 간접 자극 | K5: 메모 | L5: 대체 종목 | M5: 세트별 휴식(초) | N5: 슈퍼세트 | O5: 드롭(초)
A6: 1 | B6: 해머 스트랭스 로우(오버그립) | C6: 승모(중부)·능형근 | D6: 45 | E6: 4 | F6: 8~10 | G6: 40 | H6: 150 | I6: =IF(E6=0,0,ROUND((E6*(G6+H6)+O6)/60,1)) -> 12.7 | J6: 중부승모·이두 | K6: 수평 당기기 메인. 가슴이 받쳐져 허리 부담이 없다. 그립은 넓게 · 팔꿈치는 벌려서 — 견갑 후인이 주동이라 능형근·중부승모로 계상하고 광배는 협력근이다(간접 0.5). [2026-09-04 라벨 정정: 광배 → 승모(중부)·능형근. 세트 수는 그대로 4] | L6: 체스트 서포티드 로우 / 티바 로우 / 펜들레이 로우 (척추 부하 ↑) / 바벨 로우
A7: 2 | B7: 시티드 케이블 로우 | C7: 광배 | D7: 47 | E7: 2 | F7: 8~12 | G7: 40 | H7: 150 | I7: =IF(E7=0,0,ROUND((E7*(G7+H7)+O7)/60,1)) -> 6.3 | J7: 중부승모·이두 | K7: 해머 로우와 역할을 나눈다 — 해머는 넓은 그립·팔꿈치 벌려 상부등, 이쪽은 좁은 그립·팔꿈치 붙여 광배. 이 날 광배 직접 종목은 이것과 3번 원암 로우뿐이다. [2026-09-05 5→3] 뒤 2세트를 원암 케이블 로우로 나눴다 (사용자 요청). | L7: 원암 케이블 로우 (좌우 독립) / 덤벨 로우 / 머신 로우
A8: 3 | B8: 원암 케이블 로우 | C8: 광배 | D8: 20 | E8: 2 | F8: 8~12 (좌우) | G8: 80 | H8: 150 | I8: =IF(E8=0,0,ROUND((E8*(G8+H8)+O8)/60,1)) -> 9.7 | J8: 중부승모·이두 | K8: [2026-09-05 신설] 시티드 케이블 로우 5세트를 양팔 3 + 원암 2로 나눴다 (사용자 요청). 같은 로우 스테이션에서 바를 D핸들로 바꿔 한 팔씩 — 팔꿈치를 몸통에 붙이고, 당기는 쪽으로 몸통을 살짝 돌려 광배 수축을 끝까지 가져간다(반대 손은 기구를 잡아 몸통을 고정). 좌우를 따로 세니 약한 쪽이 강한 쪽에 묻히지 않는다. 세트 수는 좌우 한 번씩을 1세트로 센다(수행 80초 = 40초 × 2). 무게는 양팔의 절반에서 시작해 약한 쪽 기준으로 올린다. 광배 직접 세트는 이 날 5 그대로. 4번 스캡 슈러그는 이 뒤에 바를 다시 걸고 이어서 한다. [2026-09-07 마지막 세트 드롭 2단 — 실패 뒤 쉬지 않고 20~30% 내려 두 번. 한쪽을 끝까지 내려간 뒤 반대쪽. 몸통이 돌아가거나 팔로 당기기 시작하면 그 자리에서 끝. 세트 수 그대로, 증량 판정은 첫 세트로만. +120초는 O열] | L8: 원암 덤벨 로우 (벤치 지지) / 원암 머신 로우 (해머 스트랭스 한 팔씩) / 시티드 케이블 로우 5세트로 합치기 | O8: 120
A9: 4 | B9: 시티드 케이블 로우 스캡 슈러그(두번째 크기 바) | C9: 승모(중부)·능형근 | D9: 32 | E9: 4 | F9: 12~15 | G9: 40 | H9: 60 | I9: =IF(E9=0,0,ROUND((E9*(G9+H9)+O9)/60,1)) -> 7.7 | J9: 후면 삼각근 | K9: 2번 시티드 케이블 로우와 같은 스테이션 — 3번 원암 로우 뒤에 바를 다시 걸고 무게만 내려 이어서 한다 (자리 이동 없음). 팔꿈치 각도를 세트 내내 고정하고 견갑골만 뒤로 — 가동범위 2~3cm, 모은 자리에서 1초 정지. 상체를 뒤로 눕히면 하부 승모 각도가 되고, 팔을 당기면 광배로 넘어간다. 케이블이라 수축 지점에서도 장력이 유지되고 핀 단위 미세 증량이 된다 (플레이트 로드 머신은 이 무게대에서 계단이 너무 큼). [2026-09-07 마지막 세트 드롭 2단 — 실패 뒤 쉬지 않고 핀 20~30% 내려 두 번. 지치면 팔로 당겨 로우가 되는데 그래도 등 상부라 손해가 작다. 세트 수 그대로, 증량 판정은 앞 세트로만. +60초는 O열] | L9: 해머 스트랭스 로우에서 팔 편 채 견갑골만 — 가슴 패드가 상체를 고정해줘 자세 잡기는 더 쉬우나 무게 미세 조정이 어렵다 / 리버스 펙덱을 팔 편 채로 / 켈소 슈러그 (받침 벤치가 있을 때) | O9: 60
A10: 5 | B10: 케이블 리버스 플라이 | C10: 삼각근(후면) | D10: 12~15 | E10: 0 | F10: 12 | G10: 40 | H10: 70 | I10: =IF(E10=0,0,ROUND((E10*(G10+H10)+O10)/60,1)) -> 0 | J10: 중부승모·능형근 | K10: 후면 삼각근은 프레스로 자라지 않는다 — 반드시 별도로 센다 [v17 제외 — 후면은 2일차 4 · 7일차 3 · 9일차 9로 사이클당 3회 16세트 — 이 행은 그 재편으로 비워둔 자리다] | L10: 리버스 펙덱 (자세 유지가 쉬워 사실상 상위 호환) / 페이스풀 / 인클라인 벤치 리어델트 레이즈
A11: 6 | B11: 프리쳐 컬 | C11: 이두 | D11: 30 | E11: 4 | F11: 8~12 | G11: 40 | H11: 70 | I11: =IF(E11=0,0,ROUND((E11*(G11+H11)+O11)/60,1)) -> 8.3 | J11: 전완 | K11: 반동이 차단되는 종목. 인클라인(9일차)과 각도를 나눈다 [2026-09-07 마지막 세트 드롭 2단 — 실패 뒤 쉬지 않고 20~30% 내려 두 번. 팔꿈치가 패드에 고정돼 지쳐도 자세가 남는 종목이라 이두 드롭은 여기 한 곳. 세트 수 그대로, 증량 판정은 앞 세트로만. +60초는 O열] | L11: EZ바 프리처 컬 / 머신 프리처 컬 / 컨센트레이션 컬 | O11: 60
A12: 7 | B12: 트랩바 슈러그 | C12: 승모(상부) | D12: 15 | E12: 4 | F12: 10~12 | G12: 40 | H12: 90 | I12: =IF(E12=0,0,ROUND((E12*(G12+H12)+O12)/60,1)) -> 8.7 | J12: 전완 · 기립근 | K12: 몸 옆에서 잡는 중립 그립이라 견갑골이 전인되지 않는다 — 바벨(몸 앞)보다 승모 상부 섬유 방향에 맞고 가동범위도 더 나온다. 어깨를 위로만, 돌리지 말 것 (회전은 가동범위를 늘리는 게 아니라 견봉하 공간만 좁힌다). 맨 위에서 1초 정지 — 정지 없이 하면 반동으로 끝난다. 턱은 당기고 목은 중립 (목을 앞으로 빼면 경추 신전근이 일한다). 그립이 승모보다 먼저 나가므로 스트랩 권장 — 전완은 이미 주 7세트 직접으로 충족돼 여기서 그립을 훈련할 이유가 없다. #8 자리인 이유: 앞의 로우 7세트 + 스캡 슈러그로 그립이 지쳐 있어 프리쳐 컬·리스트 컬보다 뒤에 와야 연쇄 피해가 없다. 7일차 오버헤드 슈러그(승모 하부·상방회전)와는 다른 근육이므로 대체가 아니라 추가다. | L12: 덤벨 슈러그 (트랩바 없을 때 — 몸 옆 그립 동일) / 스미스 슈러그 (궤도 고정) / 바벨 슈러그 (몸 앞이라 가동범위 약간 손해) / 케이블 슈러그
A13: 8 | B13: 시티드 카프 레이즈 | C13: 종아리 | D13: 8 | E13: 2 | F13: 12~15 | G13: 40 | H13: 75 | I13: =IF(E13=0,0,ROUND((E13*(G13+H13)+O13)/60,1)) -> 3.8 | K13: [2026-09-05 4일차 → 6일차 이동] 오버헤드 슈러그에 자리를 내주고 왔다. 종아리 1·4·6·8일차(3/2/2/3일) — 4일차 스탠딩(비복근)과 6·8일차 시티드(가자미근)는 다른 근육이라 이틀 간격이 겹치지 않는다. [2026-09-05 9일차 → 4일차 이동] 종아리 1·4·6·8일차. [2026-09-04 신설] 무릎 굽힌 상태 — 가자미근. 1일차 스탠딩(비복근)과 각도를 나눈다. 8일차에 같은 종목이 4세트 있고 여기 2세트를 더해 종아리를 주당 10으로 올린다. | L13: 레그 프레스 카프 / 스탠딩 카프 (기계가 찼을 때)
A14: 9 | B14: 케이블 힙 외전 | C14: 중둔근 | D14: 10 | E14: 3 | F14: 12~15 (좌우) | G14: 80 | H14: 75 | I14: =IF(E14=0,0,ROUND((E14*(G14+H14)+O14)/60,1)) -> 7.8 | K14: [2026-09-05 9일차 → 6일차 이동] 중둔근을 3·6·9일차 3일/3일/4일 간격으로 펴려고 — 스쿼트·데드 다음 날 어느 쪽에도 엉덩이 고립을 두지 않는 자리는 여기뿐이다. 서서 하는 케이블이라 척추 부하 0, 데드 이틀 전. 백 익스텐션(옆 체육관) 앞 마지막 본관 종목. 관상면 외전 — 고관절 날로 복귀 (v18). 5일 버전 8일차 과부하 때문에 3일차로 갔던 종목이나 그 사유 소멸. 앉는 시간이 길면 대둔근보다 중둔근이 먼저 잠든다. (이 자리의 트렁크 로테이션은 v17 제외 — 복부 직접 8 유지) | L14: 밴드 몬스터 워크 / 사이드 라잉 힙 외전 / 힙 어브덕션 머신
A15: 10 | B15: 백 익스텐션 (45도) | C15: 기립근 | D15: 맨몸 | E15: 3 | F15: 12~15 | G15: 40 | H15: 60 | I15: =IF(E15=0,0,ROUND((E15*(G15+H15)+O15)/60,1)) -> 5 | K15: [2026-09-04 순서 변경] 기구가 옆 체육관에 있어 세션 맨 마지막으로 내렸다 — 본 체육관 일을 전부 끝내고 이동한다. 앞으로 종목을 추가할 때 이 뒤에 붙이지 말 것. 45도 백 익스텐션, 이 프로그램의 원래 설계 종목이었는데 기구를 못 써서 덤벨 RDL로 대체해 뒀던 것을 되돌렸다. **척추 신전을 강조해서 한다** — 등을 편 채 고관절만 접는 힌지식으로 하면 둔근·햄스트링이 주동근이 되고 기립근은 버티기만 한다. 옆 체육관까지 갔는데 그러면 헛걸음이다. | L15: 원판 5~10kg 안고 (맨몸이 쉬워지면) / 굿모닝(스미스) / 덤벨 루마니안 데드리프트
D16: 세트 합계 | E16: =SUM(E6:E15) -> 28 | I16: =ROUND(SUM(I6:I15),0) -> 70
A17: 이동 (2026-09-05)
A18: · 스탠딩 카프 → 4일차, 중량 크런치 → 7일차, 9일차 케이블 힙 외전이 8번(백 익스텐션 앞)으로 왔다. 중둔근 3·6·9일차 — 스쿼트·데드 다음 날에는 엉덩이 고립이 없다. 31세트 · 약 72분, 가장 길던 날(77분)이 내려왔다.
A19: · 오버헤드 슈러그 → 4일차, 4일차 시티드 카프 2세트가 8번(힙 외전 앞)으로 왔다. 6·7일차 이틀 연속이던 승모 하부가 풀렸다. 30세트 · 약 71분.
A20: · 시티드 케이블 로우 5 → 양팔 3 + 원암 2 (사용자 요청). 3번 원암 케이블 로우를 새로 두고 스캡 슈러그부터 번호가 하나씩 밀렸다. 광배 직접 세트는 5 그대로 · 30세트 · 약 72분.
A22: 드롭 세트 (2026-09-07)
A23: · 원암 로우(+120초 · 편측) · 프리쳐 컬(+60초) 마지막 세트에 드롭 2단 (사용자 요청). 원암 로우는 몸통이 돌아가거나 팔로 당기기 시작하면 그 자리에서 끝 — 지친 상태에서 광배가 빠지기 가장 쉬운 종목이다. 이두 드롭은 여기 한 곳이다. 9일차 인클라인 컬은 이틀 뒤 1일차 친업 때문에 직선으로 둔다.
A24: · O열 '드롭(초)'는 마지막 세트에 더해지는 시간이다. I열 종목 분에 합산되고, 앱 타이머는 마지막 세트를 그만큼 늘린 뒤 '드롭세트'라고 읊는다. E열 세트 수와 세트검산은 건드리지 않는다.
A25: · 스캡 슈러그 마지막 세트에도 드롭 2단, +60초 (사용자 요청, 2026-09-07 추가). 핀 스택 단관절이고 그날 승모 중부 마지막 종목이다. 지치면 팔로 당겨 로우가 되는데 그래도 등 상부라 손해가 작다. 6일차 드롭은 셋, 약 76분.

Sheet D7_밀기B
A1: 7일차 — 밀기 B (수직)
A2: 오버헤드 프레싱 · 흉근 상부 · 어깨 측면/후면. 벤치(2일차)와 5일 간격이라 무게가 온전히 나온다. [2026-09-05] 4일차 디클라인 케이블 플라이 3세트가 왔다 — 흉근 9세트(헤머 · 인클라인 머신 · 디클라인). 6일차 중량 크런치 3세트도 마지막에 왔다 — 약 72분. 디클라인 플라이 마지막 세트 드롭 +1분 — 약 73분 (2026-09-07).
A4: 메인: 밀리터리 프레스
A5: 중량(Kg) | B5: 반복 | C5: 세트
A6: =MAX(20,(MROUND(시작중량_설정!$E$10*0.4,1)+(MOD(MROUND(시작중량_설정!$E$10*0.4,1),5)=4))) -> 20 | B6: 5 | C6: 2
A7: =IF(MAX(20,(MROUND(시작중량_설정!$E$10*0.6,1)+(MOD(MROUND(시작중량_설정!$E$10*0.6,1),5)=4)))<=MAX(20,(MROUND(시작중량_설정!$E$10*0.4,1)+(MOD(MROUND(시작중량_설정!$E$10*0.4,1),5)=4))),"생략",MAX(20,(MROUND(시작중량_설정!$E$10*0.6,1)+(MOD(MROUND(시작중량_설정!$E$10*0.6,1),5)=4)))) -> 생략 | B7: 5 | C7: 1
A8: =IF(MAX(20,(MROUND(시작중량_설정!$E$10*0.75,1)+(MOD(MROUND(시작중량_설정!$E$10*0.75,1),5)=4)))<=MAX(20,(MROUND(시작중량_설정!$E$10*0.6,1)+(MOD(MROUND(시작중량_설정!$E$10*0.6,1),5)=4))),"생략",MAX(20,(MROUND(시작중량_설정!$E$10*0.75,1)+(MOD(MROUND(시작중량_설정!$E$10*0.75,1),5)=4)))) -> 23 | B8: 3 | C8: 1
A9: =IF(MAX(20,(MROUND(시작중량_설정!$E$10*0.9,1)+(MOD(MROUND(시작중량_설정!$E$10*0.9,1),5)=4)))<=MAX(20,(MROUND(시작중량_설정!$E$10*0.75,1)+(MOD(MROUND(시작중량_설정!$E$10*0.75,1),5)=4))),"생략",MAX(20,(MROUND(시작중량_설정!$E$10*0.9,1)+(MOD(MROUND(시작중량_설정!$E$10*0.9,1),5)=4)))) -> 28 | B9: 2 | C9: 1
A10: =시작중량_설정!$E$10 -> 31 | B10: 5 | C10: 3
A11: ↑ '시작중량_설정'과 자동 연동. 20 = 빈 봉. '생략'은 앞 세트와 중량이 겹쳐 불필요하다는 뜻.
A13: 웜업 — 회전근개 (세트 카운트 제외)
A14: · 케이블 외회전 2세트 × 12~15회. 팔꿈치 90도로 접어 옆구리에 붙이고 바깥으로만 회전.
A15: · 매우 가볍게 — 2.5~5kg. 무거우면 광배와 후면 삼각근이 대신 일하며 목적을 잃는다.
A16: · 근비대 항목이 아니라 관절 준비 항목이므로 세트 합계에 넣지 않는다.
A18: 운동 구성
A19: # | B19: 종목 | C19: 근육군 | D19: 중량(Kg) | E19: 세트 | F19: 횟수 | G19: 수행(초) | H19: 휴식(초) | I19: 종목 분 | J19: 간접 자극 | K19: 메모 | L19: 대체 종목 | M19: 세트별 휴식(초) | N19: 슈퍼세트 | O19: 드롭(초)
A20: 1 | B20: 밀리터리 프레스 (본세트) | C20: 삼각근(전면) | D20: =시작중량_설정!$E$10 -> 31 | E20: 3 | F20: 5 | G20: 30 | H20: 180 | I20: =IF(E20=0,0,ROUND((E20*(G20+H20)+O20)/60,1)) -> 10.5 | J20: 삼두 · 삼각근(측면) | K20: 벤치와 5일 간격 — 5일 버전의 "전날 벤치 여파" 문제가 사라진 자리. 팔꿈치 다 내리지 말 것 | L20: 스미스 오버헤드 프레스 / 숄더 프레스 머신 / 덤벨 숄더 프레스 (가동범위 ↑) / 아놀드 프레스 | M20: 165/180/195
A21: 2 | B21: 머신 숄더 프레스 | C21: 삼각근(전면) | D21: 25 | E21: 3 | F21: 12 | G21: 40 | H21: 120 | I21: =IF(E21=0,0,ROUND((E21*(G21+H21)+O21)/60,1)) -> 8 | J21: 승모 · 삼각근(측면) | K21: 주동은 전면이나 오버헤드라 측면도 상당히 쓴다. 그립 넓게 — 좁으면 승모가 대신 일한다 | L21: 덤벨 숄더 프레스 / 스미스 오버헤드 프레스 / 아놀드 프레스
A22: 3 | B22: 오버헤드 슈러그(스미스) | C22: 승모(하부) | D22: 20 | E22: 3 | F22: 12~15 | G22: 40 | H22: 60 | I22: =IF(E22=0,0,ROUND((E22*(G22+H22)+O22)/60,1)) -> 5 | J22: 전거근 | K22: 머신 숄더 프레스 직후 — 오버헤드 각도가 이미 나와 있어 세팅 이동이 없다. 팔꿈치 편 채 견갑골만 2~3cm 위로. 팔꿈치가 굽으면 그건 프레스지 슈러그가 아니다 | L22: 스미스 오버헤드 슈러그 (1순위 — 궤도 고정으로 안정화 부담 없음) / 숄더 프레스 머신에서 팔 편 채 밀어올리기 / 덤벨 오버헤드 슈러그 (좌우 독립이나 안정화가 먼저 한계에 닿는다) / 케틀벨 보텀업 홀드
A23: 4 | B23: 헤머스트랭스 체스트 프레스 | C23: 흉근(중하부) | D23: 25 | E23: 3 | F23: 8~12 | G23: 40 | H23: 150 | I23: =IF(E23=0,0,ROUND((E23*(G23+H23)+O23)/60,1)) -> 9.5 | J23: 삼두 | K23: 좌우 독립 + 궤도 고정. 벤치(2일차)가 수평 메인이므로 여기선 보조 볼륨 [v17 제외 — 흉근 합산 천장(19→16) 감량, 벤치·딥스·인클라인이 담당] | L23: 케이블 체스트 프레스 (전 구간 장력) / 덤벨 프레스 (가동범위 ↑) / 스미스 벤치는 대체 불가
A24: 5 | B24: 인클라인 벤치프레스 머신 | C24: 흉근(상부) | D24: 35 | E24: 3 | F24: 8~10 | G24: 40 | H24: 150 | I24: =IF(E24=0,0,ROUND((E24*(G24+H24)+O24)/60,1)) -> 9.5 | J24: 삼두·전면삼각 | K24: 쇄골지. 오버헤드 프레싱과 각도가 이어져 세팅 이동이 적다 [2026-09-04 4→6] 흉근 상부 보강. 2일차 인클라인 플라이와 짝. | L24: 인클라인 스미스 프레스 / 인클라인 덤벨 프레스 (가동범위 ↑) / 인클라인 체스트 프레스 머신
A25: 6 | B25: 디클라인 케이블 플라이 | C25: 흉근(중하부) | D25: 10 | E25: 3 | F25: 8~12 | G25: 40 | H25: 90 | I25: =IF(E25=0,0,ROUND((E25*(G25+H25)+O25)/60,1)) -> 7.5 | K25: [2026-09-05 4일차 → 7일차 이동 — 사용자 요청] 흉근 중하부 고립. 헤머 체스트·인클라인 머신 두 프레스 뒤 마무리 자리다. 위에서 아래로 내리는 궤적이라 하부 섬유 비중이 크고, 케이블이라 수축 지점에서도 장력이 유지된다. 흉근 합산이 천장(20)을 넘어 있어 세트 질이 떨어지면 먼저 빼는 후보가 이 3세트다. [이력] 이 행은 v18 전 삼두 종목 자리였고, 2026-09-04 2일차 → 4일차, 오늘 7일차로 왔다. [2026-09-07 마지막 세트 드롭 2단 — 실패 뒤 쉬지 않고 핀 20~30% 내려 두 번. 팔을 굽혀 프레스처럼 밀기 시작하면 끝. 4일차 펙덱과 3일 간격. 세트 수 그대로, 증량 판정은 앞 세트로만. +60초는 O열] | L25: 케이블 크로스오버 (위→아래) / 디클라인 덤벨 플라이 / 펙덱 플라이 (시트를 높여 하부 각) | O25: 60
A26: 7 | B26: 벤트오버 레터럴 레이즈 머신 | C26: 삼각근(후면) | D26: 15 | E26: 3 | F26: 12~15 | G26: 40 | H26: 70 | I26: =IF(E26=0,0,ROUND((E26*(G26+H26)+O26)/60,1)) -> 5.5 | K26: 수평 외전. 2일차 리버스 펙덱 · 9일차 후면 3종목(9세트)과 함께 후면 사이클당 3회 16세트를 만든다 | L26: 리버스 펙덱 / 케이블 리버스 플라이 / 인클라인 벤치에 엎드려 덤벨 리어델트
A27: 8 | B27: 원암 사이드 케이블 레터럴 레이즈 | C27: 삼각근(측면) | D27: 5 | E27: 3 | F27: 10~12 | G27: 70 | H27: 70 | I27: =IF(E27=0,0,ROUND((E27*(G27+H27)+O27)/60,1)) -> 7 | K27: 몸을 반대로 기울여 늘어난 위치부터 부하. 덤벨 레터럴(2일차)이 못 거는 구간 | L27: 케이블 원암 레터럴 레이즈 (최우선) / 원암 레터럴 레이즈 머신
A28: 9 | B28: 프론 Y 레이즈 | C28: 승모(하부) | D28: 2~5 | E28: 3 | F28: 12~15 | G28: 40 | H28: 60 | I28: =IF(E28=0,0,ROUND((E28*(G28+H28)+O28)/60,1)) -> 5 | J28: 후면 삼각근 | K28: 벤트오버 레터럴과 같은 인클라인 벤치 — 세팅 그대로 이어서. 매우 가볍게. 오버헤드 슈러그가 상방회전, 이쪽은 하강 — 역할이 다르다 [2026-09-04 0→3] 꺼져 있던 종목을 켰다. 승모 하부가 실질 4.5로 가장 모자란데 이 종목이 0세트로 잠들어 있었다 — 새 종목을 찾기 전에 이것부터. | L28: 케이블 Y 레이즈 / 페이스풀 (마지막에 견갑골 하강) / 프론 스윔
A29: 10 | B29: 중량 크런치 | C29: 복부 | D29: 15 | E29: 3 | F29: 12 | G29: 40 | H29: 60 | I29: =IF(E29=0,0,ROUND((E29*(G29+H29)+O29)/60,1)) -> 5 | K29: [2026-09-05 6일차 → 7일차 이동] 6일차 길이를 내리고 복부를 1·3·7일차로 펴려고. 데드 전날이라 부하 건 굴곡이 이상적이진 않다 — 마지막 종목으로 가볍게, 데드 셋업에서 배에 힘이 덜 들어가면 6일차로 되돌린다. 복부 굴곡(상부). 1일차 레그레이즈(하부)와 굴곡 축을 나눈다. [2026-09-04 6→3] 한 종목을 한 세션에서 6세트 연달아 하면 뒤쪽 세트의 자극당 값이 떨어진다 — 9일차 후면삼각 9세트를 3종목으로 쪼갠 것과 같은 이유다. 뺀 3세트는 1일차 케이블 트렁크 로테이션으로 갔고 복부 총량(13 · 주당 10.1)은 그대로다. | L29: 케이블 크런치 (점진적 과부하에 최적 — 1순위) / 압도미널 크런치 머신 / 인클라인 싯업
D30: 세트 합계 | E30: =SUM(E20:E29) -> 30 | I30: =ROUND(SUM(I20:I29),0) -> 73
A31: 하부 승모 — 세 패턴 (v3)
A32: · 하부 승모의 일은 두 갈래다: 견갑골 하강, 그리고 팔이 올라갈 때의 상방회전.
A33: · 스캡 풀업(월 웜업) = 순수 하강 · 프론 Y(7일차) = 하강 + 후인 · 오버헤드 슈러그(7일차) = 상방회전.
A34: · 상방회전은 팔이 머리 위로 간 각도에서만 훈련된다 — 지금까지 프로그램에 통째로 비어 있던 패턴.
A35: · 전거근이 함께 온다. 전거근이 약하면 하부 승모를 키워도 견갑골이 제 위치로 안 간다.
A36: · 가동범위가 아주 작다. 견갑골만 2~3cm 올렸다 내리는 동작이고, 그 이상은 팔꿈치가 굽은 것이다.
A37: · 무게는 오버헤드로 안정적으로 지지할 수 있는 것보다 가볍게. 스미스나 머신 권장.
A38: · 하부 승모는 무게로 밀어붙일 수 없다. 과부하는 정지 2~3초 · 하강 3초 · 반복 수 확장으로.
A40: 이동 (2026-09-05)
A41: · 4일차 디클라인 케이블 플라이 3세트가 인클라인 머신 뒤 6번으로 왔다 — 사용자 요청. 흉근 9세트(헤머 3 · 인클라인 머신 3 · 디클라인 3). 27세트 · 약 67분.
A42: · 6일차 중량 크런치 3세트가 마지막(10번)으로 왔다. 복부 1·3·7일차. 데드 전날이라 가볍게 — 셋업에서 배 힘이 덜 들어가면 6일차로 되돌린다. 30세트 · 약 72분.
A44: 드롭 세트 (2026-09-07)
... A46: · O열 '드롭(초)'는 마지막 세트에 더해지는 시간이다. I열 종목 분에 합산되고, 앱 타이머는 마지막 세트를 그만큼 늘린 뒤 '드롭세트'라고 읊는다. E열 세트 수와 세트검산은 건드리지 않는다.

Sheet D8_하체B
A1: 8일차 — 하체 B (고관절 지배)
A2: · 힙 힌지 · 둔근. 3일차 하체 A(무릎 지배)와 5일 간격. 다음 날은 9일차 어깨 — 척추 부하가 0인 고립 세션이라 사실상 회복일이다.
A4: 메인: 데드리프트
A5: 중량(Kg) | B5: 반복 | C5: 세트
A6: =MAX(20,(MROUND(시작중량_설정!$E$8*0.4,1)+(MOD(MROUND(시작중량_설정!$E$8*0.4,1),5)=4))) -> 32 | B6: 5 | C6: 2
A7: =IF(MAX(20,(MROUND(시작중량_설정!$E$8*0.6,1)+(MOD(MROUND(시작중량_설정!$E$8*0.6,1),5)=4)))<=MAX(20,(MROUND(시작중량_설정!$E$8*0.4,1)+(MOD(MROUND(시작중량_설정!$E$8*0.4,1),5)=4))),"생략",MAX(20,(MROUND(시작중량_설정!$E$8*0.6,1)+(MOD(MROUND(시작중량_설정!$E$8*0.6,1),5)=4)))) -> 48 | B7: 5 | C7: 1
A8: =IF(MAX(20,(MROUND(시작중량_설정!$E$8*0.75,1)+(MOD(MROUND(시작중량_설정!$E$8*0.75,1),5)=4)))<=MAX(20,(MROUND(시작중량_설정!$E$8*0.6,1)+(MOD(MROUND(시작중량_설정!$E$8*0.6,1),5)=4))),"생략",MAX(20,(MROUND(시작중량_설정!$E$8*0.75,1)+(MOD(MROUND(시작중량_설정!$E$8*0.75,1),5)=4)))) -> 60 | B8: 3 | C8: 1
A9: =IF(MAX(20,(MROUND(시작중량_설정!$E$8*0.9,1)+(MOD(MROUND(시작중량_설정!$E$8*0.9,1),5)=4)))<=MAX(20,(MROUND(시작중량_설정!$E$8*0.75,1)+(MOD(MROUND(시작중량_설정!$E$8*0.75,1),5)=4))),"생략",MAX(20,(MROUND(시작중량_설정!$E$8*0.9,1)+(MOD(MROUND(시작중량_설정!$E$8*0.9,1),5)=4)))) -> 72 | B9: 2 | C9: 1
A10: =시작중량_설정!$E$8 -> 80 | B10: 5 | C10: 1
A11: ↑ '시작중량_설정'과 자동 연동. 20 = 빈 봉. '생략'은 앞 세트와 중량이 겹쳐 불필요하다는 뜻.
A13: 운동 구성
A14: # | B14: 종목 | C14: 근육군 | D14: 중량(Kg) | E14: 세트 | F14: 횟수 | G14: 수행(초) | H14: 휴식(초) | I14: 종목 분 | J14: 간접 자극 | K14: 메모 | L14: 대체 종목 | M14: 세트별 휴식(초) | N14: 슈퍼세트 | O14: 드롭(초)
A15: 1 | B15: 데드리프트 (본세트) | C15: 기립근 | D15: =시작중량_설정!$E$8 -> 80 | E15: 1 | F15: 5 | G15: 35 | H15: 240 | I15: =IF(E15=0,0,ROUND((E15*(G15+H15)+O15)/60,1)) -> 4.6 | J15: 광배·햄스트링·둔근 | K15: 사이클당 1회. 다음 날이 9일차 어깨(레터럴·리버스 플라이뿐이라 척추 부하 0)라 이 자리가 가장 안전하다. 기립근 보조는 1일차 덤벨 RDL이 맡는다. [2026-09-04 — 톱 1세트 + 백오프 2세트로 확장. 이 종목은 사이클당 5회 수행으로 +5kg를 올려 왔고, 노출 1회당 증량이 스쿼트(25회에 +5kg)의 5배였다. 5년 공백에서 폼을 다시 배우는 종목을 가장 적은 반복으로 밀고 있었다는 뜻이다. 톱세트 강도는 그대로 두고 반복 노출만 3배로 늘린다] | L15: 트랩바 데드리프트 (요추 전단력 ↓) / 랙풀 (무릎 위에서 시작) / 스모 데드리프트
A16: 2 | B16: 데드리프트 (백오프) | C16: 기립근 | D16: =시작중량_설정!$E$8-5 -> 75 | E16: 2 | F16: 5 | G16: 35 | H16: 180 | I16: =IF(E16=0,0,ROUND((E16*(G16+H16)+O16)/60,1)) -> 7.2 | J16: 광배·햄스트링·둔근 | K16: 백오프 = 톱세트 − 5kg = 2주 전 톱세트 중량. 즉 모든 중량을 두 번 만난다 — 한 사이클은 톱으로 5회, 다음 사이클은 백오프로 10회. 중량 하나당 노출이 5 → 15회다. 여기는 기록이 아니라 폼 연습 자리다. 여유 있게 5회, 매 렙 셋업을 새로 잡을 것 — 무겁게 느껴지면 톱세트가 과했던 것이다. [2026-09-13 정정] 현장 복귀판에도 같은 구조를 넣었다 — 복귀_일_등에 톱 1 + 백오프 2. 복귀에서 상한인 것은 톱세트뿐이고, 백오프는 직전 사이클 중량이라 톱엔드 노출을 안 늘린다. | L16: 트랩바 데드리프트 (요추 전단력 ↓) / 랙풀 (무릎 위에서 시작) / 스모 데드리프트
A17: 3 | B17: 힙 쓰러스트 | C17: 둔근 | D17: 25 | E17: 4 | F17: 8~12 | G17: 45 | H17: 150 | I17: =IF(E17=0,0,ROUND((E17*(G17+H17)+O17)/60,1)) -> 13 | J17: 햄스트링 | K17: 둔근 메인. 무겁게. 데드 뒤라 둔근이 예열된 상태 | L17: 힙 쓰러스트 머신 / 스미스 힙 쓰러스트 / 글룻 브릿지
A18: 4 | B18: 루마니안 데드리프트 | C18: 햄스트링 | D18: 35 | E18: 3 | F18: 8 | G18: 40 | H18: 150 | I18: =IF(E18=0,0,ROUND((E18*(G18+H18)+O18)/60,1)) -> 9.5 | J18: 둔근·기립근 | K18: 고관절 신전. 3일차 레그 컬(무릎 굴곡)과 기능이 다르다 | L18: 덤벨 RDL (좌우 독립) / 스티프 레그드 데드리프트 / 케이블 풀스루 (허리 부담 최소)
A19: 5 | B19: 원 레그 컬 | C19: 햄스트링 | D19: 15 | E19: 3 | F19: 10 | G19: 80 | H19: 120 | I19: =IF(E19=0,0,ROUND((E19*(G19+H19)+O19)/60,1)) -> 10 | K19: 레그 컬의 좌우 독립 버전. 약한 쪽이 강한 쪽에 묻히지 않는다 | L19: 싱글 레그 라잉 컬 / 싱글 레그 시티드 컬 / 케이블 레그 컬
A20: 6 | B20: 레그 프레스 | C20: 대퇴사두 | D20: 120 | E20: 3 | F20: 8~12 | G20: 45 | H20: 150 | I20: =IF(E20=0,0,ROUND((E20*(G20+H20)+O20)/60,1)) -> 9.8 | J20: 둔근 | K20: 수/토 3+3 분할. 데드·힙 이후라 대퇴가 예열된 상태에서 궤도 고정으로 확실히 간다 [2026-09-07 레그 익스텐션과 자리 바꿈 — 복합을 먼저, 고립 드롭을 마지막에] | L20: 핵 스쿼트 / 레그 익스텐션 / 프론트 스쿼트 / 45도 레그 프레스
A21: 7 | B21: 레그 익스텐션 | C21: 대퇴사두 | D21: 42 | E21: 4 | F21: 10~12 | G21: 40 | H21: 120 | I21: =IF(E21=0,0,ROUND((E21*(G21+H21)+O21)/60,1)) -> 11.9 | K21: 대퇴사두 사이클당 2회를 만들기 위한 배치. 3일차 스쿼트 볼륨과 5일 간격 [2026-09-07 레그 프레스 뒤로 이동 + 마지막 세트 드롭 2단 — 실패 뒤 쉬지 않고 핀 20~30% 내려 두 번. 드롭으로 대퇴를 다 쓴 뒤 프레스를 하면 프레스 3세트가 죽어서 순서를 바꿨다. 세트 수 그대로, 증량 판정은 앞 세트로만. +75초는 O열] | L21: 싱글 레그 익스텐션 / 시시 스쿼트 / 레그 프레스 발판 높게 | O21: 75
A22: 8 | B22: 시티드 카프 레이즈 | C22: 종아리 | D22: 8 | E22: 4 | F22: 12~15 | G22: 40 | H22: 75 | I22: =IF(E22=0,0,ROUND((E22*(G22+H22)+O22)/60,1)) -> 7.7 | K22: 무릎 굽힘 — 가자미근 주도. 3일차 스탠딩(비복근)과 역할이 다르다 | L22: 시티드 카프 레이즈 머신 (1순위) / 레그 프레스에서 무릎 굽힌 채 / 덤벨을 무릎에 올리고
D23: 세트 합계 | E23: =SUM(E15:E22) -> 24 | I23: =ROUND(SUM(I15:I22),0) -> 74
A24: 드롭 세트 (2026-09-07)
A25: · 레그 프레스 ↔ 레그 익스텐션 자리 바꿈 — 복합을 먼저, 고립을 마지막에. 익스텐션 마지막 세트에 드롭 2단, +75초 (사용자 요청). 드롭으로 대퇴를 다 쓴 뒤 프레스를 하면 프레스 3세트가 죽어서 순서를 바꿨다. 다음 하체는 3일차, 5일 뒤라 회복이 겹치지 않는다.
A26: · O열 '드롭(초)'는 마지막 세트에 더해지는 시간이다. I열 종목 분에 합산되고, 앱 타이머는 마지막 세트를 그만큼 늘린 뒤 '드롭세트'라고 읊는다. E열 세트 수와 세트검산은 건드리지 않는다.

Sheet D9_어깨팔B
A1: 9일차 — 어깨·팔 B
A2: 측면 · 후면 · 전면 삼각근 + 하부 승모 + 흉근 상부 플라이 + 삼두 · 이두 · 전완 + 내전근·중둔근. 약 70분. 옛 8일차 어깨 세션의 절반 — 나머지 절반은 4일차 어깨·팔 A. 8일차 데드 다음 날이라 척추 부하 0은 그대로다. [2026-09-05] 인클라인 덤벨 플라이 3세트 추가(5번). 이너·아우터 타이·리스트 컬(손등 위)이 4일차에서 왔고 리버스 리스트 컬·리버스컬·시티드 카프는 4일차로, 케이블 힙 외전은 6일차로 갔다.
A3: 웜업 — 케이블 외회전 2세트 × 12~15 (세트 카운트 제외): 매우 가볍게 2.5~5kg. 팔꿈치를 90도로 접어 옆구리에 붙이고 바깥으로만 회전. 대체: 밴드 외회전 / 아주 가벼운 페이스풀.
A4: 운동 구성
A5: # | B5: 종목 | C5: 근육군 | D5: 중량(Kg) | E5: 세트 | F5: 횟수 | G5: 수행(초) | H5: 휴식(초) | I5: 종목 분 | J5: 간접 자극 | K5: 메모 | L5: 대체 종목 | M5: 세트별 휴식(초) | N5: 슈퍼세트 | O5: 드롭(초)
A6: 1 | B6: 리닝 원암 케이블 레터럴 레이즈 | C6: 삼각근(측면) | D6: 5 | E6: 3 | F6: 12~15 | G6: 80 | H6: 70 | I6: =IF(E6=0,0,ROUND((E6*(G6+H6)+O6)/60,1)) -> 7.5 | K6: 기둥을 잡고 몸을 반대로 기울여 늘어난 위치부터 부하가 걸린다 — 머신·덤벨이 못 거는 구간이다. 좌우 각 2세트. 7일차에도 같은 종목이 있지만 5일 간격이라 겹치지 않는다. | L6: 케이블 비하인드백 레터럴 / 로우 풀리 원암 레터럴 / 인클라인 벤치에 옆으로 누워 덤벨 레터럴
A7: 2 | B7: 인클라인 벤치 프론 리어 델트 레이즈 | C7: 삼각근(후면) | D7: 5 | E7: 3 | F7: 12~15 | G7: 40 | H7: 70 | I7: =IF(E7=0,0,ROUND((E7*(G7+H7)+O7)/60,1)) -> 5.5 | K7: 가슴을 벤치에 대고 엎드려 상체를 고정한다 — 반동과 기립근 개입이 통째로 차단돼 후면만 남는다. 자유중량이라 궤도가 고정된 4번과 다른 안정화 요구가 붙는다. 아주 가볍게, 무게보다 정지 1초. | L7: 프론 덤벨 리어 레이즈 (평벤치) / 시티드 벤트오버 덤벨 리어 레이즈 / 리버스 펙덱
A8: 3 | B8: 머신 숄더 프레스 | C8: 삼각근(전면) | D8: 25 | E8: 3 | F8: 12 | G8: 40 | H8: 120 | I8: =IF(E8=0,0,ROUND((E8*(G8+H8)+O8)/60,1)) -> 8 | J8: 삼두 · 삼각근(측면) | K8: [2026-09-04 신설] 전면삼각 직접이 6세트(7일차 밀리터리 3 + 머신 숄더 3)뿐이라 측면 18 · 후면 17에 견주면 얇았다. 9일 주기 전환으로 주당 9.7까지 내려와 이 자리를 만들었다. 레터럴·리어 6종목 뒤에 두는 이유: 앞에 두면 프레스 피로로 레이즈 중량이 눌린다. 여기 목적은 근력이 아니라 볼륨이므로 중량이 7일차보다 낮아도 된다. | L8: 덤벨 숄더 프레스 / 스미스 오버헤드 프레스
A9: 4 | B9: 프론 Y 레이즈 | C9: 승모(하부) | D9: 2~5 | E9: 3 | F9: 12~15 | G9: 40 | H9: 60 | I9: =IF(E9=0,0,ROUND((E9*(G9+H9)+O9)/60,1)) -> 5 | J9: 삼각근(후면) | K9: [2026-09-04 신설] 승모 하부 세 번째 자리. 7일차에서 0세트로 꺼져 있던 종목을 그쪽에서 켜고 여기에도 뒀다. 견갑 하강 + 상방회전. 엎드려 팔을 Y자로 — 중량보다 견갑이 먼저 움직이는지가 중요하다. | L9: 인클라인 벤치 프론 Y / 케이블 로 투 하이 (한 팔)
A10: 5 | B10: 인클라인 덤벨 플라이 | C10: 흉근(상부) | D10: 8 | E10: 3 | F10: 10~12 | G10: 40 | H10: 105 | I10: =IF(E10=0,0,ROUND((E10*(G10+H10)+O10)/60,1)) -> 7.3 | K10: [2026-09-05 신설 — 사용자 요청] 2일차 인클라인 플라이의 두 번째 자리. 같은 날 4일차 인클라인 스미스 4→3 · 7일차 인클라인 머신 6→3으로 프레스를 줄이고 플라이를 더한 것이라, 흉근 상부는 프레스 6 + 플라이 7 = 직접 13(2·4·7·9일차, 주당 9.1)이 된다. 프론 Y와 같은 인클라인 벤치에서 등을 대고 이어서 한다 — 세팅 이동 없음. 늘어난 구간에서 멈추지 말고 부드럽게 (2일차 메모와 같다). 데드 다음 날이지만 척추 부하 0이라 이 날의 성격은 그대로다. 흉근 합산은 천장(20)을 여전히 넘으므로(주당 21.7) 세트 질이 떨어지면 먼저 빼는 후보는 4일차 디클라인 케이블 플라이 3세트다. | L10: 케이블 크로스오버 (아래→위) / 펙덱 플라이 (등받이를 눕혀 인클라인 각으로) / 인클라인 머신 플라이
A11: 6 | B11: 라잉 트라이셉스 익스텐션 | C11: 삼두 | D11: 15 | E11: 4 | F11: 8~12 | G11: 40 | H11: 75 | I11: =IF(E11=0,0,ROUND((E11*(G11+H11)+O11)/60,1)) -> 7.7 | K11: 늘어난 구간 삼두 — 2일차에서 이동 (v18). 푸쉬다운 제외로 2일차 고정 사유가 소멸, 유일한 삼두 고립을 프레싱 전부 마친 뒤 마지막에. 팔꿈치 시큰하면 EZ바나 오버헤드 케이블로. (이 자리의 케이블 푸쉬다운은 v17 제외 — 삼두 간접 9로 충족) | L11: 오버헤드 케이블 익스텐션 / 스컬크러셔 / EZ바 라잉 익스텐션
A12: 7 | B12: 인클라인 덤벨 컬 | C12: 이두 | D12: 6 | E12: 4 | F12: 8~12 | G12: 40 | H12: 70 | I12: =IF(E12=0,0,ROUND((E12*(G12+H12)+O12)/60,1)) -> 7.3 | J12: 전완 | K12: 1일차에서 옮겨 왔다 (2026-08-28). 그 날은 친업 4 + 랫풀다운 3으로 이두가 간접 3.5세트분 지친 뒤였는데, 이 날은 어깨만 치므로 이두가 완전히 신선하다. 같은 3세트라도 자극당 값이 다르다. 인클라인 벤치에 기대 팔을 뒤로 늘어뜨린다 — 이두 장두가 늘어난 위치에서 시작하는 것이 이 종목의 전부다. 6일차 프리쳐 컬(짧아진 구간)과 각도를 나눈다. 어깨를 앞으로 말면 늘어난 구간이 사라진다. | L12: 케이블 컬 (뒤로 물러서서 스트레치 확보) / 스파이더 컬 (반대 각도) / 드래그 컬
A13: 8 | B13: 시티드 리스트 컬(손등 위) | C13: 전완 | D13: 10 | E13: 3 | F13: 15 | G13: 40 | H13: 60 | I13: =IF(E13=0,0,ROUND((E13*(G13+H13)+O13)/60,1)) -> 5 | K13: [2026-09-05 4일차 → 9일차 이동] 전완을 한 날에 몰지 않으려고 굴근·엎침(4일차 리버스 리스트 컬·리버스컬)과 날을 갈랐다 — 사용자 요청. 손목 신근. 타이핑으로 약해지는 쪽이라 비중을 더 준다 | L13: 케이블 리버스 리스트 컬 / 리버스 EZ바 컬 (상완요골근까지) / 덤벨로 한 손씩
A14: 9 | B14: 이너 타이 | C14: 내전근 | D14: 35 | E14: 5 | F14: 12~15 | G14: 40 | H14: 10 | I14: =IF(E14=0,0,ROUND((E14*(G14+H14)+O14)/60,1)) -> 4.2 | K14: [2026-09-05 4일차 → 9일차 이동] 3일차 바로 다음 날 같은 기구를 또 타는 게 부담스럽다는 요청. 내전근 3·9일차로 6일/4일 간격. 아우터 타이와 슈퍼세트(A)는 그대로. [2026-09-04 신설] 내전근을 성장 구간으로. 3일차에 4세트가 있지만 사이클당 1회라 모자랐다. 3일차와 같이 아우터 타이와 슈퍼세트로 묶는다 — 겸용 머신이라 패드만 뒤집으면 되어 전환이 10초고, 라운드 간 휴식은 아우터 쪽 105초가 맡는다. 길항근 쌍이라 서로의 피로를 나눠 갖지 않는다. | L14: 와이드 스탠스 레그 프레스 / 케이블 힙 내전 | N14: A
A15: 10 | B15: 아우터 타이 (힙 외전) | C15: 중둔근 | D15: 30~35 | E15: 5 | F15: 12~15 | G15: 40 | H15: 105 | I15: =IF(E15=0,0,ROUND((E15*(G15+H15)+O15)/60,1)) -> 12.1 | K15: [2026-09-05 4일차 → 9일차 이동] 케이블 힙 외전과 같은 날이라 중둔근 8세트(세션 상한선) — 앉아서(여기)·서서(힙 외전)로 각도가 다르다. 3일차와 6일/4일 간격. [2026-09-04 신설] 중둔근을 성장 구간으로. 3일차 4세트 · 8일차 케이블 힙 외전 3세트에 이어 세 번째 자리. 이너 타이와 슈퍼세트(A) — 이 105초가 두 종목의 라운드 간 휴식이다. | L15: 케이블 힙 외전 / 밴드 사이드 워크 | N15: A
D16: 세트 합계 | E16: =SUM(E6:E15) -> 36 | I16: =ROUND(SUM(I6:I15),0) -> 70
F17: 시티드 로우 3세트/ 그립 변경 3세트 추가
A18: 어깨·팔 B (2026-09-04 4-1-4-1 전환)
A19: · 옛 8일차 어깨 세션을 둘로 나눈 뒤쪽 절반이다. 측면 1 · 후면 1 · 전면 1 · 하부 승모 1에 삼두(옛 6일차에서) · 전완 2종(옛 5일차에서) · 이두 · 종아리. 측면 2 · 후면 2 · 이너/아우터는 4일차로 갔다.
A20: · 세트는 한 개도 안 늘었다. 40 → 30이 된 것은 10세트가 4일차로 간 것이지 뺀 게 아니다.
A21: · 시간 균등화로 8일차 케이블 힙 외전 3세트가 왔다. 4일차 아우터 타이와 짝 — 중둔근이 3·4·9일차. 케이블이라 척추 부하는 없다.
A22: · 아래 서술은 통합 시절(옛 8일차 · 40세트 · 6종목 분할) 기준이라 세트 수와 종목 번호가 지금과 다르다. 기록으로 남긴다.
A24: · 실패지점 1~2회 남기고 멈춘다. 9일차는 6일차부터 이어진 연속 구간 한가운데라 여기서 회복을 깎으면 다음 사이클 앞머리가 밀린다.
A25: · 세트 간 휴식 60~80초. 소근육 고립이라 길게 쉴 이유가 없다. 본세트 기준 약 39분 (웜업 별도).
A26: · 이 세션에 메인 리프트는 없다. 무게를 올리는 날이 아니라 볼륨을 채우는 날이다.
A27: · 척추 부하가 0이라 8일차 데드리프트 다음 날 자리로 안전하다 — 그게 이 날이 여기 있는 이유다. 이두 컬이 붙어도 그 성질은 그대로다.
A28: · 척추 부하가 0이라 8일차 데드리프트 다음 날 자리로 안전하다 — 그게 이 날이 여기 있는 이유다.
A29: 왜 프레스가 없는가
A30: · 볼륨 랜드마크 표에 전면 삼각근 행이 아예 없다 — 모든 프레스가 자동으로 채워주는 부위라 별도 하한을 잡지 않는다.
... A48: · 케이블 힙 외전은 6일차로 갔다 — 중둔근을 3·6·9일차로 펴고 이 날을 70분으로. 36세트.

Sheet 간접계수맵
A1: 간접 세트 계수 맵 — 세트검산 간접 열(C)의 계산 원천
A2: 각 줄 = "이 종목이 → 이 근육에 → 계수만큼 기여". 원천세트는 일차 시트 E열(설계 볼륨)에서 이름 매칭으로 자동 산출, 간접세트 = 계수 × 원천세트. 세트검산 C열이 이 표를 근육별 SUMIFS로 합산한다. E열 설계 세트 변경 시 자동 갱신. (세트검산 표시값은 0.5 단위 반올림)
A3: 이름 매칭 실패 줄 수 (0이어야 정상 — 0이 아니면 요일 시트에서 종목 이름이 바뀐 것이다) | F3: =COUNTIF($E$7:$E$80,"?") -> 0
A4: 계수 규칙(상한 0.5): 0.5 = 명확한 협력근(능동 수축·신전, 큰 ROM) · 0.33 = 부분 협력(관여하나 비주도, 또는 저반복 본세트의 협력근) · 0.2 = 미미한 동적 관여 · 0 = 순수 그립·안정화·고장력 등척성(길이변화 작음 — 자극 없음). 파란 계수 = 수정 가능 · 출처 G = 프로그램 선언(초록) / C = Claude 추가(주황)
A6: 원천 일차 | B6: 원천종목 | C6: 대상근육 | D6: 계수 | E6: 원천세트 | F6: 간접세트 | G6: 출처 | H6: 계수 근거
A7: D1_당기기A | B7: 친업 (어시스트 가능) | C7: 이두 | D7: 0.5 | E7: =IFERROR(INDEX(INDIRECT("'"&$A7&"'!$E$1:$E$45"),MATCH($B7,INDIRECT("'"&$A7&"'!$B$1:$B$45"),0)),"?") -> 4 | F7: =IF(ISNUMBER(E7),$D7*E7,0) -> 2 | G7: G | H7: 뒤침 그립 — 이두가 가장 유리한 자리에서 능동 굴곡하고 실패 근처까지 간다. 당기기 → 이두 계수는 그립으로 정한다: 뒤침 0.5 · 뉴트럴 0.33 · 엎침 0.2 (2026-09-04 정리).
A8: D1_당기기A | B8: 랫풀다운 | C8: 이두 | D8: 0.2 | E8: =IFERROR(INDEX(INDIRECT("'"&$A8&"'!$E$1:$E$45"),MATCH($B8,INDIRECT("'"&$A8&"'!$B$1:$B$45"),0)),"?") -> 3 | F8: =IF(ISNUMBER(E8),$D8*E8,0) -> 0.6 | G8: G | H8: 엎침 그립(친업과 반대로 잡는 자리) — 굽히는 일은 주로 상완근·상완요골근이 한다. 당기기 → 이두 계수는 그립으로 정한다: 뒤침 0.5 · 뉴트럴 0.33 · 엎침 0.2 (2026-09-04 정리). 만약 뉴트럴 손잡이로 바꾸면 0.33.
A9: D6_당기기B | B9: 해머 스트랭스 로우(오버그립) | C9: 이두 | D9: 0.2 | E9: =IFERROR(INDEX(INDIRECT("'"&$A9&"'!$E$1:$E$45"),MATCH($B9,INDIRECT("'"&$A9&"'!$B$1:$B$45"),0)),"?") -> 4 | F9: =IF(ISNUMBER(E9),$D9*E9,0) -> 0.8 | G9: G | H9: 엎침 그립 + 팔꿈치를 벌린 수평 로우 — 이두가 불리한 각도에 있고 실패는 등이 정한다. 당기기 → 이두 계수는 그립으로 정한다: 뒤침 0.5 · 뉴트럴 0.33 · 엎침 0.2 (2026-09-04 정리).
A10: D6_당기기B | B10: 시티드 케이블 로우 | C10: 이두 | D10: 0.33 | E10: =IFERROR(INDEX(INDIRECT("'"&$A10&"'!$E$1:$E$45"),MATCH($B10,INDIRECT("'"&$A10&"'!$B$1:$B$45"),0)),"?") -> 2 | F10: =IF(ISNUMBER(E10),$D10*E10,0) -> 0.66 | G10: G | H10: 좁은 뉴트럴 그립 — 이두와 상완근이 나눠 쓴다. 엎침(0.2)과 뒤침(0.5) 사이. 당기기 → 이두 계수는 그립으로 정한다: 뒤침 0.5 · 뉴트럴 0.33 · 엎침 0.2 (2026-09-04 정리).
A11: D2_밀기A | B11: 벤치프레스 (본세트) | C11: 삼두 | D11: 0.33 | E11: =IFERROR(INDEX(INDIRECT("'"&$A11&"'!$E$1:$E$45"),MATCH($B11,INDIRECT("'"&$A11&"'!$B$1:$B$45"),0)),"?") -> 5 | F11: =IF(ISNUMBER(E11),$D11*E11,0) -> 1.65 | G11: G | H11: 프레스 중 삼두 신전 — 5×5 저반복 본세트라 가슴이 먼저 실패하고 삼두 유효반복이 적다. 보조 프레스는 0.5 유지 (2026-09-04 0.5→0.33)
A12: D2_밀기A | B12: 딥스 | C12: 삼두 | D12: 0.5 | E12: =IFERROR(INDEX(INDIRECT("'"&$A12&"'!$E$1:$E$45"),MATCH($B12,INDIRECT("'"&$A12&"'!$B$1:$B$45"),0)),"?") -> 4 | F12: =IF(ISNUMBER(E12),$D12*E12,0) -> 2 | G12: G | H12: 딥스는 삼두 스트레치+신전 강함
A13: D7_밀기B | B13: 밀리터리 프레스 (본세트) | C13: 삼두 | D13: 0.33 | E13: =IFERROR(INDEX(INDIRECT("'"&$A13&"'!$E$1:$E$45"),MATCH($B13,INDIRECT("'"&$A13&"'!$B$1:$B$45"),0)),"?") -> 3 | F13: =IF(ISNUMBER(E13),$D13*E13,0) -> 0.99 | G13: G | H13: 오버헤드 프레스 삼두 신전 — 5×5 저반복 본세트 하향. 머신 숄더(0.5)와 구분 (2026-09-04 0.5→0.33)
A14: D7_밀기B | B14: 인클라인 벤치프레스 머신 | C14: 삼두 | D14: 0.5 | E14: =IFERROR(INDEX(INDIRECT("'"&$A14&"'!$E$1:$E$45"),MATCH($B14,INDIRECT("'"&$A14&"'!$B$1:$B$45"),0)),"?") -> 3 | F14: =IF(ISNUMBER(E14),$D14*E14,0) -> 1.5 | G14: G | H14: 프레스 중 삼두 신전
A15: D4_어깨팔A | B15: 인클라인 벤치프레스(스미스) | C15: 삼두 | D15: 0.5 | E15: =IFERROR(INDEX(INDIRECT("'"&$A15&"'!$E$1:$E$45"),MATCH($B15,INDIRECT("'"&$A15&"'!$B$1:$B$45"),0)),"?") -> 3 | F15: =IF(ISNUMBER(E15),$D15*E15,0) -> 1.5 | G15: C | H15: 프레스 중 삼두 신전 — 인클라인 벤치프레스 머신(0.5)과 같은 등급 (2026-09-04 신설)
A16: D9_어깨팔B | B16: 인클라인 덤벨 컬 | C16: 전완 | D16: 0.33 | E16: =IFERROR(INDEX(INDIRECT("'"&$A16&"'!$E$1:$E$45"),MATCH($B16,INDIRECT("'"&$A16&"'!$B$1:$B$45"),0)),"?") -> 4 | F16: =IF(ISNUMBER(E16),$D16*E16,0) -> 1.32 | G16: G | H16: 컬 중 상완요골근 동적 굴곡 — 부분 협력
A17: D6_당기기B | B17: 프리쳐 컬 | C17: 전완 | D17: 0.33 | E17: =IFERROR(INDEX(INDIRECT("'"&$A17&"'!$E$1:$E$45"),MATCH($B17,INDIRECT("'"&$A17&"'!$B$1:$B$45"),0)),"?") -> 4 | F17: =IF(ISNUMBER(E17),$D17*E17,0) -> 1.32 | G17: G | H17: 상완요골근 동적 굴곡
A18: D6_당기기B | B18: 트랩바 슈러그 | C18: 전완 | D18: 0 | E18: =IFERROR(INDEX(INDIRECT("'"&$A18&"'!$E$1:$E$45"),MATCH($B18,INDIRECT("'"&$A18&"'!$B$1:$B$45"),0)),"?") -> 4 | F18: =IF(ISNUMBER(E18),$D18*E18,0) -> 0 | G18: G | H18: 순수 그립 유지(스트랩 권장) — 성장 자극 없음
... A75: D6_당기기B | B75: 원암 케이블 로우 | C75: 승모(중부)·능형근 | D75: 0.5 | E75: =IFERROR(INDEX(INDIRECT("'"&$A75&"'!$E$1:$E$45"),MATCH($B75,INDIRECT("'"&$A75&"'!$B$1:$B$45"),0)),"?") -> 2 | F75: =IF(ISNUMBER(E75),$D75*E75,0) -> 1 | G75: G | H75: 견갑 후인 능동 수축 — 시티드 케이블 로우(0.5)와 같은 등급. 한 팔씩이라 몸통 회전이 섞이지만 후인은 그대로 일어난다 (2026-09-05 신설).

Sheet 세트검산
A1: 근육군별 주간 세트 — 검산 | G1: ■ 사이클 총량 예산 — 늘리려면 먼저 어딘가에서 빼라
A2: 세트는 근육군 단위로 센다. '하체 20세트'는 의미 없는 숫자 — 대퇴 18 / 햄스트링 2여도 하체 20이 된다. 집계는 일차 시트 E열(설계 세트) 기준이며 B~D열은 사이클당(주기 길이는 H2) 값이다. 판정(E열)은 J열의 주당 환산(사이클당 × 7/주기)으로 한다 — 볼륨 랜드마크가 주 단위이기 때문이다. 간접·실질은 0.5 단위 반올림으로 표시한다 — 메모의 계산 원값과 ±0.25 이내 차이가 날 수 있다. | G2: 주기(일) | H2: 10 | I2: 총량 상한 | J2: 244 | K2: 현재 총량 | L2: =B25 -> 240
A3: =IF($H$3<0,"⚠ 총량 상한 "&ABS($H$3)&"세트 초과 — 다른 종목에서 그만큼 빼기 전에는 추가 금지. 상한을 올리려면 아래 '상한 변경 이력'에 한 줄 남길 것.","") | G3: 잔여 예산 | H3: =$J$2-$L$2 -> 4 | I3: 실제 주당 | J3: =ROUND($L$2*7/$H$2,1) -> 168 | K3: 상태 | L3: =IF($H$3<0,"INVALID","VALID") -> VALID
A4: 근육군 | B4: 직접 세트 | C4: 간접 추정 | D4: 실질 | E4: 판정 | F4: 간접 출처 / 비고 | J4: ="주당 환산 (×7/"&$H$2&")" -> 주당 환산 (×7/10)
A5: 흉근(상부) | B5: =SUMIFS(D1_당기기A!$E:$E,D1_당기기A!$C:$C,$A5)+SUMIFS(D2_밀기A!$E:$E,D2_밀기A!$C:$C,$A5)+SUMIFS(D3_하체A!$E:$E,D3_하체A!$C:$C,$A5)+SUMIFS(D4_어깨팔A!$E:$E,D4_어깨팔A!$C:$C,$A5)+SUMIFS(D6_당기기B!$E:$E,D6_당기기B!$C:$C,$A5)+SUMIFS(D7_밀기B!$E:$E,D7_밀기B!$C:$C,$A5)+SUMIFS(D8_하체B!$E:$E,D8_하체B!$C:$C,$A5)+SUMIFS(D9_어깨팔B!$E:$E,D9_어깨팔B!$C:$C,$A5) -> 13 | C5: =MROUND(SUMIFS(간접계수맵!$F$7:$F$80,간접계수맵!$C$7:$C$80,$A5),0.5) -> 0 | D5: =B5+C5 -> 13 | E5: =IF(J5>20,"상한",IF(J5>=10,"성장",IF(J5>=8,"유지",IF(J5>=1,"유지 미만","미배치")))) -> 유지 | F5: 플랫 벤치의 쇄골지 관여(0.2)를 2026-09-04에 0으로 내렸다. 흉근 상/하는 H열에서 합산 판정하므로 서로에게 간접을 얹으면 합산이 이중 계상된다. | G5: 흉근 합산(상+중하) | H5: =SUM(D5:D6) -> 31 | I5: =IF(H5*7/$H$2>20,"주당 환산 천장(20) 초과 — 2·4·7·9일차 예외 허용 · 세트 질 관찰","") -> 주당 환산 천장(20) 초과 — 2·4·7·9일차 예외 허용 · 세트 질 관찰 | J5: =ROUND(D5*7/$H$2,1) -> 9.1 | L5: =ROUND(B5*7/$H$2,1) -> 9.1
A6: 흉근(중하부) | B6: =SUMIFS(D1_당기기A!$E:$E,D1_당기기A!$C:$C,$A6)+SUMIFS(D2_밀기A!$E:$E,D2_밀기A!$C:$C,$A6)+SUMIFS(D3_하체A!$E:$E,D3_하체A!$C:$C,$A6)+SUMIFS(D4_어깨팔A!$E:$E,D4_어깨팔A!$C:$C,$A6)+SUMIFS(D6_당기기B!$E:$E,D6_당기기B!$C:$C,$A6)+SUMIFS(D7_밀기B!$E:$E,D7_밀기B!$C:$C,$A6)+SUMIFS(D8_하체B!$E:$E,D8_하체B!$C:$C,$A6)+SUMIFS(D9_어깨팔B!$E:$E,D9_어깨팔B!$C:$C,$A6) -> 18 | C6: =MROUND(SUMIFS(간접계수맵!$F$7:$F$80,간접계수맵!$C$7:$C$80,$A6),0.5) -> 0 | D6: =B6+C6 -> 18 | E6: =IF(J6>20,"상한",IF(J6>=10,"성장",IF(J6>=8,"유지",IF(J6>=1,"유지 미만","미배치")))) -> 성장 | F6: 인클라인 머신의 중하부 관여(0.2)를 2026-09-04에 0으로 내렸다(흉근 상/하 교차 계상 제거). | J6: =ROUND(D6*7/$H$2,1) -> 12.6 | L6: =ROUND(B6*7/$H$2,1) -> 12.6
A7: 광배 | B7: =SUMIFS(D1_당기기A!$E:$E,D1_당기기A!$C:$C,$A7)+SUMIFS(D2_밀기A!$E:$E,D2_밀기A!$C:$C,$A7)+SUMIFS(D3_하체A!$E:$E,D3_하체A!$C:$C,$A7)+SUMIFS(D4_어깨팔A!$E:$E,D4_어깨팔A!$C:$C,$A7)+SUMIFS(D6_당기기B!$E:$E,D6_당기기B!$C:$C,$A7)+SUMIFS(D7_밀기B!$E:$E,D7_밀기B!$C:$C,$A7)+SUMIFS(D8_하체B!$E:$E,D8_하체B!$C:$C,$A7)+SUMIFS(D9_어깨팔B!$E:$E,D9_어깨팔B!$C:$C,$A7) -> 13 | C7: =MROUND(SUMIFS(간접계수맵!$F$7:$F$80,간접계수맵!$C$7:$C$80,$A7),0.5) -> 4 | D7: =B7+C7 -> 17 | E7: =IF(J7>20,"상한",IF(J7>=10,"성장",IF(J7>=8,"유지",IF(J7>=1,"유지 미만","미배치")))) -> 성장 | F7: 직접 12세트: 1일차 친업 4 · 랫풀다운 4 · 6일차 시티드 케이블 로우 4(좁은 그립). 간접은 넓은 그립 로우 2종(바벨 로우 · 해머 로우) 각 0.5 — 2026-09-04에 주동근을 능형·중부승모로 옮기며 협력근으로 내려왔다. 데드리프트의 광배 등척성은 0. | G7: 등 | H7: =SUM(D7:D10) -> 56.5 | J7: =ROUND(D7*7/$H$2,1) -> 11.9 | L7: =ROUND(B7*7/$H$2,1) -> 9.1
A8: 승모(상부) | B8: =SUMIFS(D1_당기기A!$E:$E,D1_당기기A!$C:$C,$A8)+SUMIFS(D2_밀기A!$E:$E,D2_밀기A!$C:$C,$A8)+SUMIFS(D3_하체A!$E:$E,D3_하체A!$C:$C,$A8)+SUMIFS(D4_어깨팔A!$E:$E,D4_어깨팔A!$C:$C,$A8)+SUMIFS(D6_당기기B!$E:$E,D6_당기기B!$C:$C,$A8)+SUMIFS(D7_밀기B!$E:$E,D7_밀기B!$C:$C,$A8)+SUMIFS(D8_하체B!$E:$E,D8_하체B!$C:$C,$A8)+SUMIFS(D9_어깨팔B!$E:$E,D9_어깨팔B!$C:$C,$A8) -> 4 | C8: =MROUND(SUMIFS(간접계수맵!$F$7:$F$80,간접계수맵!$C$7:$C$80,$A8),0.5) -> 1.5 | D8: =B8+C8 -> 5.5 | E8: =IF(J8>20,"상한",IF(J8>=10,"성장",IF(J8>=8,"유지",IF(J8>=1,"유지 미만","미배치")))) -> 유지 미만 | F8: 밀리터리 0.2 · 9일차 와이드 그립 업라이트 로우 0.33. 2026-09-04에 등척성 행(해머 로우 · 데드 본세트 · 백오프, 각 0.2)을 0으로 내렸다 — 견갑대를 버티기만 하는 자극은 세지 않는다. 하한 미달 자체는 증액 근거가 아니다 — 늘리려면 총량 예산(J2) 안에서 다른 종목과 교환한다. | J8: =ROUND(D8*7/$H$2,1) -> 3.9 | L8: =ROUND(B8*7/$H$2,1) -> 2.8
A9: 승모(하부) | B9: =SUMIFS(D1_당기기A!$E:$E,D1_당기기A!$C:$C,$A9)+SUMIFS(D2_밀기A!$E:$E,D2_밀기A!$C:$C,$A9)+SUMIFS(D3_하체A!$E:$E,D3_하체A!$C:$C,$A9)+SUMIFS(D4_어깨팔A!$E:$E,D4_어깨팔A!$C:$C,$A9)+SUMIFS(D6_당기기B!$E:$E,D6_당기기B!$C:$C,$A9)+SUMIFS(D7_밀기B!$E:$E,D7_밀기B!$C:$C,$A9)+SUMIFS(D8_하체B!$E:$E,D8_하체B!$C:$C,$A9)+SUMIFS(D9_어깨팔B!$E:$E,D9_어깨팔B!$C:$C,$A9) -> 12 | C9: =MROUND(SUMIFS(간접계수맵!$F$7:$F$80,간접계수맵!$C$7:$C$80,$A9),0.5) -> 1.5 | D9: =B9+C9 -> 13.5 | E9: =IF(J9>20,"상한",IF(J9>=10,"성장",IF(J9>=8,"유지",IF(J9>=1,"유지 미만","미배치")))) -> 유지 | F9: 친업 0.2×4=0.8 + 해머 로우 0.2×4=0.8 = 1.6 — 견갑 하강은 동작 개시 관여라 약계수 | J9: =ROUND(D9*7/$H$2,1) -> 9.5 | L9: =ROUND(B9*7/$H$2,1) -> 8.4
A10: 승모(중부)·능형근 | B10: =SUMIFS(D1_당기기A!$E:$E,D1_당기기A!$C:$C,$A10)+SUMIFS(D2_밀기A!$E:$E,D2_밀기A!$C:$C,$A10)+SUMIFS(D3_하체A!$E:$E,D3_하체A!$C:$C,$A10)+SUMIFS(D4_어깨팔A!$E:$E,D4_어깨팔A!$C:$C,$A10)+SUMIFS(D6_당기기B!$E:$E,D6_당기기B!$C:$C,$A10)+SUMIFS(D7_밀기B!$E:$E,D7_밀기B!$C:$C,$A10)+SUMIFS(D8_하체B!$E:$E,D8_하체B!$C:$C,$A10)+SUMIFS(D9_어깨팔B!$E:$E,D9_어깨팔B!$C:$C,$A10) -> 15 | C10: =MROUND(SUMIFS(간접계수맵!$F$7:$F$80,간접계수맵!$C$7:$C$80,$A10),0.5) -> 5.5 | D10: =B10+C10 -> 20.5 | E10: =IF(J10>20,"상한",IF(J10>=10,"성장",IF(J10>=8,"유지",IF(J10>=1,"유지 미만","미배치")))) -> 성장 | F10: 직접 15세트: 1일차 넓은 그립 바벨 로우 4 · 페이스풀 3 · 6일차 넓은 그립 해머 로우 4 · 스캡 슈러그 4. 간접은 시티드 케이블 로우 0.5 · 리어델트 계열(리버스 펙덱 · 케이블 리버스 플라이 · 리어 델트 로우) 0.33. 2026-09-04에 넓은 그립 로우 2종이 간접 0.5에서 직접으로 올라왔다 — 팔꿈치를 벌린 수평 로우의 주동근은 견갑 후인근이다. | J10: =ROUND(D10*7/$H$2,1) -> 14.4 | L10: =ROUND(B10*7/$H$2,1) -> 10.5
A11: 기립근 | B11: =SUMIFS(D1_당기기A!$E:$E,D1_당기기A!$C:$C,$A11)+SUMIFS(D2_밀기A!$E:$E,D2_밀기A!$C:$C,$A11)+SUMIFS(D3_하체A!$E:$E,D3_하체A!$C:$C,$A11)+SUMIFS(D4_어깨팔A!$E:$E,D4_어깨팔A!$C:$C,$A11)+SUMIFS(D6_당기기B!$E:$E,D6_당기기B!$C:$C,$A11)+SUMIFS(D7_밀기B!$E:$E,D7_밀기B!$C:$C,$A11)+SUMIFS(D8_하체B!$E:$E,D8_하체B!$C:$C,$A11)+SUMIFS(D9_어깨팔B!$E:$E,D9_어깨팔B!$C:$C,$A11) -> 12 | C11: =MROUND(SUMIFS(간접계수맵!$F$7:$F$80,간접계수맵!$C$7:$C$80,$A11),0.5) -> 1.5 | D11: =B11+C11 -> 13.5 | E11: =IF(J11>20,"상한",IF(J11>=10,"성장",IF(J11>=8,"유지",IF(J11>=1,"유지 미만","미배치")))) -> 유지 | F11: 8일차 RDL 0.5(동적 신전·수축)뿐. 2026-09-04에 스쿼트·트랩바 슈러그의 등척성 행(0.2)을 0으로 내렸다. 기립근은 스쿼트·데드에서 피로는 크게 받지만 버티기만 해서는 자라지 않는다 — 동적 힌지가 유일한 자극원이다. | J11: =ROUND(D11*7/$H$2,1) -> 9.5 | L11: =ROUND(B11*7/$H$2,1) -> 8.4
A12: 삼각근(전면) | B12: =SUMIFS(D1_당기기A!$E:$E,D1_당기기A!$C:$C,$A12)+SUMIFS(D2_밀기A!$E:$E,D2_밀기A!$C:$C,$A12)+SUMIFS(D3_하체A!$E:$E,D3_하체A!$C:$C,$A12)+SUMIFS(D4_어깨팔A!$E:$E,D4_어깨팔A!$C:$C,$A12)+SUMIFS(D6_당기기B!$E:$E,D6_당기기B!$C:$C,$A12)+SUMIFS(D7_밀기B!$E:$E,D7_밀기B!$C:$C,$A12)+SUMIFS(D8_하체B!$E:$E,D8_하체B!$C:$C,$A12)+SUMIFS(D9_어깨팔B!$E:$E,D9_어깨팔B!$C:$C,$A12) -> 9 | C12: =MROUND(SUMIFS(간접계수맵!$F$7:$F$80,간접계수맵!$C$7:$C$80,$A12),0.5) -> 6.5 | D12: =B12+C12 -> 15.5 | E12: =IF(J12>20,"상한",IF(J12>=10,"성장",IF(J12>=8,"유지",IF(J12>=1,"유지 미만","미배치")))) -> 성장 | F12: 인클라인 머신 0.5(전면삼각 편향 큼) · 벤치 0.33 · 헤머 체스트 0.33 · 딥스 0.2. 2026-09-04에 수평 프레스를 0.5→0.33으로 내렸다. [2026-09-04 9일차 머신 숄더 프레스 3세트 신설 — 직접 6→9] 처음에는 2026-08-28 판단(RP 표에 전면 삼각근 행이 없다 · 프레스로 자동 충족)을 근거로 안 넣었는데, 같은 날 벤치·헤머 체스트의 전면삼각 계수를 0.5→0.33으로 내려놓고 그렇게 줄어든 간접을 근거로 직접을 생략한 것이라 앞뒤가 안 맞았다. 나머지 여섯 부위에는 안 쓴 잣대를 여기만 쓴 셈이기도 하다. | J12: =ROUND(D12*7/$H$2,1) -> 10.9 | L12: =ROUND(B12*7/$H$2,1) -> 6.3
A13: 삼각근(측면) | B13: =SUMIFS(D1_당기기A!$E:$E,D1_당기기A!$C:$C,$A13)+SUMIFS(D2_밀기A!$E:$E,D2_밀기A!$C:$C,$A13)+SUMIFS(D3_하체A!$E:$E,D3_하체A!$C:$C,$A13)+SUMIFS(D4_어깨팔A!$E:$E,D4_어깨팔A!$C:$C,$A13)+SUMIFS(D6_당기기B!$E:$E,D6_당기기B!$C:$C,$A13)+SUMIFS(D7_밀기B!$E:$E,D7_밀기B!$C:$C,$A13)+SUMIFS(D8_하체B!$E:$E,D8_하체B!$C:$C,$A13)+SUMIFS(D9_어깨팔B!$E:$E,D9_어깨팔B!$C:$C,$A13) -> 18 | C13: =MROUND(SUMIFS(간접계수맵!$F$7:$F$80,간접계수맵!$C$7:$C$80,$A13),0.5) -> 3 | D13: =B13+C13 -> 21 | E13: =IF(J13>20,"상한",IF(J13>=10,"성장",IF(J13>=8,"유지",IF(J13>=1,"유지 미만","미배치")))) -> 성장 | F13: 오버헤드 프레스 두 종목 모두 0.33 — 밀리터리 본세트(2026-09-04 0.5에서 하향, 5×5라 측면삼각이 자기 실패 근처에 못 간다)와 머신 숄더 프레스(2026-09-04 신설). 머신 숄더만 행이 없었는데, 제외 사유였던 '직접 전면삼각 분류'는 밀리터리에도 똑같이 해당돼 성립하지 않았다 — 보조 종목이라 실패에 더 가까이 가는 쪽이 오히려 0이던 것을 바로잡았다. 직접 세트가 두터워 판정에는 영향 없음. | J13: =ROUND(D13*7/$H$2,1) -> 14.7 | L13: =ROUND(B13*7/$H$2,1) -> 12.6
A14: 삼각근(후면) | B14: =SUMIFS(D1_당기기A!$E:$E,D1_당기기A!$C:$C,$A14)+SUMIFS(D2_밀기A!$E:$E,D2_밀기A!$C:$C,$A14)+SUMIFS(D3_하체A!$E:$E,D3_하체A!$C:$C,$A14)+SUMIFS(D4_어깨팔A!$E:$E,D4_어깨팔A!$C:$C,$A14)+SUMIFS(D6_당기기B!$E:$E,D6_당기기B!$C:$C,$A14)+SUMIFS(D7_밀기B!$E:$E,D7_밀기B!$C:$C,$A14)+SUMIFS(D8_하체B!$E:$E,D8_하체B!$C:$C,$A14)+SUMIFS(D9_어깨팔B!$E:$E,D9_어깨팔B!$C:$C,$A14) -> 17 | C14: =MROUND(SUMIFS(간접계수맵!$F$7:$F$80,간접계수맵!$C$7:$C$80,$A14),0.5) -> 4.5 | D14: =B14+C14 -> 21.5 | E14: =IF(J14>20,"상한",IF(J14>=10,"성장",IF(J14>=8,"유지",IF(J14>=1,"유지 미만","미배치")))) -> 성장 | F14: 페이스풀(1일차) 0.5×3=1.5 + 프론 Y(7일차) 0.5×2=1.0 = 2.5. 후면삼각은 프레스로 안 자라 직접 16세트로 별도 확보 — 2일차 리버스 펙덱 4 · 7일차 벤트오버 3 · 9일차 3종목 9 (케이블 리버스 플라이 3 · 인클라인 프론 리어 레이즈 3 · 리어 델트 로우 3). 사이클당 3회, 주당 환산 14. | J14: =ROUND(D14*7/$H$2,1) -> 15.1 | L14: =ROUND(B14*7/$H$2,1) -> 11.9
A15: 대퇴사두 | B15: =SUMIFS(D1_당기기A!$E:$E,D1_당기기A!$C:$C,$A15)+SUMIFS(D2_밀기A!$E:$E,D2_밀기A!$C:$C,$A15)+SUMIFS(D3_하체A!$E:$E,D3_하체A!$C:$C,$A15)+SUMIFS(D4_어깨팔A!$E:$E,D4_어깨팔A!$C:$C,$A15)+SUMIFS(D6_당기기B!$E:$E,D6_당기기B!$C:$C,$A15)+SUMIFS(D7_밀기B!$E:$E,D7_밀기B!$C:$C,$A15)+SUMIFS(D8_하체B!$E:$E,D8_하체B!$C:$C,$A15)+SUMIFS(D9_어깨팔B!$E:$E,D9_어깨팔B!$C:$C,$A15) -> 15 | C15: =MROUND(SUMIFS(간접계수맵!$F$7:$F$80,간접계수맵!$C$7:$C$80,$A15),0.5) -> 1.5 | D15: =B15+C15 -> 16.5 | E15: =IF(J15>20,"상한",IF(J15>=10,"성장",IF(J15>=8,"유지",IF(J15>=1,"유지 미만","미배치")))) -> 성장 | F15: 불가리안 스플릿 스쿼트 | G15: 하체(대퇴·햄·종아리) | H15: =SUM(D15:D16,D19) -> 43 | J15: =ROUND(D15*7/$H$2,1) -> 11.6 | L15: =ROUND(B15*7/$H$2,1) -> 10.5
A16: 햄스트링 | B16: =SUMIFS(D1_당기기A!$E:$E,D1_당기기A!$C:$C,$A16)+SUMIFS(D2_밀기A!$E:$E,D2_밀기A!$C:$C,$A16)+SUMIFS(D3_하체A!$E:$E,D3_하체A!$C:$C,$A16)+SUMIFS(D4_어깨팔A!$E:$E,D4_어깨팔A!$C:$C,$A16)+SUMIFS(D6_당기기B!$E:$E,D6_당기기B!$C:$C,$A16)+SUMIFS(D7_밀기B!$E:$E,D7_밀기B!$C:$C,$A16)+SUMIFS(D8_하체B!$E:$E,D8_하체B!$C:$C,$A16)+SUMIFS(D9_어깨팔B!$E:$E,D9_어깨팔B!$C:$C,$A16) -> 10 | C16: =MROUND(SUMIFS(간접계수맵!$F$7:$F$80,간접계수맵!$C$7:$C$80,$A16),0.5) -> 3.5 | D16: =B16+C16 -> 13.5 | E16: =IF(J16>20,"상한",IF(J16>=10,"성장",IF(J16>=8,"유지",IF(J16>=1,"유지 미만","미배치")))) -> 유지 | F16: 덤벨 RDL 0.5 · 데드 본세트/백오프 0.33 · 힙 쓰러스트 0.2. 2026-09-04 하향: 힙 쓰러스트는 무릎 90° 고정이라 햄스트링이 짧아진 채 작동(능동부전)해 RDL의 신장 부하와 동급일 수 없고, 컨벤셔널 데드는 ROM이 RDL보다 작다. | J16: =ROUND(D16*7/$H$2,1) -> 9.5 | L16: =ROUND(B16*7/$H$2,1) -> 7
A17: 둔근 | B17: =SUMIFS(D1_당기기A!$E:$E,D1_당기기A!$C:$C,$A17)+SUMIFS(D2_밀기A!$E:$E,D2_밀기A!$C:$C,$A17)+SUMIFS(D3_하체A!$E:$E,D3_하체A!$C:$C,$A17)+SUMIFS(D4_어깨팔A!$E:$E,D4_어깨팔A!$C:$C,$A17)+SUMIFS(D6_당기기B!$E:$E,D6_당기기B!$C:$C,$A17)+SUMIFS(D7_밀기B!$E:$E,D7_밀기B!$C:$C,$A17)+SUMIFS(D8_하체B!$E:$E,D8_하체B!$C:$C,$A17)+SUMIFS(D9_어깨팔B!$E:$E,D9_어깨팔B!$C:$C,$A17) -> 7 | C17: =MROUND(SUMIFS(간접계수맵!$F$7:$F$80,간접계수맵!$C$7:$C$80,$A17),0.5) -> 9 | D17: =B17+C17 -> 16 | E17: =IF(J17>20,"상한",IF(J17>=10,"성장",IF(J17>=8,"유지",IF(J17>=1,"유지 미만","미배치")))) -> 성장 | F17: 스쿼트 0.5×5=2.5 + 데드 본세트 0.5×1=0.5 + 데드 백오프 0.5×2=1 + RDL(8일차) 0.5×3=1.5 + 덤벨 RDL(1일차) 0.5×3=1.5 + 레그 프레스(수·토) 0.33×6=1.98 = 8.98 | G17: 둔근 | H17: =SUM(D17:D18) -> 29 | J17: =ROUND(D17*7/$H$2,1) -> 11.2 | L17: =ROUND(B17*7/$H$2,1) -> 4.9
A18: 중둔근 | B18: =SUMIFS(D1_당기기A!$E:$E,D1_당기기A!$C:$C,$A18)+SUMIFS(D2_밀기A!$E:$E,D2_밀기A!$C:$C,$A18)+SUMIFS(D3_하체A!$E:$E,D3_하체A!$C:$C,$A18)+SUMIFS(D4_어깨팔A!$E:$E,D4_어깨팔A!$C:$C,$A18)+SUMIFS(D6_당기기B!$E:$E,D6_당기기B!$C:$C,$A18)+SUMIFS(D7_밀기B!$E:$E,D7_밀기B!$C:$C,$A18)+SUMIFS(D8_하체B!$E:$E,D8_하체B!$C:$C,$A18)+SUMIFS(D9_어깨팔B!$E:$E,D9_어깨팔B!$C:$C,$A18) -> 12 | C18: =MROUND(SUMIFS(간접계수맵!$F$7:$F$80,간접계수맵!$C$7:$C$80,$A18),0.5) -> 1 | D18: =B18+C18 -> 13 | E18: =IF(J18>20,"상한",IF(J18>=10,"성장",IF(J18>=8,"유지",IF(J18>=1,"유지 미만","미배치")))) -> 유지 | F18: 불가리안 0.33×3=0.99 — 한 다리 지지 관상면 안정화. 스쿼트·레그프레스는 양측 지지라 계수 없음 | J18: =ROUND(D18*7/$H$2,1) -> 9.1 | L18: =ROUND(B18*7/$H$2,1) -> 8.4
A19: 종아리 | B19: =SUMIFS(D1_당기기A!$E:$E,D1_당기기A!$C:$C,$A19)+SUMIFS(D2_밀기A!$E:$E,D2_밀기A!$C:$C,$A19)+SUMIFS(D3_하체A!$E:$E,D3_하체A!$C:$C,$A19)+SUMIFS(D4_어깨팔A!$E:$E,D4_어깨팔A!$C:$C,$A19)+SUMIFS(D6_당기기B!$E:$E,D6_당기기B!$C:$C,$A19)+SUMIFS(D7_밀기B!$E:$E,D7_밀기B!$C:$C,$A19)+SUMIFS(D8_하체B!$E:$E,D8_하체B!$C:$C,$A19)+SUMIFS(D9_어깨팔B!$E:$E,D9_어깨팔B!$C:$C,$A19) -> 13 | C19: =MROUND(SUMIFS(간접계수맵!$F$7:$F$80,간접계수맵!$C$7:$C$80,$A19),0.5) -> 0 | D19: =B19+C19 -> 13 | E19: =IF(J19>20,"상한",IF(J19>=10,"성장",IF(J19>=8,"유지",IF(J19>=1,"유지 미만","미배치")))) -> 유지 | F19: 직접 세트 내역: 3일차 스탠딩 카프 3 (무릎 편 상태 — 비복근) · 8일차 시티드 카프 3 (무릎 굽힘 — 가자미근). 간접 출처는 없음 — 스쿼트·레그프레스의 발목 관여는 실패지점 근처까지 가지 않아 0으로 둔다. | J19: =ROUND(D19*7/$H$2,1) -> 9.1 | L19: =ROUND(B19*7/$H$2,1) -> 9.1
A20: 이두 | B20: =SUMIFS(D1_당기기A!$E:$E,D1_당기기A!$C:$C,$A20)+SUMIFS(D2_밀기A!$E:$E,D2_밀기A!$C:$C,$A20)+SUMIFS(D3_하체A!$E:$E,D3_하체A!$C:$C,$A20)+SUMIFS(D4_어깨팔A!$E:$E,D4_어깨팔A!$C:$C,$A20)+SUMIFS(D6_당기기B!$E:$E,D6_당기기B!$C:$C,$A20)+SUMIFS(D7_밀기B!$E:$E,D7_밀기B!$C:$C,$A20)+SUMIFS(D8_하체B!$E:$E,D8_하체B!$C:$C,$A20)+SUMIFS(D9_어깨팔B!$E:$E,D9_어깨팔B!$C:$C,$A20) -> 11 | C20: =MROUND(SUMIFS(간접계수맵!$F$7:$F$80,간접계수맵!$C$7:$C$80,$A20),0.5) -> 7 | D20: =B20+C20 -> 18 | E20: =IF(J20>20,"상한",IF(J20>=10,"성장",IF(J20>=8,"유지",IF(J20>=1,"유지 미만","미배치")))) -> 성장 | F20: 당기기 5종목을 그립별로 나눠 센다 — 친업(뒤침) 0.5 · 시티드 케이블 로우(좁은 뉴트럴) 0.33 · 랫풀다운 · 해머 로우 · 바벨 로우(모두 엎침) 각 0.2 · 리버스컬 0.2. 2026-09-04 정리: 엎침 그립에서 팔꿈치를 굽히는 건 주로 상완근·상완요골근이라 리버스컬에 쓴 잣대(0.2)를 당기기 전체에 맞췄다. 바벨 로우는 이전에 줄 자체가 없어 이때 신설. 컬은 셋 다 당기기 간접이 안 걸린 자리에 둔다(어깨·팔 A · 당기기 B는 프리쳐만 · 어깨·팔 B — 2026-09-04 4-1-4-1 전환 후). [2026-09-05] 원암 랫풀다운 · 원암 케이블 로우(D핸들 뉴트럴) 0.33 신설 — 랫풀다운 4 → 양팔 2 + 원암 2, 시티드 로우 5 → 양팔 3 + 원암 2로 나누며. | J20: =ROUND(D20*7/$H$2,1) -> 12.6 | L20: =ROUND(B20*7/$H$2,1) -> 7.7
A21: 삼두 | B21: =SUMIFS(D1_당기기A!$E:$E,D1_당기기A!$C:$C,$A21)+SUMIFS(D2_밀기A!$E:$E,D2_밀기A!$C:$C,$A21)+SUMIFS(D3_하체A!$E:$E,D3_하체A!$C:$C,$A21)+SUMIFS(D4_어깨팔A!$E:$E,D4_어깨팔A!$C:$C,$A21)+SUMIFS(D6_당기기B!$E:$E,D6_당기기B!$C:$C,$A21)+SUMIFS(D7_밀기B!$E:$E,D7_밀기B!$C:$C,$A21)+SUMIFS(D8_하체B!$E:$E,D8_하체B!$C:$C,$A21)+SUMIFS(D9_어깨팔B!$E:$E,D9_어깨팔B!$C:$C,$A21) -> 8 | C21: =MROUND(SUMIFS(간접계수맵!$F$7:$F$80,간접계수맵!$C$7:$C$80,$A21),0.5) -> 12 | D21: =B21+C21 -> 20 | E21: =IF(J21>20,"상한",IF(J21>=10,"성장",IF(J21>=8,"유지",IF(J21>=1,"유지 미만","미배치")))) -> 성장 | F21: 딥스 · 인클라인 머신 · 머신 숄더 · 헤머 체스트 각 0.5 · 벤치 본세트 · 밀리터리 본세트 0.33. 2026-09-04에 두 메인 본세트를 0.5→0.33으로 내렸다 — 5×5 저반복이라 주동근이 실패를 결정하고 삼두 유효반복이 적다. 보조 프레스는 0.5 유지. | J21: =ROUND(D21*7/$H$2,1) -> 14 | L21: =ROUND(B21*7/$H$2,1) -> 5.6
A22: 전완 | B22: =SUMIFS(D1_당기기A!$E:$E,D1_당기기A!$C:$C,$A22)+SUMIFS(D2_밀기A!$E:$E,D2_밀기A!$C:$C,$A22)+SUMIFS(D3_하체A!$E:$E,D3_하체A!$C:$C,$A22)+SUMIFS(D4_어깨팔A!$E:$E,D4_어깨팔A!$C:$C,$A22)+SUMIFS(D6_당기기B!$E:$E,D6_당기기B!$C:$C,$A22)+SUMIFS(D7_밀기B!$E:$E,D7_밀기B!$C:$C,$A22)+SUMIFS(D8_하체B!$E:$E,D8_하체B!$C:$C,$A22)+SUMIFS(D9_어깨팔B!$E:$E,D9_어깨팔B!$C:$C,$A22) -> 11 | C22: =MROUND(SUMIFS(간접계수맵!$F$7:$F$80,간접계수맵!$C$7:$C$80,$A22),0.5) -> 3.5 | D22: =B22+C22 -> 14.5 | E22: =IF(J22>20,"상한",IF(J22>=10,"성장",IF(J22>=8,"유지",IF(J22>=1,"유지 미만","미배치")))) -> 성장 | F22: 바벨 컬(2일차) · 프리쳐 컬(6일차) · 인클라인 덤벨 컬(9일차) 0.33×각3 = 2.97. 리버스컬(6일차)은 상완요골근 주동이라 간접이 아니라 직접 전완 3세트로 센다. 순수 그립(데드·로우·친업·트랩바)은 규칙상 0 — 성장 자극 없음 | J22: =ROUND(D22*7/$H$2,1) -> 10.2 | L22: =ROUND(B22*7/$H$2,1) -> 7.7
A23: 복부 | B23: =SUMIFS(D1_당기기A!$E:$E,D1_당기기A!$C:$C,$A23)+SUMIFS(D2_밀기A!$E:$E,D2_밀기A!$C:$C,$A23)+SUMIFS(D3_하체A!$E:$E,D3_하체A!$C:$C,$A23)+SUMIFS(D4_어깨팔A!$E:$E,D4_어깨팔A!$C:$C,$A23)+SUMIFS(D6_당기기B!$E:$E,D6_당기기B!$C:$C,$A23)+SUMIFS(D7_밀기B!$E:$E,D7_밀기B!$C:$C,$A23)+SUMIFS(D8_하체B!$E:$E,D8_하체B!$C:$C,$A23)+SUMIFS(D9_어깨팔B!$E:$E,D9_어깨팔B!$C:$C,$A23) -> 13 | C23: =MROUND(SUMIFS(간접계수맵!$F$7:$F$80,간접계수맵!$C$7:$C$80,$A23),0.5) -> 0 | D23: =B23+C23 -> 13 | E23: =IF(J23>20,"상한",IF(J23>=10,"성장",IF(J23>=8,"유지",IF(J23>=1,"유지 미만","미배치")))) -> 유지 | F23: 직접 13세트: 1일차 라잉 레그 레이즈 4(굴곡 하부) · 케이블 트렁크 로테이션 3(회전) · 3일차 앱휠 롤아웃 3(항신전) · 6일차 중량 크런치 3(굴곡 상부). 네 축이 다 찼다. 스쿼트 · 데드의 코어 브레이싱은 등척성 안정화이며 실패지점 근처까지 가지 않아 간접 0. | J23: =ROUND(D23*7/$H$2,1) -> 9.1 | L23: =ROUND(B23*7/$H$2,1) -> 9.1
A24: 내전근 | B24: =SUMIFS(D1_당기기A!$E:$E,D1_당기기A!$C:$C,$A24)+SUMIFS(D2_밀기A!$E:$E,D2_밀기A!$C:$C,$A24)+SUMIFS(D3_하체A!$E:$E,D3_하체A!$C:$C,$A24)+SUMIFS(D4_어깨팔A!$E:$E,D4_어깨팔A!$C:$C,$A24)+SUMIFS(D6_당기기B!$E:$E,D6_당기기B!$C:$C,$A24)+SUMIFS(D7_밀기B!$E:$E,D7_밀기B!$C:$C,$A24)+SUMIFS(D8_하체B!$E:$E,D8_하체B!$C:$C,$A24)+SUMIFS(D9_어깨팔B!$E:$E,D9_어깨팔B!$C:$C,$A24) -> 9 | C24: =MROUND(SUMIFS(간접계수맵!$F$7:$F$80,간접계수맵!$C$7:$C$80,$A24),0.5) -> 4.5 | D24: =B24+C24 -> 13.5 | E24: =IF(J24>20,"상한",IF(J24>=10,"성장",IF(J24>=8,"유지",IF(J24>=1,"유지 미만","미배치")))) -> 유지 | F24: 스쿼트 · 레그 프레스 · 불가리안 모두 0.33. 2026-09-04에 스쿼트를 0.5→0.33으로 내려 세 종목을 같은 등급으로 맞췄다 — 대내전근이 고관절 신전근인 건 맞지만 둔근(0.5)과 동급은 과하다. 성장이 아닌 유지 목적 항목. | J24: =ROUND(D24*7/$H$2,1) -> 9.5 | L24: =ROUND(B24*7/$H$2,1) -> 6.3
A25: 직접 세트 총계 | B25: =SUM(B5:B24) -> 240 | D25: =SUM(D5:D24) -> 310 | J25: =ROUND(D25*7/$H$2,1) -> 217 | L25: =ROUND(B25*7/$H$2,1) -> 168
A26: 기준선
A27: · 주 10~20세트 = 성장 구간. 사이클당 세트를 그대로 쓰면 안 되고, J열의 주당 환산(×7/주기 · 주기 길이는 H2)으로 판정한다.
A28: · 주 8세트 = 유지 하한 (역시 주당 환산 기준).
A29: · 실패지점 2~3회 이내 세트만 카운트 (웜업 · 여유 세트 제외)
A31: 따로 세야 하는 경우
A32: · 판단 기준은 하나 — 다른 종목이 그 부위를 대신 키워주는가.
A33: · 안 키워주면 따로 센다: 햄스트링(스쿼트로 안 자람), 후면 삼각근(프레스로 안 자람), 종아리
A34: · 키워주면 합쳐 판단한다: 흉근 상/하, 광배 상/하 — 하나의 근육이며 함께 수축한다. 표의 상/하 분리 행은 분포 점검용이며, 총량·상한 판단은 합산 기준으로 본다 (흉근 합산은 H5에 상시 표시 — 현재 직접 16 · 실질 18).
A36: 부위별 이력 · 미결 항목
A37: · 종아리 (2026-08): 3일차 스탠딩 카프 3 + 8일차 시티드 카프 3 = 사이클당 6세트 · 주당 환산 5.3 — 유지 하한(8) 미달. 올리려면 총량 예산 안에서 교환한다. | 후면 삼각근 (2026-08-28 해소): 직접 7 → 10세트. 9일차 어깨 세션 신설로 MEV(8) 통과.
A38: · 9일 주기 (A블록 3일 · 휴식 · B블록 3일 · 어깨+약점 · 휴식). 서술상 계보: 5일 147 → 재편 159 → v17 143 → v18 140 → 6일차 리버스컬 3 → 9일차 어깨 7. 다만 E열 실측은 162다 (2026-08-28 확인).
A39: · 하부 승모: 프론 Y(하강+후인) 2 + 오버헤드 슈러그(상방회전) 3 = 직접 5. 스캡 풀업(하강)은 v18에서 1일차 웜업으로 전환 — 패턴은 매주 유지되나 카운트 제외.
... A57: 상한 변경 이력 — 총량 상한(J2)을 고칠 때마다 한 줄 남긴다
A58: 날짜 | B58: 이전 | C58: 이후 | D58: 근거 | E58: 무엇을 뺐나
A59: 46269 | B59: — | C59: 239 | D59: 최초 설정 — v19 현재 총량을 그대로 예산으로 고정 | E59: —
A60: 46269 | B60: 239 | C60: 239 | D60: 10일 주기(4-1-4-1) 전환 — 상한 불변. 주당 환산 185.9→167.3은 분모가 9→10이 된 산술이지 감축이 아니다 | E60: 없음 — 종목 12개 이동, 세트 0 변동
A61: 46270 | B61: 239 | C61: 244 | D61: 등(광배 · 승모중부) 4종목 각 +1, 흉근상부 인클라인 스미스 +1 — 사용자 판단. 같은 날 15종목 +1을 넣었다가 잠금(잔여 −15)에 걸려 10은 되돌렸다 | E61: 없음
A62: 총량 예산 — 운용 규칙
A63: · 세트를 늘리려면 같은 수를 다른 종목에서 뺀다. 잔여 예산(H3)이 음수면 프로그램 전체가 INVALID다.
A64: · 판정 열의 "유지 미만"은 정보이지 지시가 아니다. 하한 미달은 그 자체로 증액 근거가 되지 못한다.
A65: · 주기를 바꿀 때는 H2 한 칸만 고친다. 모든 판정이 내려앉지만 잔여 예산은 그대로라 세트는 안 붙는다.
A66: · 총량 상한(J2)을 올리는 것은 자유지만 상한 변경 이력에 한 줄 남긴다 — 근거와 무엇을 뺐는지까지.
A67: · 배분은 안 잠근다. 총량이 같다면 부위 간 이동은 자유다 — 문제가 된 것은 배분이 아니라 총량이었다.
A68: · 증액 근거는 기록이다. 증량기록 L·M열(다음날 피로 · 관절)이 3사이클 쌓이기 전에는 근거가 없다.

Sheet 증량기록
A1: 메인 리프트 증량 기록 — 주 단위 (2026-09-13 전환)
A2: 매주 한 줄. 목표 반복을 채우면 다음 주에 오르고, 못 채우면 그 주 칸에 반복수나 X를 적어 그 중량을 한 번 더 든다. 못 끼우는 값(5로 나눈 나머지 4)은 자동으로 1kg 올라가므로 계단이 +2와 +3을 오간다 — 평균이 위 증량 폭이다.
A4: 증량 설정 — 종목별 | E4: 증량 주기(주) | F4: 시작 주차
A5: 데드리프트 주당 증량 (kg) | C5: 2 | D5: 매주 +2 → 못 끼우는 값에서 +3이 되므로 평균 주 2.5kg | E5: 1
A6: 스쿼트 주당 증량 (kg) | C6: 2 | D6: 매주 +2 → 평균 주 2.5kg. 사이클(2주 5kg) 때와 같은 기울기다 | E6: 1
A7: 벤치프레스 주당 증량 (kg) | C7: 1 | D7: 매주 +1 → 평균 주 1.25kg. 한쪽 0.5kg이 봉 전체 1kg이라 이게 최소 계단 | E7: 1 | H7: =SUM(D7:D22) -> 0
A8: 밀리터리 프레스 주당 증량 (kg) | C8: 1 | D8: 격주 +1 → 평균 주 0.6kg. 매주 올리면 1.25kg이라 지금 속도의 2.5배가 된다 | E8: 2
A9: 해머 스트랭스 로우 주당 증량 (kg) | C9: 1 | D9: 매주 +1 → 평균 주 1.25kg. 원판식 기구 · 13주차 60kg에서 출발 (2026-10-23 사용자 결정) | E9: 1 | F9: 13
A10: 인클라인 벤치프레스 머신 주당 증량 (kg) | C10: 1 | D10: 매주 +1 · 13주차 42kg에서 출발. 2주 연속 미달이면 선형 중단 → 8~10 더블 프로그레션 (2026-10-23) | E10: 1 | F10: 13
A11: 레그 프레스 주당 증량 (kg) | C11: 2 | D11: 매주 +2 · 13주차 160kg에서 출발 (2026-10-23 사용자 결정) | E11: 1 | F11: 13
A12: 레그 프레스 (발 높게) 주당 증량 (kg) | C12: 2 | D12: 2주마다 +2 · 13주차 140kg에서 출발 (2026-10-23 사용자 결정) | E12: 2 | F12: 13
A13: 루마니안 데드리프트 주당 증량 (kg) | C13: 1 | D13: 2주마다 +1 · 13주차 50kg에서 출발 (2026-10-23 사용자 결정) | E13: 2 | F13: 13
A14: 힙 쓰러스트 주당 증량 (kg) | C14: 1 | D14: 2주마다 +1 · 13주차 25kg에서 출발 (2026-10-23 사용자 결정) | E14: 2 | F14: 13
A15: 오버헤드 슈러그(스미스) 주당 증량 (kg) | C15: 1 | D15: 3주마다 +1 · 13주차 25kg에서 출발 · 원판만 센 무게(봉 제외) (2026-10-23 사용자 결정) | E15: 3 | F15: 13
A16: 해머 스트랭스 스캡 슈러그(중립 그립) 주당 증량 (kg) | C16: 1 | D16: 2주마다 +1 · 13주차 50kg에서 출발 · 원판만 센 무게(봉 제외) (2026-10-23 사용자 결정) | E16: 2 | F16: 13
A17: 스미스 프로트랙션 주당 증량 (kg) | C17: 1 | D17: 2주마다 +1 · 13주차 0kg에서 출발 · 원판만 센 무게(봉 제외) (2026-10-23 사용자 결정) · [2026-10-26 중단 — 월요일 체스트 프레스 머신 프로트랙션으로 교체 · 토요일과 같은 범위 + 핀 방식 (사용자 결정)] | E17: 2 | F17: 13
A18: 라잉 트라이셉스 익스텐션 주당 증량 (kg) | C18: 1 | D18: 3주마다 +1 · 13주차 15kg에서 출발 · EZ바 봉 포함 총무게 (2026-10-23 사용자 결정) | E18: 3 | F18: 13
A19: 리버스컬 주당 증량 (kg) | C19: 1 | D19: 3주마다 +1 · 13주차 15kg에서 출발 · EZ바 봉 포함 총무게 (2026-10-23 사용자 결정) | E19: 3 | F19: 13
A20: 인클라인 벤치프레스(바벨) 주당 증량 (kg) | C20: 1 | D20: 매주 +1 · 13주차 40kg에서 출발 · 봉 20 포함 총무게 · 벤치와 같은 방식 (2026-10-23 사용자 결정) | E20: 1 | F20: 13
A21: 주차 | B21: 날짜 (토요일) | C21: 스쿼트 목표 | D21: 미달 시 반복수 | E21: 데드 목표 | F21: 미달 시 반복수 | G21: 벤치 목표 | H21: 미달 시 반복수 | I21: 프레스 목표 | J21: 미달 시 반복수 | K21: 메모 | L21: 다음날 피로 0~5 | M21: 관절 이상 | N21: 해머 로우 목표 | O21: 미달 시 반복수 | P21: 인클라인 머신 목표 | Q21: 미달 시 반복수 | R21: 레그 프레스 목표 | S21: 미달 시 반복수 | T21: 레그 프레스 발 높게 목표 | U21: 미달 시 반복수 | V21: 루마니안 목표 | W21: 미달 시 반복수 | X21: 힙 쓰러스트 목표 | Y21: 미달 시 반복수 | Z21: 오버헤드 슈러그 목표 | AA21: 미달 시 반복수 | AB21: 스캡 슈러그 목표 | AC21: 미달 시 반복수 | AD21: 프로트랙션 목표 | AE21: 미달 시 반복수 | AF21: 라잉 트라이셉스 목표 | AG21: 미달 시 반복수 | AH21: 리버스컬 목표 | AI21: 미달 시 반복수 | AJ21: 인클라인 바벨 목표 | AK21: 미달 시 반복수
A22: 6주차 | B22: 46263 | C22: =시작중량_설정!$D$7 -> 62 | E22: =시작중량_설정!$D$8 -> 67 | G22: =시작중량_설정!$D$9 -> 35 | I22: =시작중량_설정!$D$10 -> 28 | K22: [2026-09-13] 사이클(2주에 5kg) → 주 단위(매주 2~3kg) 전환. 이 줄이 전환 시점 중량이다. 1~5주차는 재택 사이클로 지나간 구간이라 표에 없다. [이전 기록] [2026-09-05] 6일차를 하루 미룸 — 늦게 일어나 갔더니 헬스장이 닫혀 있었다. 실제 1일차는 08-31이었으나 앱 달력 기준을 09-01로 당겨 적어 09-06이 6일차가 되게 했다(이 사이클만 11일, 다음 사이클 1일차 09-11). | N22: — | P22: — | R22: — | T22: — | V22: — | X22: — | Z22: — | AB22: — | AD22: — | AF22: — | AH22: — | AJ22: —
A23: 7주차 | B23: 46270 | C23: =IF(OR(D22="",D22="O"),IF(MOD(ROW()-22,$E$6)=0,C22+$C$6+(MOD(C22+$C$6,5)=4),C22),C22) -> 65 | E23: =IF(OR(F22="",F22="O"),IF(MOD(ROW()-22,$E$5)=0,E22+$C$5+(MOD(E22+$C$5,5)=4),E22),E22) -> 70 | G23: =IF(OR(H22="",H22="O"),IF(MOD(ROW()-22,$E$7)=0,G22+$C$7+(MOD(G22+$C$7,5)=4),G22),G22) -> 36 | I23: =IF(OR(J22="",J22="O"),IF(MOD(ROW()-22,$E$8)=0,I22+$C$8+(MOD(I22+$C$8,5)=4),I22),I22) -> 28 | N23: — | P23: — | R23: — | T23: — | V23: — | X23: — | Z23: — | AB23: — | AD23: — | AF23: — | AH23: — | AJ23: —
A24: 8주차 | B24: 46277 | C24: =IF(OR(D23="",D23="O"),IF(MOD(ROW()-22,$E$6)=0,C23+$C$6+(MOD(C23+$C$6,5)=4),C23),C23) -> 67 | E24: =IF(OR(F23="",F23="O"),IF(MOD(ROW()-22,$E$5)=0,E23+$C$5+(MOD(E23+$C$5,5)=4),E23),E23) -> 72 | G24: =IF(OR(H23="",H23="O"),IF(MOD(ROW()-22,$E$7)=0,G23+$C$7+(MOD(G23+$C$7,5)=4),G23),G23) -> 37 | I24: =IF(OR(J23="",J23="O"),IF(MOD(ROW()-22,$E$8)=0,I23+$C$8+(MOD(I23+$C$8,5)=4),I23),I23) -> 30 | N24: — | P24: — | R24: — | T24: — | V24: — | X24: — | Z24: — | AB24: — | AD24: — | AF24: — | AH24: — | AJ24: —
A25: 9주차 | B25: 46284 | C25: =IF(OR(D24="",D24="O"),IF(MOD(ROW()-22,$E$6)=0,C24+$C$6+(MOD(C24+$C$6,5)=4),C24),C24) -> 70 | E25: =IF(OR(F24="",F24="O"),IF(MOD(ROW()-22,$E$5)=0,E24+$C$5+(MOD(E24+$C$5,5)=4),E24),E24) -> 75 | G25: =IF(OR(H24="",H24="O"),IF(MOD(ROW()-22,$E$7)=0,G24+$C$7+(MOD(G24+$C$7,5)=4),G24),G24) -> 38 | I25: =IF(OR(J24="",J24="O"),IF(MOD(ROW()-22,$E$8)=0,I24+$C$8+(MOD(I24+$C$8,5)=4),I24),I24) -> 30 | N25: — | P25: — | R25: — | T25: — | V25: — | X25: — | Z25: — | AB25: — | AD25: — | AF25: — | AH25: — | AJ25: —
A26: 10주차 | B26: 46291 | C26: =IF(OR(D25="",D25="O"),IF(MOD(ROW()-22,$E$6)=0,C25+$C$6+(MOD(C25+$C$6,5)=4),C25),C25) -> 72 | E26: =IF(OR(F25="",F25="O"),IF(MOD(ROW()-22,$E$5)=0,E25+$C$5+(MOD(E25+$C$5,5)=4),E25),E25) -> 77 | G26: =IF(OR(H25="",H25="O"),IF(MOD(ROW()-22,$E$7)=0,G25+$C$7+(MOD(G25+$C$7,5)=4),G25),G25) -> 40 | I26: =IF(OR(J25="",J25="O"),IF(MOD(ROW()-22,$E$8)=0,I25+$C$8+(MOD(I25+$C$8,5)=4),I25),I25) -> 31 | N26: — | P26: — | R26: — | T26: — | V26: — | X26: — | Z26: — | AB26: — | AD26: — | AF26: — | AH26: — | AJ26: —
A27: 11주차 | B27: 46298 | C27: =IF(OR(D26="",D26="O"),IF(MOD(ROW()-22,$E$6)=0,C26+$C$6+(MOD(C26+$C$6,5)=4),C26),C26) -> 75 | E27: =IF(OR(F26="",F26="O"),IF(MOD(ROW()-22,$E$5)=0,E26+$C$5+(MOD(E26+$C$5,5)=4),E26),E26) -> 80 | G27: =IF(OR(H26="",H26="O"),IF(MOD(ROW()-22,$E$7)=0,G26+$C$7+(MOD(G26+$C$7,5)=4),G26),G26) -> 41 | I27: =IF(OR(J26="",J26="O"),IF(MOD(ROW()-22,$E$8)=0,I26+$C$8+(MOD(I26+$C$8,5)=4),I26),I26) -> 31 | N27: — | P27: — | R27: — | T27: — | V27: — | X27: — | Z27: — | AB27: — | AD27: — | AF27: — | AH27: — | AJ27: —
A28: 12주차 | B28: 46305 | C28: =IF(OR(D27="",D27="O"),IF(MOD(ROW()-22,$E$6)=0,C27+$C$6+(MOD(C27+$C$6,5)=4),C27),C27) -> 77 | E28: =IF(OR(F27="",F27="O"),IF(MOD(ROW()-22,$E$5)=0,E27+$C$5+(MOD(E27+$C$5,5)=4),E27),E27) -> 82 | G28: =IF(OR(H27="",H27="O"),IF(MOD(ROW()-22,$E$7)=0,G27+$C$7+(MOD(G27+$C$7,5)=4),G27),G27) -> 42 | I28: =IF(OR(J27="",J27="O"),IF(MOD(ROW()-22,$E$8)=0,I27+$C$8+(MOD(I27+$C$8,5)=4),I27),I27) -> 32 | N28: — | P28: — | R28: — | T28: — | V28: — | X28: — | Z28: — | AB28: — | AD28: — | AF28: — | AH28: — | AJ28: —
A29: 13주차 | B29: 46312 | C29: =IF(OR(D28="",D28="O"),IF(MOD(ROW()-22,$E$6)=0,C28+$C$6+(MOD(C28+$C$6,5)=4),C28),C28) -> 80 | E29: =IF(OR(F28="",F28="O"),IF(MOD(ROW()-22,$E$5)=0,E28+$C$5+(MOD(E28+$C$5,5)=4),E28),E28) -> 85 | G29: =IF(OR(H28="",H28="O"),IF(MOD(ROW()-22,$E$7)=0,G28+$C$7+(MOD(G28+$C$7,5)=4),G28),G28) -> 43 | I29: =IF(OR(J28="",J28="O"),IF(MOD(ROW()-22,$E$8)=0,I28+$C$8+(MOD(I28+$C$8,5)=4),I28),I28) -> 32 | N29: =시작중량_설정!$D$11 -> 60 | P29: =시작중량_설정!$D$12 -> 42 | R29: =시작중량_설정!$D$13 -> 160 | T29: =시작중량_설정!$D$14 -> 140 | V29: =시작중량_설정!$D$15 -> 50 | X29: =시작중량_설정!$D$16 -> 25 | Z29: =시작중량_설정!$D$17 -> 25 | AB29: =시작중량_설정!$D$18 -> 50 | AD29: =시작중량_설정!$D$19 -> 0 | AF29: =시작중량_설정!$D$20 -> 15 | AH29: =시작중량_설정!$D$21 -> 15 | AJ29: =시작중량_설정!$D$22 -> 40
A30: 14주차 | B30: 46319 | C30: =IF(OR(D29="",D29="O"),IF(MOD(ROW()-22,$E$6)=0,C29+$C$6+(MOD(C29+$C$6,5)=4),C29),C29) -> 82 | E30: =IF(OR(F29="",F29="O"),IF(MOD(ROW()-22,$E$5)=0,E29+$C$5+(MOD(E29+$C$5,5)=4),E29),E29) -> 87 | G30: =IF(OR(H29="",H29="O"),IF(MOD(ROW()-22,$E$7)=0,G29+$C$7+(MOD(G29+$C$7,5)=4),G29),G29) -> 45 | I30: =IF(OR(J29="",J29="O"),IF(MOD(ROW()-22,$E$8)=0,I29+$C$8+(MOD(I29+$C$8,5)=4),I29),I29) -> 33 | N30: =IF(OR(O29="",O29="O"),IF(MOD(ROW()-29,$E$9)=0,N29+$C$9+(MOD(N29+$C$9,5)=4),N29),N29) -> 61 | P30: =IF(OR(Q29="",Q29="O"),IF(MOD(ROW()-29,$E$10)=0,P29+$C$10+(MOD(P29+$C$10,5)=4),P29),P29) -> 43 | R30: =IF(OR(S29="",S29="O"),IF(MOD(ROW()-29,$E$11)=0,R29+$C$11+(MOD(R29+$C$11,5)=4),R29),R29) -> 162 | T30: =IF(OR(U29="",U29="O"),IF(MOD(ROW()-29,$E$12)=0,T29+$C$12+(MOD(T29+$C$12,5)=4),T29),T29) -> 140 | V30: =IF(OR(W29="",W29="O"),IF(MOD(ROW()-29,$E$13)=0,V29+$C$13+(MOD(V29+$C$13,5)=4),V29),V29) -> 50 | X30: =IF(OR(Y29="",Y29="O"),IF(MOD(ROW()-29,$E$14)=0,X29+$C$14+(MOD(X29+$C$14,5)=4),X29),X29) -> 25 | Z30: =IF(OR(AA29="",AA29="O"),IF(MOD(ROW()-29,$E$15)=0,Z29+$C$15+(MOD(Z29+$C$15,5)=4),Z29),Z29) -> 25 | AB30: =IF(OR(AC29="",AC29="O"),IF(MOD(ROW()-29,$E$16)=0,AB29+$C$16+(MOD(AB29+$C$16,5)=4),AB29),AB29) -> 50 | AD30: =IF(OR(AE29="",AE29="O"),IF(MOD(ROW()-29,$E$17)=0,AD29+$C$17+(MOD(AD29+$C$17,5)=4),AD29),AD29) -> 0 | AF30: =IF(OR(AG29="",AG29="O"),IF(MOD(ROW()-29,$E$18)=0,AF29+$C$18+(MOD(AF29+$C$18,5)=4),AF29),AF29) -> 15 | AH30: =IF(OR(AI29="",AI29="O"),IF(MOD(ROW()-29,$E$19)=0,AH29+$C$19+(MOD(AH29+$C$19,5)=4),AH29),AH29) -> 15 | AJ30: =IF(OR(AK29="",AK29="O"),IF(MOD(ROW()-29,$E$20)=0,AJ29+$C$20+(MOD(AJ29+$C$20,5)=4),AJ29),AJ29) -> 41
A31: 15주차 | B31: 46326 | C31: =IF(OR(D30="",D30="O"),IF(MOD(ROW()-22,$E$6)=0,C30+$C$6+(MOD(C30+$C$6,5)=4),C30),C30) -> 85 | E31: =IF(OR(F30="",F30="O"),IF(MOD(ROW()-22,$E$5)=0,E30+$C$5+(MOD(E30+$C$5,5)=4),E30),E30) -> 90 | G31: =IF(OR(H30="",H30="O"),IF(MOD(ROW()-22,$E$7)=0,G30+$C$7+(MOD(G30+$C$7,5)=4),G30),G30) -> 46 | I31: =IF(OR(J30="",J30="O"),IF(MOD(ROW()-22,$E$8)=0,I30+$C$8+(MOD(I30+$C$8,5)=4),I30),I30) -> 33 | N31: =IF(OR(O30="",O30="O"),IF(MOD(ROW()-29,$E$9)=0,N30+$C$9+(MOD(N30+$C$9,5)=4),N30),N30) -> 62 | P31: =IF(OR(Q30="",Q30="O"),IF(MOD(ROW()-29,$E$10)=0,P30+$C$10+(MOD(P30+$C$10,5)=4),P30),P30) -> 45 | R31: =IF(OR(S30="",S30="O"),IF(MOD(ROW()-29,$E$11)=0,R30+$C$11+(MOD(R30+$C$11,5)=4),R30),R30) -> 165 | T31: =IF(OR(U30="",U30="O"),IF(MOD(ROW()-29,$E$12)=0,T30+$C$12+(MOD(T30+$C$12,5)=4),T30),T30) -> 142 | V31: =IF(OR(W30="",W30="O"),IF(MOD(ROW()-29,$E$13)=0,V30+$C$13+(MOD(V30+$C$13,5)=4),V30),V30) -> 51 | X31: =IF(OR(Y30="",Y30="O"),IF(MOD(ROW()-29,$E$14)=0,X30+$C$14+(MOD(X30+$C$14,5)=4),X30),X30) -> 26 | Z31: =IF(OR(AA30="",AA30="O"),IF(MOD(ROW()-29,$E$15)=0,Z30+$C$15+(MOD(Z30+$C$15,5)=4),Z30),Z30) -> 25 | AB31: =IF(OR(AC30="",AC30="O"),IF(MOD(ROW()-29,$E$16)=0,AB30+$C$16+(MOD(AB30+$C$16,5)=4),AB30),AB30) -> 51 | AD31: =IF(OR(AE30="",AE30="O"),IF(MOD(ROW()-29,$E$17)=0,AD30+$C$17+(MOD(AD30+$C$17,5)=4),AD30),AD30) -> 1 | AF31: =IF(OR(AG30="",AG30="O"),IF(MOD(ROW()-29,$E$18)=0,AF30+$C$18+(MOD(AF30+$C$18,5)=4),AF30),AF30) -> 15 | AH31: =IF(OR(AI30="",AI30="O"),IF(MOD(ROW()-29,$E$19)=0,AH30+$C$19+(MOD(AH30+$C$19,5)=4),AH30),AH30) -> 15 | AJ31: =IF(OR(AK30="",AK30="O"),IF(MOD(ROW()-29,$E$20)=0,AJ30+$C$20+(MOD(AJ30+$C$20,5)=4),AJ30),AJ30) -> 42
A32: 16주차 | B32: 46333 | C32: =IF(OR(D31="",D31="O"),IF(MOD(ROW()-22,$E$6)=0,C31+$C$6+(MOD(C31+$C$6,5)=4),C31),C31) -> 87 | E32: =IF(OR(F31="",F31="O"),IF(MOD(ROW()-22,$E$5)=0,E31+$C$5+(MOD(E31+$C$5,5)=4),E31),E31) -> 92 | G32: =IF(OR(H31="",H31="O"),IF(MOD(ROW()-22,$E$7)=0,G31+$C$7+(MOD(G31+$C$7,5)=4),G31),G31) -> 47 | I32: =IF(OR(J31="",J31="O"),IF(MOD(ROW()-22,$E$8)=0,I31+$C$8+(MOD(I31+$C$8,5)=4),I31),I31) -> 35 | N32: =IF(OR(O31="",O31="O"),IF(MOD(ROW()-29,$E$9)=0,N31+$C$9+(MOD(N31+$C$9,5)=4),N31),N31) -> 63 | P32: =IF(OR(Q31="",Q31="O"),IF(MOD(ROW()-29,$E$10)=0,P31+$C$10+(MOD(P31+$C$10,5)=4),P31),P31) -> 46 | R32: =IF(OR(S31="",S31="O"),IF(MOD(ROW()-29,$E$11)=0,R31+$C$11+(MOD(R31+$C$11,5)=4),R31),R31) -> 167 | T32: =IF(OR(U31="",U31="O"),IF(MOD(ROW()-29,$E$12)=0,T31+$C$12+(MOD(T31+$C$12,5)=4),T31),T31) -> 142 | V32: =IF(OR(W31="",W31="O"),IF(MOD(ROW()-29,$E$13)=0,V31+$C$13+(MOD(V31+$C$13,5)=4),V31),V31) -> 51 | X32: =IF(OR(Y31="",Y31="O"),IF(MOD(ROW()-29,$E$14)=0,X31+$C$14+(MOD(X31+$C$14,5)=4),X31),X31) -> 26 | Z32: =IF(OR(AA31="",AA31="O"),IF(MOD(ROW()-29,$E$15)=0,Z31+$C$15+(MOD(Z31+$C$15,5)=4),Z31),Z31) -> 26 | AB32: =IF(OR(AC31="",AC31="O"),IF(MOD(ROW()-29,$E$16)=0,AB31+$C$16+(MOD(AB31+$C$16,5)=4),AB31),AB31) -> 51 | AD32: =IF(OR(AE31="",AE31="O"),IF(MOD(ROW()-29,$E$17)=0,AD31+$C$17+(MOD(AD31+$C$17,5)=4),AD31),AD31) -> 1 | AF32: =IF(OR(AG31="",AG31="O"),IF(MOD(ROW()-29,$E$18)=0,AF31+$C$18+(MOD(AF31+$C$18,5)=4),AF31),AF31) -> 16 | AH32: =IF(OR(AI31="",AI31="O"),IF(MOD(ROW()-29,$E$19)=0,AH31+$C$19+(MOD(AH31+$C$19,5)=4),AH31),AH31) -> 16 | AJ32: =IF(OR(AK31="",AK31="O"),IF(MOD(ROW()-29,$E$20)=0,AJ31+$C$20+(MOD(AJ31+$C$20,5)=4),AJ31),AJ31) -> 43
A33: 17주차 | B33: 46340 | C33: =IF(OR(D32="",D32="O"),IF(MOD(ROW()-22,$E$6)=0,C32+$C$6+(MOD(C32+$C$6,5)=4),C32),C32) -> 90 | E33: =IF(OR(F32="",F32="O"),IF(MOD(ROW()-22,$E$5)=0,E32+$C$5+(MOD(E32+$C$5,5)=4),E32),E32) -> 95 | G33: =IF(OR(H32="",H32="O"),IF(MOD(ROW()-22,$E$7)=0,G32+$C$7+(MOD(G32+$C$7,5)=4),G32),G32) -> 48 | I33: =IF(OR(J32="",J32="O"),IF(MOD(ROW()-22,$E$8)=0,I32+$C$8+(MOD(I32+$C$8,5)=4),I32),I32) -> 35 | N33: =IF(OR(O32="",O32="O"),IF(MOD(ROW()-29,$E$9)=0,N32+$C$9+(MOD(N32+$C$9,5)=4),N32),N32) -> 65 | P33: =IF(OR(Q32="",Q32="O"),IF(MOD(ROW()-29,$E$10)=0,P32+$C$10+(MOD(P32+$C$10,5)=4),P32),P32) -> 47 | R33: =IF(OR(S32="",S32="O"),IF(MOD(ROW()-29,$E$11)=0,R32+$C$11+(MOD(R32+$C$11,5)=4),R32),R32) -> 170 | T33: =IF(OR(U32="",U32="O"),IF(MOD(ROW()-29,$E$12)=0,T32+$C$12+(MOD(T32+$C$12,5)=4),T32),T32) -> 145 | V33: =IF(OR(W32="",W32="O"),IF(MOD(ROW()-29,$E$13)=0,V32+$C$13+(MOD(V32+$C$13,5)=4),V32),V32) -> 52 | X33: =IF(OR(Y32="",Y32="O"),IF(MOD(ROW()-29,$E$14)=0,X32+$C$14+(MOD(X32+$C$14,5)=4),X32),X32) -> 27 | Z33: =IF(OR(AA32="",AA32="O"),IF(MOD(ROW()-29,$E$15)=0,Z32+$C$15+(MOD(Z32+$C$15,5)=4),Z32),Z32) -> 26 | AB33: =IF(OR(AC32="",AC32="O"),IF(MOD(ROW()-29,$E$16)=0,AB32+$C$16+(MOD(AB32+$C$16,5)=4),AB32),AB32) -> 52 | AD33: =IF(OR(AE32="",AE32="O"),IF(MOD(ROW()-29,$E$17)=0,AD32+$C$17+(MOD(AD32+$C$17,5)=4),AD32),AD32) -> 2 | AF33: =IF(OR(AG32="",AG32="O"),IF(MOD(ROW()-29,$E$18)=0,AF32+$C$18+(MOD(AF32+$C$18,5)=4),AF32),AF32) -> 16 | AH33: =IF(OR(AI32="",AI32="O"),IF(MOD(ROW()-29,$E$19)=0,AH32+$C$19+(MOD(AH32+$C$19,5)=4),AH32),AH32) -> 16 | AJ33: =IF(OR(AK32="",AK32="O"),IF(MOD(ROW()-29,$E$20)=0,AJ32+$C$20+(MOD(AJ32+$C$20,5)=4),AJ32),AJ32) -> 45
A34: 18주차 | B34: 46347 | C34: =IF(OR(D33="",D33="O"),IF(MOD(ROW()-22,$E$6)=0,C33+$C$6+(MOD(C33+$C$6,5)=4),C33),C33) -> 92 | E34: =IF(OR(F33="",F33="O"),IF(MOD(ROW()-22,$E$5)=0,E33+$C$5+(MOD(E33+$C$5,5)=4),E33),E33) -> 97 | G34: =IF(OR(H33="",H33="O"),IF(MOD(ROW()-22,$E$7)=0,G33+$C$7+(MOD(G33+$C$7,5)=4),G33),G33) -> 50 | I34: =IF(OR(J33="",J33="O"),IF(MOD(ROW()-22,$E$8)=0,I33+$C$8+(MOD(I33+$C$8,5)=4),I33),I33) -> 36 | N34: =IF(OR(O33="",O33="O"),IF(MOD(ROW()-29,$E$9)=0,N33+$C$9+(MOD(N33+$C$9,5)=4),N33),N33) -> 66 | P34: =IF(OR(Q33="",Q33="O"),IF(MOD(ROW()-29,$E$10)=0,P33+$C$10+(MOD(P33+$C$10,5)=4),P33),P33) -> 48 | R34: =IF(OR(S33="",S33="O"),IF(MOD(ROW()-29,$E$11)=0,R33+$C$11+(MOD(R33+$C$11,5)=4),R33),R33) -> 172 | T34: =IF(OR(U33="",U33="O"),IF(MOD(ROW()-29,$E$12)=0,T33+$C$12+(MOD(T33+$C$12,5)=4),T33),T33) -> 145 | V34: =IF(OR(W33="",W33="O"),IF(MOD(ROW()-29,$E$13)=0,V33+$C$13+(MOD(V33+$C$13,5)=4),V33),V33) -> 52 | X34: =IF(OR(Y33="",Y33="O"),IF(MOD(ROW()-29,$E$14)=0,X33+$C$14+(MOD(X33+$C$14,5)=4),X33),X33) -> 27 | Z34: =IF(OR(AA33="",AA33="O"),IF(MOD(ROW()-29,$E$15)=0,Z33+$C$15+(MOD(Z33+$C$15,5)=4),Z33),Z33) -> 26 | AB34: =IF(OR(AC33="",AC33="O"),IF(MOD(ROW()-29,$E$16)=0,AB33+$C$16+(MOD(AB33+$C$16,5)=4),AB33),AB33) -> 52 | AD34: =IF(OR(AE33="",AE33="O"),IF(MOD(ROW()-29,$E$17)=0,AD33+$C$17+(MOD(AD33+$C$17,5)=4),AD33),AD33) -> 2 | AF34: =IF(OR(AG33="",AG33="O"),IF(MOD(ROW()-29,$E$18)=0,AF33+$C$18+(MOD(AF33+$C$18,5)=4),AF33),AF33) -> 16 | AH34: =IF(OR(AI33="",AI33="O"),IF(MOD(ROW()-29,$E$19)=0,AH33+$C$19+(MOD(AH33+$C$19,5)=4),AH33),AH33) -> 16 | AJ34: =IF(OR(AK33="",AK33="O"),IF(MOD(ROW()-29,$E$20)=0,AJ33+$C$20+(MOD(AJ33+$C$20,5)=4),AJ33),AJ33) -> 46
A35: 19주차 | B35: 46354 | C35: =IF(OR(D34="",D34="O"),IF(MOD(ROW()-22,$E$6)=0,C34+$C$6+(MOD(C34+$C$6,5)=4),C34),C34) -> 95 | E35: =IF(OR(F34="",F34="O"),IF(MOD(ROW()-22,$E$5)=0,E34+$C$5+(MOD(E34+$C$5,5)=4),E34),E34) -> 100 | G35: =IF(OR(H34="",H34="O"),IF(MOD(ROW()-22,$E$7)=0,G34+$C$7+(MOD(G34+$C$7,5)=4),G34),G34) -> 51 | I35: =IF(OR(J34="",J34="O"),IF(MOD(ROW()-22,$E$8)=0,I34+$C$8+(MOD(I34+$C$8,5)=4),I34),I34) -> 36 | N35: =IF(OR(O34="",O34="O"),IF(MOD(ROW()-29,$E$9)=0,N34+$C$9+(MOD(N34+$C$9,5)=4),N34),N34) -> 67 | P35: =IF(OR(Q34="",Q34="O"),IF(MOD(ROW()-29,$E$10)=0,P34+$C$10+(MOD(P34+$C$10,5)=4),P34),P34) -> 50 | R35: =IF(OR(S34="",S34="O"),IF(MOD(ROW()-29,$E$11)=0,R34+$C$11+(MOD(R34+$C$11,5)=4),R34),R34) -> 175 | T35: =IF(OR(U34="",U34="O"),IF(MOD(ROW()-29,$E$12)=0,T34+$C$12+(MOD(T34+$C$12,5)=4),T34),T34) -> 147 | V35: =IF(OR(W34="",W34="O"),IF(MOD(ROW()-29,$E$13)=0,V34+$C$13+(MOD(V34+$C$13,5)=4),V34),V34) -> 53 | X35: =IF(OR(Y34="",Y34="O"),IF(MOD(ROW()-29,$E$14)=0,X34+$C$14+(MOD(X34+$C$14,5)=4),X34),X34) -> 28 | Z35: =IF(OR(AA34="",AA34="O"),IF(MOD(ROW()-29,$E$15)=0,Z34+$C$15+(MOD(Z34+$C$15,5)=4),Z34),Z34) -> 27 | AB35: =IF(OR(AC34="",AC34="O"),IF(MOD(ROW()-29,$E$16)=0,AB34+$C$16+(MOD(AB34+$C$16,5)=4),AB34),AB34) -> 53 | AD35: =IF(OR(AE34="",AE34="O"),IF(MOD(ROW()-29,$E$17)=0,AD34+$C$17+(MOD(AD34+$C$17,5)=4),AD34),AD34) -> 3 | AF35: =IF(OR(AG34="",AG34="O"),IF(MOD(ROW()-29,$E$18)=0,AF34+$C$18+(MOD(AF34+$C$18,5)=4),AF34),AF34) -> 17 | AH35: =IF(OR(AI34="",AI34="O"),IF(MOD(ROW()-29,$E$19)=0,AH34+$C$19+(MOD(AH34+$C$19,5)=4),AH34),AH34) -> 17 | AJ35: =IF(OR(AK34="",AK34="O"),IF(MOD(ROW()-29,$E$20)=0,AJ34+$C$20+(MOD(AJ34+$C$20,5)=4),AJ34),AJ34) -> 47
A36: 20주차 | B36: 46361 | C36: =IF(OR(D35="",D35="O"),IF(MOD(ROW()-22,$E$6)=0,C35+$C$6+(MOD(C35+$C$6,5)=4),C35),C35) -> 97 | E36: =IF(OR(F35="",F35="O"),IF(MOD(ROW()-22,$E$5)=0,E35+$C$5+(MOD(E35+$C$5,5)=4),E35),E35) -> 102 | G36: =IF(OR(H35="",H35="O"),IF(MOD(ROW()-22,$E$7)=0,G35+$C$7+(MOD(G35+$C$7,5)=4),G35),G35) -> 52 | I36: =IF(OR(J35="",J35="O"),IF(MOD(ROW()-22,$E$8)=0,I35+$C$8+(MOD(I35+$C$8,5)=4),I35),I35) -> 37 | N36: =IF(OR(O35="",O35="O"),IF(MOD(ROW()-29,$E$9)=0,N35+$C$9+(MOD(N35+$C$9,5)=4),N35),N35) -> 68 | P36: =IF(OR(Q35="",Q35="O"),IF(MOD(ROW()-29,$E$10)=0,P35+$C$10+(MOD(P35+$C$10,5)=4),P35),P35) -> 51 | R36: =IF(OR(S35="",S35="O"),IF(MOD(ROW()-29,$E$11)=0,R35+$C$11+(MOD(R35+$C$11,5)=4),R35),R35) -> 177 | T36: =IF(OR(U35="",U35="O"),IF(MOD(ROW()-29,$E$12)=0,T35+$C$12+(MOD(T35+$C$12,5)=4),T35),T35) -> 147 | V36: =IF(OR(W35="",W35="O"),IF(MOD(ROW()-29,$E$13)=0,V35+$C$13+(MOD(V35+$C$13,5)=4),V35),V35) -> 53 | X36: =IF(OR(Y35="",Y35="O"),IF(MOD(ROW()-29,$E$14)=0,X35+$C$14+(MOD(X35+$C$14,5)=4),X35),X35) -> 28 | Z36: =IF(OR(AA35="",AA35="O"),IF(MOD(ROW()-29,$E$15)=0,Z35+$C$15+(MOD(Z35+$C$15,5)=4),Z35),Z35) -> 27 | AB36: =IF(OR(AC35="",AC35="O"),IF(MOD(ROW()-29,$E$16)=0,AB35+$C$16+(MOD(AB35+$C$16,5)=4),AB35),AB35) -> 53 | AD36: =IF(OR(AE35="",AE35="O"),IF(MOD(ROW()-29,$E$17)=0,AD35+$C$17+(MOD(AD35+$C$17,5)=4),AD35),AD35) -> 3 | AF36: =IF(OR(AG35="",AG35="O"),IF(MOD(ROW()-29,$E$18)=0,AF35+$C$18+(MOD(AF35+$C$18,5)=4),AF35),AF35) -> 17 | AH36: =IF(OR(AI35="",AI35="O"),IF(MOD(ROW()-29,$E$19)=0,AH35+$C$19+(MOD(AH35+$C$19,5)=4),AH35),AH35) -> 17 | AJ36: =IF(OR(AK35="",AK35="O"),IF(MOD(ROW()-29,$E$20)=0,AJ35+$C$20+(MOD(AJ35+$C$20,5)=4),AJ35),AJ35) -> 48
A37: 21주차 | B37: 46368 | C37: =IF(OR(D36="",D36="O"),IF(MOD(ROW()-22,$E$6)=0,C36+$C$6+(MOD(C36+$C$6,5)=4),C36),C36) -> 100 | E37: =IF(OR(F36="",F36="O"),IF(MOD(ROW()-22,$E$5)=0,E36+$C$5+(MOD(E36+$C$5,5)=4),E36),E36) -> 105 | G37: =IF(OR(H36="",H36="O"),IF(MOD(ROW()-22,$E$7)=0,G36+$C$7+(MOD(G36+$C$7,5)=4),G36),G36) -> 53 | I37: =IF(OR(J36="",J36="O"),IF(MOD(ROW()-22,$E$8)=0,I36+$C$8+(MOD(I36+$C$8,5)=4),I36),I36) -> 37 | N37: =IF(OR(O36="",O36="O"),IF(MOD(ROW()-29,$E$9)=0,N36+$C$9+(MOD(N36+$C$9,5)=4),N36),N36) -> 70 | P37: =IF(OR(Q36="",Q36="O"),IF(MOD(ROW()-29,$E$10)=0,P36+$C$10+(MOD(P36+$C$10,5)=4),P36),P36) -> 52 | R37: =IF(OR(S36="",S36="O"),IF(MOD(ROW()-29,$E$11)=0,R36+$C$11+(MOD(R36+$C$11,5)=4),R36),R36) -> 180 | T37: =IF(OR(U36="",U36="O"),IF(MOD(ROW()-29,$E$12)=0,T36+$C$12+(MOD(T36+$C$12,5)=4),T36),T36) -> 150 | V37: =IF(OR(W36="",W36="O"),IF(MOD(ROW()-29,$E$13)=0,V36+$C$13+(MOD(V36+$C$13,5)=4),V36),V36) -> 55 | X37: =IF(OR(Y36="",Y36="O"),IF(MOD(ROW()-29,$E$14)=0,X36+$C$14+(MOD(X36+$C$14,5)=4),X36),X36) -> 30 | Z37: =IF(OR(AA36="",AA36="O"),IF(MOD(ROW()-29,$E$15)=0,Z36+$C$15+(MOD(Z36+$C$15,5)=4),Z36),Z36) -> 27 | AB37: =IF(OR(AC36="",AC36="O"),IF(MOD(ROW()-29,$E$16)=0,AB36+$C$16+(MOD(AB36+$C$16,5)=4),AB36),AB36) -> 55 | AD37: =IF(OR(AE36="",AE36="O"),IF(MOD(ROW()-29,$E$17)=0,AD36+$C$17+(MOD(AD36+$C$17,5)=4),AD36),AD36) -> 5 | AF37: =IF(OR(AG36="",AG36="O"),IF(MOD(ROW()-29,$E$18)=0,AF36+$C$18+(MOD(AF36+$C$18,5)=4),AF36),AF36) -> 17 | AH37: =IF(OR(AI36="",AI36="O"),IF(MOD(ROW()-29,$E$19)=0,AH36+$C$19+(MOD(AH36+$C$19,5)=4),AH36),AH36) -> 17 | AJ37: =IF(OR(AK36="",AK36="O"),IF(MOD(ROW()-29,$E$20)=0,AJ36+$C$20+(MOD(AJ36+$C$20,5)=4),AJ36),AJ36) -> 50
A38: 22주차 | B38: 46375 | C38: =IF(OR(D37="",D37="O"),IF(MOD(ROW()-22,$E$6)=0,C37+$C$6+(MOD(C37+$C$6,5)=4),C37),C37) -> 102 | E38: =IF(OR(F37="",F37="O"),IF(MOD(ROW()-22,$E$5)=0,E37+$C$5+(MOD(E37+$C$5,5)=4),E37),E37) -> 107 | G38: =IF(OR(H37="",H37="O"),IF(MOD(ROW()-22,$E$7)=0,G37+$C$7+(MOD(G37+$C$7,5)=4),G37),G37) -> 55 | I38: =IF(OR(J37="",J37="O"),IF(MOD(ROW()-22,$E$8)=0,I37+$C$8+(MOD(I37+$C$8,5)=4),I37),I37) -> 38 | N38: =IF(OR(O37="",O37="O"),IF(MOD(ROW()-29,$E$9)=0,N37+$C$9+(MOD(N37+$C$9,5)=4),N37),N37) -> 71 | P38: =IF(OR(Q37="",Q37="O"),IF(MOD(ROW()-29,$E$10)=0,P37+$C$10+(MOD(P37+$C$10,5)=4),P37),P37) -> 53 | R38: =IF(OR(S37="",S37="O"),IF(MOD(ROW()-29,$E$11)=0,R37+$C$11+(MOD(R37+$C$11,5)=4),R37),R37) -> 182 | T38: =IF(OR(U37="",U37="O"),IF(MOD(ROW()-29,$E$12)=0,T37+$C$12+(MOD(T37+$C$12,5)=4),T37),T37) -> 150 | V38: =IF(OR(W37="",W37="O"),IF(MOD(ROW()-29,$E$13)=0,V37+$C$13+(MOD(V37+$C$13,5)=4),V37),V37) -> 55 | X38: =IF(OR(Y37="",Y37="O"),IF(MOD(ROW()-29,$E$14)=0,X37+$C$14+(MOD(X37+$C$14,5)=4),X37),X37) -> 30 | Z38: =IF(OR(AA37="",AA37="O"),IF(MOD(ROW()-29,$E$15)=0,Z37+$C$15+(MOD(Z37+$C$15,5)=4),Z37),Z37) -> 28 | AB38: =IF(OR(AC37="",AC37="O"),IF(MOD(ROW()-29,$E$16)=0,AB37+$C$16+(MOD(AB37+$C$16,5)=4),AB37),AB37) -> 55 | AD38: =IF(OR(AE37="",AE37="O"),IF(MOD(ROW()-29,$E$17)=0,AD37+$C$17+(MOD(AD37+$C$17,5)=4),AD37),AD37) -> 5 | AF38: =IF(OR(AG37="",AG37="O"),IF(MOD(ROW()-29,$E$18)=0,AF37+$C$18+(MOD(AF37+$C$18,5)=4),AF37),AF37) -> 18 | AH38: =IF(OR(AI37="",AI37="O"),IF(MOD(ROW()-29,$E$19)=0,AH37+$C$19+(MOD(AH37+$C$19,5)=4),AH37),AH37) -> 18 | AJ38: =IF(OR(AK37="",AK37="O"),IF(MOD(ROW()-29,$E$20)=0,AJ37+$C$20+(MOD(AJ37+$C$20,5)=4),AJ37),AJ37) -> 51
A39: 23주차 | B39: 46382 | C39: =IF(OR(D38="",D38="O"),IF(MOD(ROW()-22,$E$6)=0,C38+$C$6+(MOD(C38+$C$6,5)=4),C38),C38) -> 105 | E39: =IF(OR(F38="",F38="O"),IF(MOD(ROW()-22,$E$5)=0,E38+$C$5+(MOD(E38+$C$5,5)=4),E38),E38) -> 110 | G39: =IF(OR(H38="",H38="O"),IF(MOD(ROW()-22,$E$7)=0,G38+$C$7+(MOD(G38+$C$7,5)=4),G38),G38) -> 56 | I39: =IF(OR(J38="",J38="O"),IF(MOD(ROW()-22,$E$8)=0,I38+$C$8+(MOD(I38+$C$8,5)=4),I38),I38) -> 38 | N39: =IF(OR(O38="",O38="O"),IF(MOD(ROW()-29,$E$9)=0,N38+$C$9+(MOD(N38+$C$9,5)=4),N38),N38) -> 72 | P39: =IF(OR(Q38="",Q38="O"),IF(MOD(ROW()-29,$E$10)=0,P38+$C$10+(MOD(P38+$C$10,5)=4),P38),P38) -> 55 | R39: =IF(OR(S38="",S38="O"),IF(MOD(ROW()-29,$E$11)=0,R38+$C$11+(MOD(R38+$C$11,5)=4),R38),R38) -> 185 | T39: =IF(OR(U38="",U38="O"),IF(MOD(ROW()-29,$E$12)=0,T38+$C$12+(MOD(T38+$C$12,5)=4),T38),T38) -> 152 | V39: =IF(OR(W38="",W38="O"),IF(MOD(ROW()-29,$E$13)=0,V38+$C$13+(MOD(V38+$C$13,5)=4),V38),V38) -> 56 | X39: =IF(OR(Y38="",Y38="O"),IF(MOD(ROW()-29,$E$14)=0,X38+$C$14+(MOD(X38+$C$14,5)=4),X38),X38) -> 31 | Z39: =IF(OR(AA38="",AA38="O"),IF(MOD(ROW()-29,$E$15)=0,Z38+$C$15+(MOD(Z38+$C$15,5)=4),Z38),Z38) -> 28 | AB39: =IF(OR(AC38="",AC38="O"),IF(MOD(ROW()-29,$E$16)=0,AB38+$C$16+(MOD(AB38+$C$16,5)=4),AB38),AB38) -> 56 | AD39: =IF(OR(AE38="",AE38="O"),IF(MOD(ROW()-29,$E$17)=0,AD38+$C$17+(MOD(AD38+$C$17,5)=4),AD38),AD38) -> 6 | AF39: =IF(OR(AG38="",AG38="O"),IF(MOD(ROW()-29,$E$18)=0,AF38+$C$18+(MOD(AF38+$C$18,5)=4),AF38),AF38) -> 18 | AH39: =IF(OR(AI38="",AI38="O"),IF(MOD(ROW()-29,$E$19)=0,AH38+$C$19+(MOD(AH38+$C$19,5)=4),AH38),AH38) -> 18 | AJ39: =IF(OR(AK38="",AK38="O"),IF(MOD(ROW()-29,$E$20)=0,AJ38+$C$20+(MOD(AJ38+$C$20,5)=4),AJ38),AJ38) -> 52
A40: 24주차 | B40: 46389 | C40: =IF(OR(D39="",D39="O"),IF(MOD(ROW()-22,$E$6)=0,C39+$C$6+(MOD(C39+$C$6,5)=4),C39),C39) -> 107 | E40: =IF(OR(F39="",F39="O"),IF(MOD(ROW()-22,$E$5)=0,E39+$C$5+(MOD(E39+$C$5,5)=4),E39),E39) -> 112 | G40: =IF(OR(H39="",H39="O"),IF(MOD(ROW()-22,$E$7)=0,G39+$C$7+(MOD(G39+$C$7,5)=4),G39),G39) -> 57 | I40: =IF(OR(J39="",J39="O"),IF(MOD(ROW()-22,$E$8)=0,I39+$C$8+(MOD(I39+$C$8,5)=4),I39),I39) -> 40 | N40: =IF(OR(O39="",O39="O"),IF(MOD(ROW()-29,$E$9)=0,N39+$C$9+(MOD(N39+$C$9,5)=4),N39),N39) -> 73 | P40: =IF(OR(Q39="",Q39="O"),IF(MOD(ROW()-29,$E$10)=0,P39+$C$10+(MOD(P39+$C$10,5)=4),P39),P39) -> 56 | R40: =IF(OR(S39="",S39="O"),IF(MOD(ROW()-29,$E$11)=0,R39+$C$11+(MOD(R39+$C$11,5)=4),R39),R39) -> 187 | T40: =IF(OR(U39="",U39="O"),IF(MOD(ROW()-29,$E$12)=0,T39+$C$12+(MOD(T39+$C$12,5)=4),T39),T39) -> 152 | V40: =IF(OR(W39="",W39="O"),IF(MOD(ROW()-29,$E$13)=0,V39+$C$13+(MOD(V39+$C$13,5)=4),V39),V39) -> 56 | X40: =IF(OR(Y39="",Y39="O"),IF(MOD(ROW()-29,$E$14)=0,X39+$C$14+(MOD(X39+$C$14,5)=4),X39),X39) -> 31 | Z40: =IF(OR(AA39="",AA39="O"),IF(MOD(ROW()-29,$E$15)=0,Z39+$C$15+(MOD(Z39+$C$15,5)=4),Z39),Z39) -> 28 | AB40: =IF(OR(AC39="",AC39="O"),IF(MOD(ROW()-29,$E$16)=0,AB39+$C$16+(MOD(AB39+$C$16,5)=4),AB39),AB39) -> 56 | AD40: =IF(OR(AE39="",AE39="O"),IF(MOD(ROW()-29,$E$17)=0,AD39+$C$17+(MOD(AD39+$C$17,5)=4),AD39),AD39) -> 6 | AF40: =IF(OR(AG39="",AG39="O"),IF(MOD(ROW()-29,$E$18)=0,AF39+$C$18+(MOD(AF39+$C$18,5)=4),AF39),AF39) -> 18 | AH40: =IF(OR(AI39="",AI39="O"),IF(MOD(ROW()-29,$E$19)=0,AH39+$C$19+(MOD(AH39+$C$19,5)=4),AH39),AH39) -> 18 | AJ40: =IF(OR(AK39="",AK39="O"),IF(MOD(ROW()-29,$E$20)=0,AJ39+$C$20+(MOD(AJ39+$C$20,5)=4),AJ39),AJ39) -> 53
A41: 25주차 | B41: 46396 | C41: =IF(OR(D40="",D40="O"),IF(MOD(ROW()-22,$E$6)=0,C40+$C$6+(MOD(C40+$C$6,5)=4),C40),C40) -> 110 | E41: =IF(OR(F40="",F40="O"),IF(MOD(ROW()-22,$E$5)=0,E40+$C$5+(MOD(E40+$C$5,5)=4),E40),E40) -> 115 | G41: =IF(OR(H40="",H40="O"),IF(MOD(ROW()-22,$E$7)=0,G40+$C$7+(MOD(G40+$C$7,5)=4),G40),G40) -> 58 | I41: =IF(OR(J40="",J40="O"),IF(MOD(ROW()-22,$E$8)=0,I40+$C$8+(MOD(I40+$C$8,5)=4),I40),I40) -> 40 | N41: =IF(OR(O40="",O40="O"),IF(MOD(ROW()-29,$E$9)=0,N40+$C$9+(MOD(N40+$C$9,5)=4),N40),N40) -> 75 | P41: =IF(OR(Q40="",Q40="O"),IF(MOD(ROW()-29,$E$10)=0,P40+$C$10+(MOD(P40+$C$10,5)=4),P40),P40) -> 57 | R41: =IF(OR(S40="",S40="O"),IF(MOD(ROW()-29,$E$11)=0,R40+$C$11+(MOD(R40+$C$11,5)=4),R40),R40) -> 190 | T41: =IF(OR(U40="",U40="O"),IF(MOD(ROW()-29,$E$12)=0,T40+$C$12+(MOD(T40+$C$12,5)=4),T40),T40) -> 155 | V41: =IF(OR(W40="",W40="O"),IF(MOD(ROW()-29,$E$13)=0,V40+$C$13+(MOD(V40+$C$13,5)=4),V40),V40) -> 57 | X41: =IF(OR(Y40="",Y40="O"),IF(MOD(ROW()-29,$E$14)=0,X40+$C$14+(MOD(X40+$C$14,5)=4),X40),X40) -> 32 | Z41: =IF(OR(AA40="",AA40="O"),IF(MOD(ROW()-29,$E$15)=0,Z40+$C$15+(MOD(Z40+$C$15,5)=4),Z40),Z40) -> 30 | AB41: =IF(OR(AC40="",AC40="O"),IF(MOD(ROW()-29,$E$16)=0,AB40+$C$16+(MOD(AB40+$C$16,5)=4),AB40),AB40) -> 57 | AD41: =IF(OR(AE40="",AE40="O"),IF(MOD(ROW()-29,$E$17)=0,AD40+$C$17+(MOD(AD40+$C$17,5)=4),AD40),AD40) -> 7 | AF41: =IF(OR(AG40="",AG40="O"),IF(MOD(ROW()-29,$E$18)=0,AF40+$C$18+(MOD(AF40+$C$18,5)=4),AF40),AF40) -> 20 | AH41: =IF(OR(AI40="",AI40="O"),IF(MOD(ROW()-29,$E$19)=0,AH40+$C$19+(MOD(AH40+$C$19,5)=4),AH40),AH40) -> 20 | AJ41: =IF(OR(AK40="",AK40="O"),IF(MOD(ROW()-29,$E$20)=0,AJ40+$C$20+(MOD(AJ40+$C$20,5)=4),AJ40),AJ40) -> 55
... A51: 35주차 | B51: 46466 | C51: =IF(OR(D50="",D50="O"),IF(MOD(ROW()-22,$E$6)=0,C50+$C$6+(MOD(C50+$C$6,5)=4),C50),C50) -> 135 | E51: =IF(OR(F50="",F50="O"),IF(MOD(ROW()-22,$E$5)=0,E50+$C$5+(MOD(E50+$C$5,5)=4),E50),E50) -> 140 | G51: =IF(OR(H50="",H50="O"),IF(MOD(ROW()-22,$E$7)=0,G50+$C$7+(MOD(G50+$C$7,5)=4),G50),G50) -> 71 | I51: =IF(OR(J50="",J50="O"),IF(MOD(ROW()-22,$E$8)=0,I50+$C$8+(MOD(I50+$C$8,5)=4),I50),I50) -> 46 | N51: =IF(OR(O50="",O50="O"),IF(MOD(ROW()-29,$E$9)=0,N50+$C$9+(MOD(N50+$C$9,5)=4),N50),N50) -> 87 | P51: =IF(OR(Q50="",Q50="O"),IF(MOD(ROW()-29,$E$10)=0,P50+$C$10+(MOD(P50+$C$10,5)=4),P50),P50) -> 70 | R51: =IF(OR(S50="",S50="O"),IF(MOD(ROW()-29,$E$11)=0,R50+$C$11+(MOD(R50+$C$11,5)=4),R50),R50) -> 215 | T51: =IF(OR(U50="",U50="O"),IF(MOD(ROW()-29,$E$12)=0,T50+$C$12+(MOD(T50+$C$12,5)=4),T50),T50) -> 167 | V51: =IF(OR(W50="",W50="O"),IF(MOD(ROW()-29,$E$13)=0,V50+$C$13+(MOD(V50+$C$13,5)=4),V50),V50) -> 63 | X51: =IF(OR(Y50="",Y50="O"),IF(MOD(ROW()-29,$E$14)=0,X50+$C$14+(MOD(X50+$C$14,5)=4),X50),X50) -> 38 | Z51: =IF(OR(AA50="",AA50="O"),IF(MOD(ROW()-29,$E$15)=0,Z50+$C$15+(MOD(Z50+$C$15,5)=4),Z50),Z50) -> 33 | AB51: =IF(OR(AC50="",AC50="O"),IF(MOD(ROW()-29,$E$16)=0,AB50+$C$16+(MOD(AB50+$C$16,5)=4),AB50),AB50) -> 63 | AD51: =IF(OR(AE50="",AE50="O"),IF(MOD(ROW()-29,$E$17)=0,AD50+$C$17+(MOD(AD50+$C$17,5)=4),AD50),AD50) -> 13 | AF51: =IF(OR(AG50="",AG50="O"),IF(MOD(ROW()-29,$E$18)=0,AF50+$C$18+(MOD(AF50+$C$18,5)=4),AF50),AF50) -> 23 | AH51: =IF(OR(AI50="",AI50="O"),IF(MOD(ROW()-29,$E$19)=0,AH50+$C$19+(MOD(AH50+$C$19,5)=4),AH50),AH50) -> 23 | AJ51: =IF(OR(AK50="",AK50="O"),IF(MOD(ROW()-29,$E$20)=0,AJ50+$C$20+(MOD(AJ50+$C$20,5)=4),AJ50),AJ50) -> 67
A53: · 공란 또는 O = 계획대로 증량. 그 밖의 입력(반복수 · X) = 그 중량을 다음 주에도 유지.
A54: · 6주차 중량은 '시작중량_설정' 시트 D열과 연동됨. 여기서 직접 수정하지 말 것.
A55: · 같은 종목에 X가 3주 연속이면 그 종목만 10%% 디로드 후 재상승.
A57: · 증량폭을 종목별로 나눈 이유: 절대값이 같아도 부담이 전혀 다르다.
A58: · 26kg 프레스에 1kg은 3.8% 증가지만, 105kg 데드에 2.5kg은 2.4%다. 프레스만 격주인 것이 그 때문이다 — 매주 올리면 주 1.25kg으로 지금의 2.5배가 된다.
A59: · 균일 증량을 쓰면 작은 종목만 비현실적으로 빨리 오르고 큰 종목은 제자리에 머문다.
A60: · 하체 주 2.5kg이 커 보이지만 복귀 구간 첫 두세 달은 정상 범위다. 근력을 새로 만드는 것이 아니라 되찾는 구간이기 때문.
A61: · 이 속도가 버거워지면(X가 반복되면) 위 증량 폭을 절반으로 내리거나 증량 주기를 2로 바꾼다.
A62: · 미달 시 반복수: X 대신 마지막 세트에서 실제로 나온 횟수를 적는다. 5회 목표에 4와 2는 전혀 다른 신호다.
A63: · 다음날 피로 0~5 (L열): 0 가뿐 · 3 뻐근하지만 훈련 가능 · 5 탈진. 다음 세션 아침에 적는다.
A64: · 관절 이상 (M열): 없으면 비워둔다. 있을 때만 부위와 0~10 (예: 무릎 3).
A65: · 기억으로 소급해 채우지 말 것 — 없는 데이터보다 지어낸 데이터가 나쁘다. 모르는 주는 비워둔다.
A66: · 이 두 칸이 3주 쌓이기 전에는 볼륨을 올릴 근거가 없다. 검산표의 하한 미달은 근거가 아니다.

Sheet 9월이후조정
A1: 9월 이후 — 현장 복귀 시 조정
A2: 이 프로그램은 재택 = 생활 부하 0 전제. 현장 복귀 시 그대로 쓰면 과부하 — 다만 목표는 유지가 아니라 완만한 성장이다.
A4: 부위 / 항목 | B4: 조정 | C4: 이유
A5: 등 | B5: 감축 | C5: 일이 하루 종일 채움 — 들고 · 당기고 · 버티는 동작 전부
A6: 하체 | B6: 감축 | C6: 서 있기 · 걷기로 이미 볼륨 누적
A7: 기립근 | B7: 대폭 감축 | C7: 데드 주 1회 유지가 상한. 현장 일이 허리를 이미 소모시킴
A8: 프레싱 (벤치 · 프레스) | B8: 유지 | C8: 현장 일이 채워주지 않는 유일한 영역
A9: 후면 삼각근 · 코어 | B9: 유지 | C9: 당기고 버티는 동작만으로는 안 채워짐
A10: 빈도 | B10: 주 6회 → 주 4회 | C10: 12시간 근무일과 그 다음날은 회피. 요일이 유동이라 토 · 일만 고정한다
A11: 메인 리프트 배치 | B11: 12시간 근무일 회피 | C11: 허리가 안 돌아온 상태에서 치는 것이 가장 위험
A12: 판단 기준 | B12: 다음 근무일 아침 허리 상태 | C12: 뻐근하면 그 주 무게가 과했던 것. 어떤 프로그램 표보다 정확
A15: · 같은 프로그램이라도 생활 부하에 따라 적정선이 움직인다.
A16: · 지금은 빠르게 쌓는 시기, 복귀 후는 느리게 쌓는 시기다. 멈추는 시기가 아니다.
A17: · 재택 기간에 근력 베이스를 만들어두면 복귀 후에는 좁은 자리(벤치 · 스쿼트)만 밀어도 3대가 올라간다.
A19: · 헬스보다 중요한 것: 일하는 중간의 움직임. 50분 앉으면 5분 일어나기, 하루 30분 걷기.
A20: · 헬스는 하루 1시간이고 앉아 있는 건 8시간 — 총량으로 보면 앉은 시간이 이긴다.
A22: → 실제 요일 배치와 종목표는 '복귀_주간계획' 이하 4개 탭에 작성됨.
A24: 9월 전 완충 구간 (v15 추가)
A25: · 재택 161세트 → 복귀 120세트 (75%). 유지 하한 밴드(54~80) 위에 두어 성장 여지를 남겼다.
A26: · 복귀 2~3주 전을 완충 구간으로 둘 것 — 주 4회 · 약 130세트로 한 단계 걸치고 내려간다.
A27: · 감축 순서: 팔 전용 → 전완 → 등 · 하체 보조 종목. 메인 리프트와 프레싱은 마지막까지 유지.
A28: · 완충 구간에서 중량은 내리지 않는다. 볼륨만 줄이고 강도를 유지해야 근력이 남는다.
A30: · 복귀_주간계획의 현재 수치: 161 → 120세트 · 주 296분. 주 4회 2분할 · 성장선 · 6~8주마다 디로드.

Sheet 분할_주간계획
A1: 주 6일 분할 — 주간 계획 (한 달 시험 · 2026-10-29 작성)
A2: 월~토 · 일요일 휴식 · 원본 Downloads\주6일_분할_프로그램.md + 월요일 트랩바 슈러그 3 · 불가리안(상체 숙여서) 3 · 레그 익스텐션 3→2 · 복귀판(v20)은 그대로 두고 한 달 뒤 돌아간다 · 금요일 시티드 레그 컬 4→3 · 월·금 웜업에 숏풋 + 왼 종아리 스트레칭 3분
A4: 요일 | B4: 구성 | C4: 세트 | D4: 운동 분 | E4: 웜업 분 | F4: 합계 분
A5: 월 | B5: 하체 A (사두 · 둔근 늘어난 위치 · 내전 · 외전) · 승모 상부 | C5: =분할_월_하체A!E28 -> 36 | D5: =분할_월_하체A!I28 -> 85 | E5: 15 | F5: =D5+E5 -> 100
A6: 화 | B6: 가슴 · 삼두 · 후면 | C6: =분할_화_가슴!E30 -> 32 | D6: =분할_화_가슴!I30 -> 69 | E6: 15 | F6: =D6+E6 -> 84
A7: 수 | B7: 등 · 이두 · 전완 | C7: =분할_수_등!E22 -> 37 | D7: =분할_수_등!I22 -> 69 | E7: 4 | F7: =D7+E7 -> 73
A8: 목 | B8: 어깨 · 삼두 | C8: =분할_목_어깨!E24 -> 31 | D8: =분할_목_어깨!I24 -> 63 | E8: 6 | F8: =D8+E8 -> 69
A9: 금 | B9: 하체 B (햄 · 둔근) | C9: =분할_금_하체B!E27 -> 30 | D9: =분할_금_하체B!I27 -> 76 | E9: 15 | F9: =D9+E9 -> 91
A10: 토 | B10: 가슴 + 등 (교대) · 이두 · 전완 | C10: =분할_토_가슴등!E23 -> 43 | D10: =분할_토_가슴등!I23 -> 77 | E10: 6 | F10: =D10+E10 -> 83
A11: 일 | B11: 휴식
A12: 합계 | C12: =SUM(C5:C10) -> 209 | D12: =SUM(D5:D10) -> 439 | E12: =SUM(E5:E10) -> 61 | F12: =SUM(F5:F10) -> 500
A14: 부위별 주간 직접 세트 (원본 md 표 + 트랩바 슈러그 3)
A15: 부위 | B15: 세트 | C15: 구성
A16: 광배 | B16: 17 | C16: 랫풀다운 2 · 원암 케이블 로우 3 · 암풀다운 3 · 풀업 3 · 언더그립 랫풀다운 3 · 하이로우 3
A17: 이두 · 상완 | B17: 15 | C17: EZ 프리쳐 3 · 리버스 EZ 컬 3 · 로우 케이블 컬 3 · 인클라인 덤벨 컬 3 · 해머 컬 3
A18: 측면삼각 | B18: 15 | C18: 레터럴 3(화) · 원암 케이블 레터럴 4 · 시티드 레터럴 4 · 레터럴 4(토)
A19: 사두 | B19: 14 | C19: 스쿼트 5 · 레그 프레스 4 · 레그 익스텐션 2(월) · 3(금) — 불가리안 간접 1.5 별도
A20: 햄스트링 | B20: 13 | C20: 라잉 레그 컬 4 · 루마니안 3 · 원 레그 라잉 컬 3 · 시티드 레그 컬 3
A21: 후면삼각 | B21: 14 | C21: 페이스풀 3 · 리버스 펙덱 4(목) · 4(토) · 원암 리버스 플라이 3
A22: 윗가슴 | B22: 12 | C22: 인클라인 덤벨 프레스 3 · 로우 투 하이 3 · 인클라인 바벨 3 · 인클라인 머신 3
A23: 내전 · 외전 | B23: 12 | C23: 이너 · 아우터 각 3(월) · 각 3(금)
A24: 삼두 | B24: 11 | C24: 오버헤드 익스텐션 2 · 로프 푸쉬다운 2 · 원암 오버헤드 익스텐션 3 · 라잉 4
A25: 가슴(윗가슴 외) | B25: 11 | C25: 벤치 4 · 머신 체스트 프레스 2 · 딥스 2 · 펙덱 플라이 3
A26: 전완 | B26: 10 | C26: 리스트 컬 5(수) · 5(토)
A27: 종아리 | B27: 10 | C27: 시티드 카프 5 · 스탠딩 카프 5
... A35: 목 | B35: 4 | C35: 넥 익스텐션 · 플렉션 2라운드
A36: 합계 | B36: =SUM(B16:B35) -> 209
A37: 검산 — 요일 시트 합계 | B37: =C12 -> 209
A39: [운영 메모 — 원본 md]
A40: · 증량표 13종목은 그대로. 2주 넘게 정체되는 종목만 더블 프로그레션으로 돌린다.
A41: · 덜어낼 신호: 증량표 무게가 2주 넘게 멈춤 · 어깨나 팔꿈치 통증 · 자고 나도 피로가 안 풀림.
A42: · 덜어낼 때 후보: 목 덤벨 숄더 프레스 · 화 머신 체스트 프레스 · 금 원 레그 라잉 컬 · 목 원암 리버스 플라이 · 프로트랙션 2종 · 인클라인 덤벨 로우 일부 · 외전 일부 · 토 리스트 컬.
A43: · '—' 중량 칸은 이 프로그램에서 처음 하는 종목이다. 첫 주에 정해서 적는다.
A44: · 복귀_캐리 · 복귀_스텝박스 · 복귀_집계단은 v20 그대로 가져왔다(요일 배치는 아직 정하지 않음).

Sheet 분할_월_하체A
A1: 월요일 — 하체 A (사두 · 내전 · 외전)
A2: =E28&"세트 · 운동 "&I28&"분 + 웜업 15분 = "&(I28+15)&"분" -> 36세트 · 운동 85분 + 웜업 15분 = 100분
A4: 메인: 스쿼트
A5: 중량(Kg) | B5: 반복 | C5: 세트
A6: =MAX(20,(MROUND(시작중량_설정!$E$7*0.4,1)+(MOD(MROUND(시작중량_설정!$E$7*0.4,1),5)=4))) -> 30 | B6: 5 | C6: 2
A7: =IF(MAX(20,(MROUND(시작중량_설정!$E$7*0.6,1)+(MOD(MROUND(시작중량_설정!$E$7*0.6,1),5)=4)))<=MAX(20,(MROUND(시작중량_설정!$E$7*0.4,1)+(MOD(MROUND(시작중량_설정!$E$7*0.4,1),5)=4))),"생략",MAX(20,(MROUND(시작중량_설정!$E$7*0.6,1)+(MOD(MROUND(시작중량_설정!$E$7*0.6,1),5)=4)))) -> 45 | B7: 5 | C7: 1
A8: =IF(MAX(20,(MROUND(시작중량_설정!$E$7*0.75,1)+(MOD(MROUND(시작중량_설정!$E$7*0.75,1),5)=4)))<=MAX(20,(MROUND(시작중량_설정!$E$7*0.6,1)+(MOD(MROUND(시작중량_설정!$E$7*0.6,1),5)=4))),"생략",MAX(20,(MROUND(시작중량_설정!$E$7*0.75,1)+(MOD(MROUND(시작중량_설정!$E$7*0.75,1),5)=4)))) -> 56 | B8: 3 | C8: 1
A9: =IF(MAX(20,(MROUND(시작중량_설정!$E$7*0.9,1)+(MOD(MROUND(시작중량_설정!$E$7*0.9,1),5)=4)))<=MAX(20,(MROUND(시작중량_설정!$E$7*0.75,1)+(MOD(MROUND(시작중량_설정!$E$7*0.75,1),5)=4))),"생략",MAX(20,(MROUND(시작중량_설정!$E$7*0.9,1)+(MOD(MROUND(시작중량_설정!$E$7*0.9,1),5)=4)))) -> 68 | B9: 2 | C9: 1
A10: =시작중량_설정!$E$7 -> 75 | B10: 5 | C10: 5
A12: 웜업 (세트 카운트 제외)
A13: · [2026-10-29 사용자 결정] 맨 앞, 신발 신기 전 맨발로 — 숏풋 5초 × 10(왼발 위주 · 발가락 펴고 엄지 뿌리를 뒤꿈치 쪽으로 당겨 아치만 세움) + 무릎 굽힌 종아리 스트레칭(가자미근) 왼쪽 2×45초 — 약 3분. 왼 아치 낮음 · 아치 세운 무릎 벽 테스트에서 왼쪽 1cm 못 닿음. 한 달 뒤 같은 조건 재측정(왼쪽이 닿거나 차이가 줄면 유지) + 오래 걸을 때 왼발 피로로 판정.
A14: · 스쿼트 램프 · 몸풀기 5세트(위 표) — 약 12분(합계 웜업 15분).
A15: 운동 구성
A16: # | B16: 종목 | C16: 근육군 | D16: 중량(Kg) | E16: 세트 | F16: 횟수 | G16: 수행(초) | H16: 휴식(초) | I16: 종목 분 | J16: 메모 | K16: 대체 종목 | L16: 세트별 휴식(초) | M16: 슈퍼세트 | N16: 드롭(초)
A17: 1 | B17: 스쿼트 | C17: 대퇴사두 | D17: =시작중량_설정!$E$7 -> 75 | E17: 5 | F17: 5 | G17: 30 | H17: 180 | I17: =IF(E17=0,0,ROUND((E17*(G17+H17)+N17)/60,1)) -> 17.5 | J17: 증량표(시작중량_설정 E7). 일요일 휴식 다음날이라 주에서 가장 신선한 자리. | K17: 레그 프레스 (허리 부담 시 1순위) / 스미스 스쿼트 / 핵 스쿼트 | L17: 150/165/180/195/210
A18: 2 | B18: 레그 프레스 | C18: 대퇴사두 | D18: =시작중량_설정!$E$13 -> 160 | E18: 4 | F18: 10 | G18: 45 | H18: 150 | I18: =IF(E18=0,0,ROUND((E18*(G18+H18)+N18)/60,1)) -> 13 | J18: 발 낮게(사두). 증량표 E13 — 10회 × 4세트 고정. | K18: 핵 스쿼트 / 45도 레그 프레스 / 스미스 스쿼트
A19: 3 | B19: 불가리안 스플릿 스쿼트 (상체 숙여서) | C19: 둔근 | D19: — | E19: 3 | F19: 8~10 (좌우) | G19: 60 | H19: 120 | I19: =IF(E19=0,0,ROUND((E19*(G19+H19)+N19)/60,1)) -> 9 | J19: [2026-10-29 사용자 결정] 둔근을 늘어난 위치에서 — 힙 쓰러스트(짧은 위치)와 짝. 상체 30~45도 숙이고 앞발은 조금 멀리, 무릎보다 엉덩이를 뒤로 보내며 내려가 앞발 뒤꿈치로 민다. 사두 간접 0.5 · 대내전근도 늘어난 위치에서 쓴다. 엉덩이 뒤 팝 이력 — 첫 2주는 맨몸이나 가볍게, 아래에서 당기면 깊이를 줄인다. | K19: 덤벨 리버스 런지 (상체 숙여서) / 스미스 불가리안
A20: 4 | B20: 레그 익스텐션 | C20: 대퇴사두 | D20: 47 | E20: 2 | F20: 12~15 | G20: 40 | H20: 10 | I20: =IF(E20=0,0,ROUND((E20*(G20+H20)+N20)/60,1)) -> 1.7 | J20: 익스텐션 2 · 이너 3 · 아우터 3 자이언트 세트 · 라운드 후 120초 — 마지막 라운드는 이너 → 아우터만. [2026-10-29] 3 → 2: 불가리안이 사두 간접 1.5를 채운다. 대퇴직근(고관절이 굽은 종목에선 안 늘어남)을 맡는 자리라 0으로는 안 뺐다. 월요일이 버거우면 가장 먼저 뺄 2세트. | M20: A
A21: 5 | B21: 이너 타이 | C21: 내전근 | D21: 41 | E21: 3 | F21: 12~15 | G21: 40 | H21: 10 | I21: =IF(E21=0,0,ROUND((E21*(G21+H21)+N21)/60,1)) -> 2.5 | J21: 자이언트 세트 둘째 — 같은 머신에서 핀만 옮긴다. | K21: 와이드 스탠스 레그 프레스 / 케이블 어덕션 | M21: A
A22: 6 | B22: 아우터 타이 (힙 외전) | C22: 중둔근 | D22: 59 | E22: 3 | F22: 12~15 | G22: 40 | H22: 120 | I22: =IF(E22=0,0,ROUND((E22*(G22+H22)+N22)/60,1)) -> 8 | J22: 자이언트 세트 셋째 · 끝나고 120초. | K22: 힙 어브덕션 머신 / 케이블 힙 외전 | M22: A
A23: 7 | B23: 레그 컬 | C23: 햄스트링 | D23: 50 | E23: 4 | F23: 10~12 | G23: 40 | H23: 120 | I23: =IF(E23=0,0,ROUND((E23*(G23+H23)+N23)/60,1)) -> 11.9 | J23: 라잉 · 마지막 세트 드롭. [셋업 2026-10-27] 골반 앞(엉덩이뼈 ~ 허벅지 윗부분) 아래에 접은 패드를 끼운다. | K23: 시티드 레그 컬 (옆 센터) / 노르딕 햄 컬 | N23: 75
A24: 8 | B24: 시티드 카프 레이즈 | C24: 종아리 | D24: 16 | E24: 5 | F24: 12~15 | G24: 40 | H24: 75 | I24: =IF(E24=0,0,ROUND((E24*(G24+H24)+N24)/60,1)) -> 9.6 | J24: 앉아서 — 가자미근. 금요일 스탠딩과 각도를 나눈다. | K24: 레그 프레스 카프 레이즈
A25: 9 | B25: 넥 익스텐션 (플레이트) | C25: 목 | D25: 2.5 | E25: 2 | F25: 12~15 | G25: 40 | H25: 10 | I25: =IF(E25=0,0,ROUND((E25*(G25+H25)+N25)/60,1)) -> 1.7 | J25: 넥 익스텐션 ↔ 플렉션 2라운드 · 지금 무게 그대로. | M25: B
A26: 10 | B26: 넥 플렉션 (플레이트) | C26: 목 | D26: 2.5 | E26: 2 | F26: 12~15 | G26: 40 | H26: 60 | I26: =IF(E26=0,0,ROUND((E26*(G26+H26)+N26)/60,1)) -> 3.3 | J26: 라운드 후 60초. | M26: B
A27: 11 | B27: 트랩바 슈러그 | C27: 승모(상부) | D27: 20 | E27: 3 | F27: 10~12 | G27: 40 | H27: 90 | I27: =IF(E27=0,0,ROUND((E27*(G27+H27)+N27)/60,1)) -> 6.5 | J27: [2026-10-29 사용자 결정] 승모 상부 직접 — 목요일 오버헤드 슈러그와 주 2회(3일 간격). 넥 뒤 맨 끝: 넥 익스텐션에도 승모 상부가 쓰여 먼저 지치면 넥 무게가 흔들린다. 그립 쓰는 종목이 없는 날이라 손이 멀쩡하다. | K27: 덤벨 슈러그 / 바벨 슈러그 / 머신 슈러그
D28: 세트 합계 | E28: =SUM(E17:E27) -> 36 | I28: =ROUND(SUM(I17:I27),0) -> 85
A30: · 원본: Downloads\주6일_분할_프로그램.md (2026-10-29) — 이 날은 원본 그대로 + 트랩바 슈러그 3.

Sheet 분할_화_가슴
A1: 화요일 — 가슴 · 삼두 · 후면
A2: =E30&"세트 · 운동 "&I30&"분 + 웜업 15분 = "&(I30+15)&"분" -> 32세트 · 운동 69분 + 웜업 15분 = 84분
A4: 메인: 벤치프레스
A5: 중량(Kg) | B5: 반복 | C5: 세트
A6: =MAX(20,(MROUND(시작중량_설정!$E$9*0.4,1)+(MOD(MROUND(시작중량_설정!$E$9*0.4,1),5)=4))) -> 20 | B6: 5 | C6: 2
A7: =IF(MAX(20,(MROUND(시작중량_설정!$E$9*0.6,1)+(MOD(MROUND(시작중량_설정!$E$9*0.6,1),5)=4)))<=MAX(20,(MROUND(시작중량_설정!$E$9*0.4,1)+(MOD(MROUND(시작중량_설정!$E$9*0.4,1),5)=4))),"생략",MAX(20,(MROUND(시작중량_설정!$E$9*0.6,1)+(MOD(MROUND(시작중량_설정!$E$9*0.6,1),5)=4)))) -> 25 | B7: 5 | C7: 1
A8: =IF(MAX(20,(MROUND(시작중량_설정!$E$9*0.75,1)+(MOD(MROUND(시작중량_설정!$E$9*0.75,1),5)=4)))<=MAX(20,(MROUND(시작중량_설정!$E$9*0.6,1)+(MOD(MROUND(시작중량_설정!$E$9*0.6,1),5)=4))),"생략",MAX(20,(MROUND(시작중량_설정!$E$9*0.75,1)+(MOD(MROUND(시작중량_설정!$E$9*0.75,1),5)=4)))) -> 31 | B8: 3 | C8: 1
A9: =IF(MAX(20,(MROUND(시작중량_설정!$E$9*0.9,1)+(MOD(MROUND(시작중량_설정!$E$9*0.9,1),5)=4)))<=MAX(20,(MROUND(시작중량_설정!$E$9*0.75,1)+(MOD(MROUND(시작중량_설정!$E$9*0.75,1),5)=4))),"생략",MAX(20,(MROUND(시작중량_설정!$E$9*0.9,1)+(MOD(MROUND(시작중량_설정!$E$9*0.9,1),5)=4)))) -> 37 | B9: 2 | C9: 1
A10: =시작중량_설정!$E$9 -> 41 | B10: 8 | C10: 4
A12: 웜업 (세트 카운트 제외)
A13: · 케이블 외회전 2×15 — 팔꿈치 90도로 옆구리에 붙이고 바깥으로만, 매우 가볍게(약 3분).
A14: · 벤치 램프 · 몸풀기 5세트(위 표) — 약 12분.
A16: 운동 구성
A17: # | B17: 종목 | C17: 근육군 | D17: 중량(Kg) | E17: 세트 | F17: 횟수 | G17: 수행(초) | H17: 휴식(초) | I17: 종목 분 | J17: 메모 | K17: 대체 종목 | L17: 세트별 휴식(초) | M17: 슈퍼세트 | N17: 드롭(초)
A18: 1 | B18: 벤치프레스 | C18: 흉근(중하부) | D18: =시작중량_설정!$E$9 -> 41 | E18: 4 | F18: 8 | G18: 50 | H18: 180 | I18: =IF(E18=0,0,ROUND((E18*(G18+H18)+N18)/60,1)) -> 15.3 | J18: 증량표 E9 · 4×8. | K18: 덤벨 벤치프레스 / 머신 체스트 프레스 | L18: 150/170/190/210
A19: 2 | B19: 인클라인 덤벨 프레스 (뉴트럴 그립) | C19: 흉근(상부) | D19: — | E19: 3 | F19: 8~10 | G19: 50 | H19: 150 | I19: =IF(E19=0,0,ROUND((E19*(G19+H19)+N19)/60,1)) -> 10 | J19: 벤치 15~30도 — 45도 넘게 세우면 전면삼각 비중이 커진다. 폰 각도계로 한 번 확인. 3~4초 내리기 · 1초 정지. | K19: 인클라인 벤치프레스 머신 / 인클라인 스미스
A20: 3 | B20: 머신 체스트 프레스 | C20: 흉근(중하부) | D20: — | E20: 2 | F20: 10 | G20: 40 | H20: 120 | I20: =IF(E20=0,0,ROUND((E20*(G20+H20)+N20)/60,1)) -> 5.3 | K20: 덤벨 벤치프레스
A21: 4 | B21: 로우 투 하이 케이블 플라이 | C21: 흉근(상부) | D21: — | E21: 3 | F21: 12~15 | G21: 40 | H21: 105 | I21: =IF(E21=0,0,ROUND((E21*(G21+H21)+N21)/60,1)) -> 8.3 | J21: [2026-10-29 교체 · 디클라인 케이블 플라이에서] 윗가슴. 손이 쇄골~턱 높이에서 모이게. 마지막 세트 드롭. | K21: 인클라인 플라이 머신 / 인클라인 덤벨 플라이 | N21: 60
A22: 5 | B22: 딥스 | C22: 흉근(중하부) | D22: 55 | E22: 2 | F22: 10~15 | G22: 40 | H22: 10 | I22: =IF(E22=0,0,ROUND((E22*(G22+H22)+N22)/60,1)) -> 1.7 | J22: 딥스 → 오버헤드 익스텐션 → 로프 푸쉬다운 2라운드 · 라운드 후 90초. | K22: 머신 딥스 / 디클라인 프레스 | M22: A
A23: 6 | B23: 케이블 오버헤드 익스텐션 (로프) | C23: 삼두 | D23: 20 | E23: 2 | F23: 10~15 | G23: 40 | H23: 10 | I23: =IF(E23=0,0,ROUND((E23*(G23+H23)+N23)/60,1)) -> 1.7 | J23: 자이언트 세트 둘째. | M23: A
A24: 7 | B24: 로프 푸쉬다운 | C24: 삼두 | D24: 25 | E24: 2 | F24: 10~15 | G24: 40 | H24: 90 | I24: =IF(E24=0,0,ROUND((E24*(G24+H24)+N24)/60,1)) -> 4.3 | J24: 자이언트 세트 셋째 · 끝나고 90초. | M24: A
A25: 8 | B25: 체스트 프레스 머신 프로트랙션 | C25: 전거근 | D25: — | E25: 2 | F25: 10~12 | G25: 40 | H25: 60 | I25: =IF(E25=0,0,ROUND((E25*(G25+H25)+N25)/60,1)) -> 3.3 | K25: 인클라인 덤벨 프로트랙션
A26: 9 | B26: 원암 오버헤드 케이블 익스텐션 | C26: 삼두 | D26: — | E26: 3 | F26: 12~15 (좌우) | G26: 60 | H26: 10 | I26: =IF(E26=0,0,ROUND((E26*(G26+H26)+N26)/60,1)) -> 3.5 | J26: [2026-10-29 교체 · 원암 케이블 익스텐션에서] 팔꿈치를 귀 옆에 고정하고, 아래에서 끝까지 늘린다. 페이스풀과 3라운드 · 라운드 후 60초. | M26: B
A27: 10 | B27: 페이스풀 (로프) | C27: 삼각근(후면) | D27: 25 | E27: 3 | F27: 12~15 | G27: 45 | H27: 60 | I27: =IF(E27=0,0,ROUND((E27*(G27+H27)+N27)/60,1)) -> 5.3 | J27: 슈퍼세트 둘째 · 끝나고 60초. | M27: B
A28: 11 | B28: 레터럴 레이즈 | C28: 삼각근(측면) | D28: 8 | E28: 3 | F28: 12~15 | G28: 40 | H28: 60 | I28: =IF(E28=0,0,ROUND((E28*(G28+H28)+N28)/60,1)) -> 5 | K28: 케이블 레터럴 레이즈 / 머신 레터럴
A29: 12 | B29: 중량 크런치 | C29: 복부 | D29: 20 | E29: 3 | F29: 12 | G29: 40 | H29: 60 | I29: =IF(E29=0,0,ROUND((E29*(G29+H29)+N29)/60,1)) -> 5
D30: 세트 합계 | E30: =SUM(E18:E29) -> 32 | I30: =ROUND(SUM(I18:I29),0) -> 69
A32: · 원본 대비 바뀐 두 종목: 디클라인 케이블 플라이 → 로우 투 하이 케이블 플라이 · 원암 케이블 익스텐션 → 원암 오버헤드 케이블 익스텐션.

Sheet 분할_수_등
A1: 수요일 — 등 · 이두 · 전완
A2: =E22&"세트 · 운동 "&I22&"분 + 웜업 4분 = "&(I22+4)&"분" -> 37세트 · 운동 69분 + 웜업 4분 = 73분
A4: 웜업 (세트 카운트 제외)
A5: · 랫풀다운 가볍게 램프 2~3세트 — 약 4분.
A6: · 등은 상부(해머 로우 · 인클라인 덤벨 로우)와 광배 하부(원암 케이블 로우 · 암풀다운)로 나눠 겨냥한다.
A8: 운동 구성
A9: # | B9: 종목 | C9: 근육군 | D9: 중량(Kg) | E9: 세트 | F9: 횟수 | G9: 수행(초) | H9: 휴식(초) | I9: 종목 분 | J9: 메모 | K9: 대체 종목 | L9: 세트별 휴식(초) | M9: 슈퍼세트 | N9: 드롭(초)
A10: 1 | B10: 랫풀다운 (뉴트럴 그립) | C10: 광배 | D10: — | E10: 2 | F10: 10~12 | G10: 40 | H10: 120 | I10: =IF(E10=0,0,ROUND((E10*(G10+H10)+N10)/60,1)) -> 5.3 | J10: [미정 제안] 원암 케이블 풀다운으로 바꾸는 안 — 위에서 더 깊게 늘리고 아래 끝까지 당긴다. | K10: 원암 케이블 풀다운
A11: 2 | B11: 해머 스트랭스 로우(오버그립) | C11: 승모(중부)·능형근 | D11: =시작중량_설정!$E$11 -> 60 | E11: 4 | F11: 8 | G11: 40 | H11: 150 | I11: =IF(E11=0,0,ROUND((E11*(G11+H11)+N11)/60,1)) -> 12.7 | J11: 증량표 E11 · 4×8. 등 상부 — 넓은 오버그립, 팔꿈치를 옆으로 70~90도 벌려 가슴 쪽으로. | K11: 시티드 케이블 로우 (와이드 바) | L11: 135/145/155/165
A12: 3 | B12: 인클라인 덤벨 로우(오버그립) | C12: 승모(중부)·능형근 | D12: 18 | E12: 5 | F12: 10 | G12: 40 | H12: 60 | I12: =IF(E12=0,0,ROUND((E12*(G12+H12)+N12)/60,1)) -> 8.3 | J12: 등 상부 — 넓은 오버그립, 팔꿈치 70~90도. 덤벨은 그립 넓이보다 팔꿈치 각도를 유지하는 게 핵심. | K12: 체스트 서포티드 로우 머신
A13: 4 | B13: 원암 케이블 로우 | C13: 광배 | D13: 32 | E13: 3 | F13: 10~12 (좌우) | G13: 60 | H13: 120 | I13: =IF(E13=0,0,ROUND((E13*(G13+H13)+N13)/60,1)) -> 9 | J13: [2026-10-29] 낮은 도르래 앞에 벤치를 두고 한쪽 무릎과 손을 짚고 숙인다(몸통이 기울어 도르래를 높인 것과 같은 각도). 몸통은 바닥을 향해 반듯하게 — 어깨선은 벤치와 평행으로 고정하고 날개뼈만 움직인다. 늘어날 때 어깨가 앞·아래로 딸려 나가게 두고(몸통은 10° 안쪽까지만), 당길 때 날개뼈를 뒤·아래로 내리며 팔꿈치를 골반 쪽으로. 손을 가슴 쪽으로 당기면 등 상부로 빠진다. 끝에서 상체를 비틀지 않는다. 시선은 벤치 앞 바닥. | K13: 원암 시티드 케이블 로우 (팔꿈치를 몸통에 붙여 골반 쪽으로)
A14: 5 | B14: 암풀다운 | C14: 광배 | D14: 20 | E14: 3 | F14: 12~15 | G14: 40 | H14: 75 | I14: =IF(E14=0,0,ROUND((E14*(G14+H14)+N14)/60,1)) -> 5.8 | J14: 광배 하부 — 팔을 골반 쪽으로. | K14: 로프 암풀다운
A15: 6 | B15: EZ 프리쳐 컬 | C15: 이두 | D15: 30 | E15: 3 | F15: 8~10 | G15: 40 | H15: 10 | I15: =IF(E15=0,0,ROUND((E15*(G15+H15)+N15)/60,1)) -> 2.5 | J15: 프리쳐 → 리버스 EZ 컬 → 로우 케이블 컬 3라운드 · 라운드 후 90초. | K15: 머신 프리쳐 컬 | M15: A
A16: 7 | B16: 리버스컬 | C16: 이두 | D16: =시작중량_설정!$E$21 -> 15 | E16: 3 | F16: 12 | G16: 40 | H16: 10 | I16: =IF(E16=0,0,ROUND((E16*(G16+H16)+N16)/60,1)) -> 2.5 | J16: 증량표 E21 · EZ바(봉 포함). 자이언트 세트 둘째. | K16: 케이블 리버스 컬 | M16: A
A17: 8 | B17: 로우 케이블 컬 | C17: 이두 | D17: — | E17: 3 | F17: 12~15 | G17: 40 | H17: 90 | I17: =IF(E17=0,0,ROUND((E17*(G17+H17)+N17)/60,1)) -> 6.5 | J17: 자이언트 세트 셋째 · 끝나고 90초. | M17: A
A18: 9 | B18: 시티드 리스트 컬(손등 아래) | C18: 전완 | D18: 20 | E18: 2 | F18: 15~20 | G18: 40 | H18: 10 | I18: =IF(E18=0,0,ROUND((E18*(G18+H18)+N18)/60,1)) -> 1.7 | J18: 손등 아래 2 ↔ 손등 위 3. | M18: B
A19: 10 | B19: 시티드 리스트 컬(손등 위) | C19: 전완 | D19: 15 | E19: 3 | F19: 15~20 | G19: 40 | H19: 60 | I19: =IF(E19=0,0,ROUND((E19*(G19+H19)+N19)/60,1)) -> 5 | J19: 라운드 후 60초. | M19: B
A20: 11 | B20: 라잉 레그 레이즈 | C20: 복부 | D20: 맨몸 | E20: 3 | F20: 12~15 | G20: 40 | H20: 60 | I20: =IF(E20=0,0,ROUND((E20*(G20+H20)+N20)/60,1)) -> 5
A21: 12 | B21: 백 익스텐션 (45도) | C21: 기립근 | D21: 20 | E21: 3 | F21: 12~15 | G21: 40 | H21: 60 | I21: =IF(E21=0,0,ROUND((E21*(G21+H21)+N21)/60,1)) -> 5 | J21: 옆 센터로 이동(약 3분) 후 — 하이퍼 익스텐션.
D22: 세트 합계 | E22: =SUM(E10:E21) -> 37 | I22: =ROUND(SUM(I10:I21),0) -> 69
A24: · 한 달 뒤 등 그립 회전표는 원본 md의 '한 달 뒤 — 등 그립 회전표'에 있다(이 워크북에는 아직 넣지 않았다).
A25: · [미정 제안] 순서 해머 로우 → 원암 케이블 로우 → 암풀다운 → 인클라인 덤벨 로우(광배를 덜 지친 상태에서).

Sheet 분할_목_어깨
A1: 목요일 — 어깨 · 삼두
A2: =E24&"세트 · 운동 "&I24&"분 + 웜업 6분 = "&(I24+6)&"분" -> 31세트 · 운동 63분 + 웜업 6분 = 69분
A4: 메인: 시티드 바벨 밀리터리 프레스
A5: 중량(Kg) | B5: 반복 | C5: 세트
A6: 20 | B6: 5 | C6: 2
A7: =시작중량_설정!$E$10 -> 31 | B7: 8 | C7: 3
A9: 웜업 (세트 카운트 제외)
A10: · 케이블 외회전 2×15 — 매우 가볍게(약 3분).
A11: · 밀리터리 램프 20kg × 5 × 2 — 원암 레터럴 뒤, 밀리터리 직전에(약 3분).
A13: 운동 구성
A14: # | B14: 종목 | C14: 근육군 | D14: 중량(Kg) | E14: 세트 | F14: 횟수 | G14: 수행(초) | H14: 휴식(초) | I14: 종목 분 | J14: 메모 | K14: 대체 종목 | L14: 세트별 휴식(초) | M14: 슈퍼세트 | N14: 드롭(초)
A15: 1 | B15: 원암 케이블 레터럴 레이즈 | C15: 삼각근(측면) | D15: 5 | E15: 4 | F15: 12~15 (좌우) | G15: 60 | H15: 60 | I15: =IF(E15=0,0,ROUND((E15*(G15+H15)+N15)/60,1)) -> 8 | J15: 위에서 1초 정지 · 좌우. | K15: 케이블 레터럴 레이즈
A16: 2 | B16: 시티드 바벨 밀리터리 프레스 | C16: 삼각근(전면) | D16: =시작중량_설정!$E$10 -> 31 | E16: 3 | F16: 8 | G16: 50 | H16: 180 | I16: =IF(E16=0,0,ROUND((E16*(G16+H16)+N16)/60,1)) -> 11.5 | J16: 증량표 E10 · 3×8. | K16: 스미스 오버헤드 프레스 / 덤벨 숄더 프레스 | L16: 165/180/195
A17: 3 | B17: 리버스 펙덱 | C17: 삼각근(후면) | D17: 35 | E17: 4 | F17: 12~15 | G17: 40 | H17: 10 | I17: =IF(E17=0,0,ROUND((E17*(G17+H17)+N17)/60,1)) -> 3.3 | J17: 리버스 펙덱 ↔ 시티드 덤벨 레터럴 4라운드 · 라운드 후 75초. | K17: 케이블 리버스 플라이 | M17: A
A18: 4 | B18: 시티드 레터럴 레이즈 | C18: 삼각근(측면) | D18: 8 | E18: 4 | F18: 12~15 | G18: 40 | H18: 75 | I18: =IF(E18=0,0,ROUND((E18*(G18+H18)+N18)/60,1)) -> 7.7 | J18: 슈퍼세트 둘째 · 끝나고 75초. | K18: 케이블 레터럴 레이즈 / 머신 레터럴 | M18: A
A19: 5 | B19: 원암 케이블 리버스 플라이 | C19: 삼각근(후면) | D19: 10 | E19: 3 | F19: 12~15 (좌우) | G19: 60 | H19: 60 | I19: =IF(E19=0,0,ROUND((E19*(G19+H19)+N19)/60,1)) -> 6 | K19: 리버스 펙덱
A20: 6 | B20: 덤벨 숄더 프레스 (뉴트럴 그립) | C20: 삼각근(전면) | D20: 14 | E20: 3 | F20: 10~12 | G20: 40 | H20: 120 | I20: =IF(E20=0,0,ROUND((E20*(G20+H20)+N20)/60,1)) -> 8 | K20: 머신 숄더 프레스
A21: 7 | B21: 오버헤드 슈러그(스미스) | C21: 승모(상부) | D21: =시작중량_설정!$E$17 -> 25 | E21: 3 | F21: 15 | G21: 40 | H21: 75 | I21: =IF(E21=0,0,ROUND((E21*(G21+H21)+N21)/60,1)) -> 5.8 | J21: 증량표 E17 · 승모 상부(거상 + 상방 회전). 팔꿈치 잠금 · 위 1초 · 천천히 내림. 월요일 트랩바 슈러그와 주 2회. | K21: 바벨 오버헤드 슈러그
A22: 8 | B22: 인클라인 덤벨 프로트랙션 | C22: 전거근 | D22: 10 | E22: 3 | F22: 10~15 | G22: 40 | H22: 60 | I22: =IF(E22=0,0,ROUND((E22*(G22+H22)+N22)/60,1)) -> 5 | K22: 체스트 프레스 머신 프로트랙션
A23: 9 | B23: 라잉 트라이셉스 익스텐션 | C23: 삼두 | D23: =시작중량_설정!$E$20 -> 15 | E23: 4 | F23: 10 | G23: 40 | H23: 75 | I23: =IF(E23=0,0,ROUND((E23*(G23+H23)+N23)/60,1)) -> 7.7 | J23: 증량표 E20 · 바를 이마 대신 머리 뒤쪽으로 내리면 삼두 장두가 더 늘어난다. | K23: 케이블 오버헤드 익스텐션
D24: 세트 합계 | E24: =SUM(E15:E23) -> 31 | I24: =ROUND(SUM(I15:I23),0) -> 63

Sheet 분할_금_하체B
A1: 금요일 — 하체 B (햄 · 둔근)
A2: =E27&"세트 · 운동 "&I27&"분 + 웜업 15분 = "&(I27+15)&"분" -> 30세트 · 운동 76분 + 웜업 15분 = 91분
A4: 메인: 데드리프트
A5: 중량(Kg) | B5: 반복 | C5: 세트
A6: =MAX(20,(MROUND(시작중량_설정!$E$8*0.4,1)+(MOD(MROUND(시작중량_설정!$E$8*0.4,1),5)=4))) -> 32 | B6: 5 | C6: 2
A7: =IF(MAX(20,(MROUND(시작중량_설정!$E$8*0.6,1)+(MOD(MROUND(시작중량_설정!$E$8*0.6,1),5)=4)))<=MAX(20,(MROUND(시작중량_설정!$E$8*0.4,1)+(MOD(MROUND(시작중량_설정!$E$8*0.4,1),5)=4))),"생략",MAX(20,(MROUND(시작중량_설정!$E$8*0.6,1)+(MOD(MROUND(시작중량_설정!$E$8*0.6,1),5)=4)))) -> 48 | B7: 5 | C7: 1
A8: =IF(MAX(20,(MROUND(시작중량_설정!$E$8*0.75,1)+(MOD(MROUND(시작중량_설정!$E$8*0.75,1),5)=4)))<=MAX(20,(MROUND(시작중량_설정!$E$8*0.6,1)+(MOD(MROUND(시작중량_설정!$E$8*0.6,1),5)=4))),"생략",MAX(20,(MROUND(시작중량_설정!$E$8*0.75,1)+(MOD(MROUND(시작중량_설정!$E$8*0.75,1),5)=4)))) -> 60 | B8: 3 | C8: 1
A9: =IF(MAX(20,(MROUND(시작중량_설정!$E$8*0.9,1)+(MOD(MROUND(시작중량_설정!$E$8*0.9,1),5)=4)))<=MAX(20,(MROUND(시작중량_설정!$E$8*0.75,1)+(MOD(MROUND(시작중량_설정!$E$8*0.75,1),5)=4))),"생략",MAX(20,(MROUND(시작중량_설정!$E$8*0.9,1)+(MOD(MROUND(시작중량_설정!$E$8*0.9,1),5)=4)))) -> 72 | B9: 2 | C9: 1
A10: =시작중량_설정!$E$8 -> 80 | B10: 5 | C10: 1
A12: 웜업 (세트 카운트 제외)
A13: · [2026-10-29 사용자 결정] 맨 앞, 신발 신기 전 맨발로 — 숏풋 5초 × 10(왼발 위주 · 발가락 펴고 엄지 뿌리를 뒤꿈치 쪽으로 당겨 아치만 세움) + 무릎 굽힌 종아리 스트레칭(가자미근) 왼쪽 2×45초 — 약 3분. 왼 아치 낮음 · 아치 세운 무릎 벽 테스트에서 왼쪽 1cm 못 닿음. 한 달 뒤 같은 조건 재측정(왼쪽이 닿거나 차이가 줄면 유지) + 오래 걸을 때 왼발 피로로 판정.
A14: · 데드 램프 · 몸풀기 5세트(위 표) — 약 12분(합계 웜업 15분).
A15: 운동 구성
A16: # | B16: 종목 | C16: 근육군 | D16: 중량(Kg) | E16: 세트 | F16: 횟수 | G16: 수행(초) | H16: 휴식(초) | I16: 종목 분 | J16: 메모 | K16: 대체 종목 | L16: 세트별 휴식(초) | M16: 슈퍼세트 | N16: 드롭(초)
A17: 1 | B17: 데드리프트 | C17: 둔근 | D17: =시작중량_설정!$E$8 -> 80 | E17: 1 | F17: 5 | G17: 30 | H17: 180 | I17: =IF(E17=0,0,ROUND((E17*(G17+H17)+N17)/60,1)) -> 3.5 | J17: 증량표 E8 · 톱 1×5. | K17: 트랩바 데드리프트 / 랙풀
A18: 2 | B18: 데드리프트 백오프 | C18: 둔근 | D18: =MAX(20,MROUND(시작중량_설정!$E$8*0.82,1)) -> 66 | E18: 2 | F18: 5 | G18: 30 | H18: 180 | I18: =IF(E18=0,0,ROUND((E18*(G18+H18)+N18)/60,1)) -> 7 | J18: 톱 × 0.82 · 2×5. 엉덩이 뒤가 당기면 그날 백오프 생략.
A19: 3 | B19: 루마니안 데드리프트 | C19: 햄스트링 | D19: =시작중량_설정!$E$15 -> 50 | E19: 3 | F19: 10 | G19: 45 | H19: 150 | I19: =IF(E19=0,0,ROUND((E19*(G19+H19)+N19)/60,1)) -> 9.8 | J19: 증량표 E15 · 3×10. | K19: 덤벨 루마니안 / 굿모닝
A20: 4 | B20: 힙 쓰러스트 | C20: 둔근 | D20: =시작중량_설정!$E$16 -> 25 | E20: 4 | F20: 12 | G20: 40 | H20: 120 | I20: =IF(E20=0,0,ROUND((E20*(G20+H20)+N20)/60,1)) -> 10.7 | J20: 증량표 E16 · 4×12. | K20: 스미스 힙 쓰러스트 / 글루트 브리지
A21: 5 | B21: 원 레그 라잉 컬 | C21: 햄스트링 | D21: 30 | E21: 3 | F21: 10~12 (좌우) | G21: 60 | H21: 120 | I21: =IF(E21=0,0,ROUND((E21*(G21+H21)+N21)/60,1)) -> 9 | K21: 라잉 레그 컬
A22: 6 | B22: 아우터 타이 (힙 외전) | C22: 중둔근 | D22: 60 | E22: 3 | F22: 12~15 | G22: 40 | H22: 10 | I22: =IF(E22=0,0,ROUND((E22*(G22+H22)+N22)/60,1)) -> 2.5 | J22: 아우터 ↔ 이너 3라운드 · 라운드 후 120초. | K22: 케이블 힙 외전 | M22: A
A23: 7 | B23: 이너 타이 | C23: 내전근 | D23: 40 | E23: 3 | F23: 12~15 | G23: 40 | H23: 120 | I23: =IF(E23=0,0,ROUND((E23*(G23+H23)+N23)/60,1)) -> 8 | J23: 슈퍼세트 둘째 · 끝나고 120초. | K23: 케이블 어덕션 | M23: A
A24: 8 | B24: 레그 익스텐션 | C24: 대퇴사두 | D24: 47 | E24: 3 | F24: 12~15 | G24: 40 | H24: 120 | I24: =IF(E24=0,0,ROUND((E24*(G24+H24)+N24)/60,1)) -> 8
A25: 9 | B25: 카프 레이즈 (스탠딩) | C25: 종아리 | D25: 16 | E25: 5 | F25: 12~15 | G25: 40 | H25: 75 | I25: =IF(E25=0,0,ROUND((E25*(G25+H25)+N25)/60,1)) -> 9.6 | J25: 서서 — 비복근. 월요일 시티드와 각도를 나눈다. | K25: 레그 프레스 카프 레이즈
A26: 10 | B26: 시티드 레그 컬 | C26: 햄스트링 | D26: — | E26: 3 | F26: 10~12 | G26: 40 | H26: 120 | I26: =IF(E26=0,0,ROUND((E26*(G26+H26)+N26)/60,1)) -> 8 | J26: 옆 센터로 이동(약 3분) 후. 고관절이 굽어 햄스트링이 늘어난 구간. [2026-10-29 사용자 결정] 4 → 3 — 금요일 하체 부담 덜기(햄스트링 금 10 → 9). | K26: 라잉 레그 컬
D27: 세트 합계 | E27: =SUM(E17:E26) -> 30 | I27: =ROUND(SUM(I17:I26),0) -> 76

Sheet 분할_토_가슴등
A1: 토요일 — 가슴 + 등 (교대) · 이두 · 전완
A2: =E23&"세트 · 운동 "&I23&"분 + 웜업 6분 = "&(I23+6)&"분" -> 43세트 · 운동 77분 + 웜업 6분 = 83분
A4: 웜업 (세트 카운트 제외)
A5: · 랫풀다운 가볍게 + 인클라인 바벨 램프 4세트 — 약 6분.
A7: 운동 구성
A8: # | B8: 종목 | C8: 근육군 | D8: 중량(Kg) | E8: 세트 | F8: 횟수 | G8: 수행(초) | H8: 휴식(초) | I8: 종목 분 | J8: 메모 | K8: 대체 종목 | L8: 세트별 휴식(초) | M8: 슈퍼세트 | N8: 드롭(초)
A9: 1 | B9: 풀업 (어시스트 가능) | C9: 광배 | D9: 45 | E9: 3 | F9: 6~8 | G9: 35 | H9: 150 | I9: =IF(E9=0,0,ROUND((E9*(G9+H9)+N9)/60,1)) -> 9.3 | J9: 어깨너비보다 살짝 넓은 오버그립 — 겨드랑이 바로 밑(광배 위쪽 바깥 · 대원근). 너무 넓게 잡으면 가동범위만 줄어든다. | K9: 어시스트 풀업 머신 / 와이드 랫풀다운
A10: 2 | B10: 인클라인 벤치프레스(바벨) | C10: 흉근(상부) | D10: =시작중량_설정!$E$22 -> 40 | E10: 3 | F10: 8 | G10: 40 | H10: 10 | I10: =IF(E10=0,0,ROUND((E10*(G10+H10)+N10)/60,1)) -> 2.5 | J10: 증량표 E22 · 3×8. 벤치 15~30도 — 고정 벤치가 가파르면 조절식 벤치를 랙이나 스미스 안에. 언더그립 랫풀다운과 교대 3라운드 · 라운드 후 150초. | K10: 인클라인 스미스 | M10: A
A11: 3 | B11: 랫풀다운(언더그립) | C11: 광배 | D11: 55 | E11: 3 | F11: 10~12 | G11: 40 | H11: 150 | I11: =IF(E11=0,0,ROUND((E11*(G11+H11)+N11)/60,1)) -> 9.5 | J11: 팔꿈치를 골반 쪽으로 — 광배 아래쪽. | M11: A
A12: 4 | B12: 하이로우 머신(언더그립) | C12: 광배 | D12: 60 | E12: 3 | F12: 10~12 | G12: 40 | H12: 10 | I12: =IF(E12=0,0,ROUND((E12*(G12+H12)+N12)/60,1)) -> 2.5 | J12: 팔꿈치를 골반 쪽으로. 인클라인 머신과 교대 3라운드 · 라운드 후 150초. | M12: B
A13: 5 | B13: 인클라인 벤치프레스 머신 | C13: 흉근(상부) | D13: =시작중량_설정!$E$12 -> 42 | E13: 3 | F13: 10 | G13: 40 | H13: 150 | I13: =IF(E13=0,0,ROUND((E13*(G13+H13)+N13)/60,1)) -> 9.5 | J13: 증량표 E12 · 3×10. | K13: 인클라인 덤벨 프레스 | M13: B
A14: 6 | B14: 펙덱 플라이 | C14: 흉근(중하부) | D14: 35 | E14: 3 | F14: 12~15 | G14: 40 | H14: 10 | I14: =IF(E14=0,0,ROUND((E14*(G14+H14)+N14)/60,1)) -> 2.5 | J14: 펙덱 ↔ 리버스 펙덱 3라운드 + 리버스 펙덱 1세트 · 라운드 후 105초. | K14: 케이블 플라이 | M14: C
A15: 7 | B15: 리버스 펙덱 | C15: 삼각근(후면) | D15: 35 | E15: 4 | F15: 12~15 | G15: 40 | H15: 105 | I15: =IF(E15=0,0,ROUND((E15*(G15+H15)+N15)/60,1)) -> 9.7 | J15: 4세트째는 혼자. | K15: 케이블 리버스 플라이 | M15: C
A16: 8 | B16: 레터럴 레이즈 | C16: 삼각근(측면) | D16: 8 | E16: 4 | F16: 12~15 | G16: 40 | H16: 60 | I16: =IF(E16=0,0,ROUND((E16*(G16+H16)+N16)/60,1)) -> 6.7 | K16: 케이블 레터럴 레이즈
A17: 9 | B17: 인클라인 덤벨 컬 | C17: 이두 | D17: 6 | E17: 3 | F17: 10~12 | G17: 40 | H17: 10 | I17: =IF(E17=0,0,ROUND((E17*(G17+H17)+N17)/60,1)) -> 2.5 | J17: 인클라인 덤벨 컬 ↔ 해머 컬 3라운드 · 라운드 후 75초. | M17: D
A18: 10 | B18: 해머 컬 | C18: 이두 | D18: 8 | E18: 3 | F18: 10~12 | G18: 40 | H18: 75 | I18: =IF(E18=0,0,ROUND((E18*(G18+H18)+N18)/60,1)) -> 5.8 | M18: D
A19: 11 | B19: 시티드 리스트 컬(손등 아래) | C19: 전완 | D19: 20 | E19: 2 | F19: 15~20 | G19: 40 | H19: 10 | I19: =IF(E19=0,0,ROUND((E19*(G19+H19)+N19)/60,1)) -> 1.7 | J19: 손등 아래 2 ↔ 손등 위 3. | M19: E
A20: 12 | B20: 시티드 리스트 컬(손등 위) | C20: 전완 | D20: 15 | E20: 3 | F20: 15~20 | G20: 40 | H20: 60 | I20: =IF(E20=0,0,ROUND((E20*(G20+H20)+N20)/60,1)) -> 5 | J20: 라운드 후 60초. | M20: E
A21: 13 | B21: 스탠딩 케이블 크런치 | C21: 복부 | D21: — | E21: 3 | F21: 15~20 | G21: 40 | H21: 60 | I21: =IF(E21=0,0,ROUND((E21*(G21+H21)+N21)/60,1)) -> 5
A22: 14 | B22: 백 익스텐션 (45도) | C22: 기립근 | D22: 12 | E22: 3 | F22: 12~15 | G22: 40 | H22: 60 | I22: =IF(E22=0,0,ROUND((E22*(G22+H22)+N22)/60,1)) -> 5 | J22: 옆 센터로 이동(약 3분) 후 — 하이퍼 익스텐션.
D23: 세트 합계 | E23: =SUM(E9:E22) -> 43 | I23: =ROUND(SUM(I9:I22),0) -> 77

Sheet 복귀_집계단
A1: 집 — 진짜 생수팩 + 아파트 계단 (생수배송 대비 · 2026-10-05 신설, 사용자 제안)
A2: 아침에 일어나서 한 번, 저녁 먹고 산책 뒤 한 번. 실제 배달처럼 한쪽 3팩 — 2 · 3번 팩 손잡이에 푸쉬업바를 끼워 손에 들고, 1번 팩은 옆구리와 2번 팩 위에 걸친다. 1번 무게가 일부 손으로 내려와 손 하중은 한쪽 30~36kg이다. 푸쉬업바에 스트랩을 감는다. 세트 카운트 · 세트검산에는 넣지 않는다.
A4: 단계 (시작일부터 다음 줄 전날까지)
A5: 시작일 | B5: 한쪽 | C5: 아침 | D5: 저녁 | E5: 양
A6: 46301 | B6: 바에 2팩(24kg) · 1번 팩 없이 · 스트랩 | C6: 토 · 일 · 월 · 수 · 목 | D6: 없음 | E6: 지하 1층 → 7층 1~2왕복
A7: 46307 | B7: 3팩(6팩 전부 · 손 30~36kg) · 스트랩 | C7: 토 · 일 · 월 · 수 · 목 | D7: 없음 | E7: 지하 1층 → 7층 1~2왕복
A8: 46319 | B8: 3팩(6팩 전부 · 손 30~36kg) · 스트랩 | C8: 토 · 일 · 월 · 수 · 목 | D8: 일 · 월 · 목 | E8: 지하 1층 → 7층 1~2왕복
A10: 규칙
A11: · 스트랩은 푸쉬업바에 감는다 — 손은 쉬고 다리 · 숨 · 어깨만 쓴다. 맨손으로 무겁게 쥐는 건 헬스장 메인 날(토 · 수)뿐이다. 손 하중이 30kg을 넘으니 하루 2번 맨손이면 팔꿈치가 못 버틴다.
A12: · 메인 날(토 · 수) 저녁은 쉰다 — 헬스장에서 맨손 캐리 + 스텝박스로 손을 이미 다 썼다.
A13: · 화 · 금은 아침 · 저녁 다 쉰다 — 다음 날 데드 · 스쿼트다.
A14: · 1번 팩 없이 한 주 먼저 — 옆구리에 끼우는 힘(팔을 몸통에 붙여 조이기)은 처음 쓰는 부담이라 한 단계씩. 저녁 추가는 6팩에 익숙해진 뒤(10/24~).
A15: · 6팩 처음 들기 전: 평지에서 들고 30초 서서 흔들어 본다. 바가 휘거나 손잡이가 헛돌면 쓰지 않는다 — 계단에서 부러지면 생수와 같이 넘어진다.
A16: · 자세: 어깨를 으쓱 올리지 말고 내린 채로 걷는다. 몸이 한쪽으로 기울거나 허리가 비틀리면 그날은 거기서 끝.
A17: · 계단 손잡이를 못 잡으니 내려올 때 천천히, 발 디딜 곳을 보면서.
A18: · 디로드 주(10/17 ~ 10/23)는 왕복 1번만.
A19: · 먼저 빼는 신호: 팔꿈치 바깥쪽 통증 4/10 초과 · 아침에 허리나 무릎이 뻐근함 · 스쿼트나 데드 무게가 떨어짐 → 집부터 줄인다(저녁 → 아침 순). 헬스장 표가 우선이다.

Sheet 복귀_캐리
A1: 캐리 — 무겁게 들고 걷기 (생수배송 대비 · 2026-10-04 신설 · 2026-10-05 회차마다 증량으로 당김)
A2: 목표: 한 손 35kg(헬스장 덤벨 칸 · 2L 6병 묶음 3팩 = 손에 30~36kg)을 손에서 놓치지 않고 컨트롤한다. 세트 카운트 · 세트검산에는 넣지 않는다.
A4: 규칙
A5: 항목 | B5: 내용 | F5: 이유
A6: 요일 | B6: 토 · 수 — 하체 웨이트 끝나고 바로 | F6: 힘든 날은 몰아서 힘들게. 하체 전날(화 · 금)은 피한다
A7: 종목 | B7: 파머스 워크(덤벨) / 트랩바 캐리 | F7: 덤벨이 모자라면 트랩바에 원판 — 양손 72kg도 쉽게 만든다
A8: 양 | B8: 걷기 × 4(시간은 진행표 G열 · 보통 40초), 휴식 120초 | F8: 트럭 → 현관 구간이 이 길이다
A9: 시작 | B9: 한 손 24kg | F9: 데드 80kg이라 드는 힘은 충분하고, 막히는 건 악력이다
A10: 증량 | B10: 4번 다 안 놓치면 다음 회차(토 → 수 → 토 …) — 30까지는 한 손 +2kg, 30에서 50 → 60초로 늘린 뒤 35(덤벨 칸)로: 20 → 30 → 40초 | F10: 막힘 없으면 디로드 한 주 포함 4주 만에 36kg(10/31 토). 2026-10-05 주 1회 → 회차마다로 당겼다(사용자 결정, 원래 11/21). 이보다 빠르게는 안 올린다 — 팔꿈치 힘줄이 근육보다 늦게 적응한다
A11: 스트랩 | B11: 금지 | F11: 이 연습의 목적이 악력이다 (스텝박스에서는 허용)
A12: 빈도 | B12: 무겁게는 주 2회까지 | F12: 악력을 매일 무겁게 쓰면 회복이 안 돼 오히려 안 오른다. 나머지 날은 복귀_스텝박스로 채운다
A13: 재검토 조건 | B13: 같은 무게 3회 연속 놓침 · 팔꿈치 안쪽/바깥쪽 통증 | F13: 통증이 나면 그날 증량 금지. 리스트컬은 2026-10-04에 굴근을 줄였다(전완 실질 24 → 20) — 더 줄이는 건 이 조건일 때만
A14: 순서 | B14: 캐리 → 스텝박스(짧게) | F14: 악력이 신선할 때 무거운 걸 먼저
A16: 진행표 (회차 = 캐리 하는 날 · 토와 수)
A17: 회차 | B17: 날짜 | C17: 한 손 목표(kg) | D17: 양손 합계(kg) | E17: 실제 한 손(kg) | F17: 메모 (놓침 · 통증) | G17: 걷기(초)
A18: 1 | B18: 46298 | C18: 24 | D18: =C18*2 -> 48 | G18: 40
A19: 2 | B19: 46302 | C19: 26 | D19: =C19*2 -> 52 | G19: 40
A20: 3 | B20: 46305 | C20: 28 | D20: =C20*2 -> 56 | G20: 40
A21: 4 | B21: 46309 | C21: 30 | D21: =C21*2 -> 60 | G21: 40
A22: 5 | B22: 46312 | C22: 30 | D22: =C22*2 -> 60 | G22: 40
A23: 6 | B23: 46316 | C23: 30 | D23: =C23*2 -> 60 | G23: 40
A24: 7 | B24: 46319 | C24: 30 | D24: =C24*2 -> 60 | E24: 30 | F24: 목표 32 → 헬스장에 32 덤벨 없음 · 30으로 함 | G24: 40
A25: 8 | B25: 46323 | C25: 30 | D25: =C25*2 -> 60 | G25: 50
A26: 9 | B26: 46326 | C26: 30 | D26: =C26*2 -> 60 | G26: 60
A27: 10 | B27: 46330 | C27: 35 | D27: =C27*2 -> 70 | G27: 20
A28: 11 | B28: 46333 | C28: 35 | D28: =C28*2 -> 70 | G28: 30
A29: 12 | B29: 46337 | C29: 35 | D29: =C29*2 -> 70 | G29: 40
A30: 13 | B30: 46340 | C30: 35 | D30: =C30*2 -> 70 | G30: 40
A31: 14 | B31: 46344 | C31: 35 | D31: =C31*2 -> 70 | G31: 40
A32: 15 | B32: 46347 | C32: 35 | D32: =C32*2 -> 70 | G32: 40
A33: 16 | B33: 46351 | C33: 35 | D33: =C33*2 -> 70 | G33: 40
A34: 17 | B34: 46354 | C34: 35 | D34: =C34*2 -> 70 | G34: 40
A35: 18 | B35: 46358 | C35: 35 | D35: =C35*2 -> 70 | G35: 40
A36: · 5 · 6회차(10/17 토 · 10/21 수)는 디로드 주라 30kg 그대로 — 웨이트와 같이 한 주 멈추고, 앱에는 회차 대신 디로드로 뜬다. 디로드 날짜가 바뀌면 멈추는 줄도 같이 옮긴다. 다음 디로드는 12/5 주 — 그 전에 줄을 이어 붙인다. 놓친 회차는 같은 무게를 한 번 더 들고, 표는 날짜대로 간다(앱도 날짜로 고른다). [2026-10-25] 헬스장 덤벨이 30 · 35 · 40뿐이라 32 · 34 · 36 칸이 없다 — 덤벨로 하기로(사용자). 30에서 35는 +17%라 30에서 시간을 먼저 늘리고(사용자 요청 — 30으로 조금 더 준비) 35로 넘어가며 시간을 다시 쪼갠다: 10/28 30 × 50초 → 10/31 30 × 60초 → 11/4 35 × 20초 → 11/7 30초 → 11/11부터 40초 = 목표 도달 (배달 손 하중 30~36kg이라 35면 채운 것). 35 첫날 놓치면 30 × 60초로 한 번 돌아갔다가 다시 간다.

Sheet 복귀_스텝박스
A1: 스텝박스 오르내리기 + 덤벨 (생수배송 대비 · 2026-10-04 신설 · 10-05 천국의 계단 → 스텝박스 · 10-05 일 시작(11월 중순 ~ 12월 초)에 맞춰 메인 날마다 +2kg)
A2: 일 시작 기준: 한 손 35kg 맨손 × 2분 연속(지하 1층 → 7층 한 번) — 표대로면 11/18(수). 최종 목표 5분 연속은 11/28 칸에 있지만 못 채우면 일을 하면서 채운다. 세트 카운트 · 세트검산에는 넣지 않는다.
A4: 요일
A5: 요일 | B5: 구분 | I5: 이유
A6: 토 | B6: 메인 (캐리 뒤) | I6: 스쿼트 날 — 하체를 이미 쓴 날에 몰기
A7: 일 | B7: 짧게 | I7: 적응용
A8: 월 | B8: 짧게 | I8: 적응용
A9: 화 | B9: 없음 | I9: 다음 날 데드리프트
A10: 수 | B10: 메인 (캐리 뒤) | I10: 데드 날 — 하체를 이미 쓴 날에 몰기
A11: 목 | B11: 짧게 | I11: 적응용
A12: 금 | B12: 없음 (휴식) | I12: 다음 날 스쿼트
A14: 진행표 — 메인 날(토 · 수)마다 한 칸, 짧은 날(일 · 월 · 목)은 바로 앞 칸의 짧은 날 값 · 휴식은 전부 60초
A15: 회차 | B15: 날짜 | C15: 메인 한 손(kg) | D15: 메인 분 | E15: 메인 세트 | F15: 짧은 날 한 손(kg) | G15: 짧은 날 분 | H15: 짧은 날 세트 | I15: 짧은 날 손
A16: 1 | B16: 46302 | C16: 16 | D16: 2 | E16: 2 | F16: 16 | G16: 3 | H16: 2 | I16: 스트랩
A17: 2 | B17: 46305 | C17: 18 | D17: 2 | E17: 2 | F17: 18 | G17: 3 | H17: 2 | I17: 스트랩
A18: 3 | B18: 46309 | C18: 20 | D18: 2 | E18: 2 | F18: 20 | G18: 3 | H18: 2 | I18: 스트랩
A19: 4 | B19: 46312 | C19: 20 | D19: 2 | E19: 2 | F19: 20 | G19: 3 | H19: 2 | I19: 스트랩
A20: 5 | B20: 46316 | C20: 20 | D20: 2 | E20: 2 | F20: 20 | G20: 3 | H20: 2 | I20: 스트랩
A21: 6 | B21: 46319 | C21: 22 | D21: 2 | E21: 2 | F21: 22 | G21: 4 | H21: 2 | I21: 스트랩
A22: 7 | B22: 46323 | C22: 24 | D22: 2 | E22: 2 | F22: 24 | G22: 4 | H22: 2 | I22: 스트랩
A23: 8 | B23: 46326 | C23: 26 | D23: 2 | E23: 2 | F23: 26 | G23: 5 | H23: 2 | I23: 스트랩
A24: 9 | B24: 46330 | C24: 28 | D24: 2 | E24: 2 | F24: 28 | G24: 5 | H24: 2 | I24: 스트랩
A25: 10 | B25: 46333 | C25: 30 | D25: 2 | E25: 2 | F25: 30 | G25: 5 | H25: 2 | I25: 스트랩
A26: 11 | B26: 46337 | C26: 35 | D26: 1 | E26: 2 | F26: 30 | G26: 5 | H26: 2 | I26: 스트랩
A27: 12 | B27: 46340 | C27: 35 | D27: 1.5 | E27: 2 | F27: 35 | G27: 5 | H27: 2 | I27: 스트랩
... A32: 17 | B32: 46358 | C32: 35 | D32: 5 | E32: 2 | F32: 35 | G32: 5 | H32: 2 | I32: 스트랩
A33: · 디로드 주(10/17 토 · 10/21 수) 줄은 직전 칸 그대로 — 웨이트 · 캐리와 같이 멈춘다. 표는 12/2에서 끝난다 — 다음 디로드(12/5 주) 즈음이면 배달 일이 이 표를 대신한다. [2026-10-25] 덤벨이 30 다음 35라 32 · 34 · 36 칸을 없앴다 — 11/11 35 × 1분 → 11/14 1.5분 → 11/18 2분(일 시작 기준 날짜 그대로) → 3 · 4 · 5분. 짧은 날(스트랩)은 11/11만 30, 11/14부터 35.
A35: 규칙
A36: · 메인 날(토 · 수 — 캐리 뒤)은 맨손. 시간은 2분 × 2로 고정하고 한 칸마다 +2kg. 36kg에 닿으면 그때부터 시간을 3 → 4 → 5분으로 늘린다. 시간과 무게를 한 번에 둘 다 올리지 않는다.
A37: · 짧은 날(일 · 월 · 목)은 바로 앞 메인과 같은 무게 · 스트랩 착용 · 시간은 3분 × 2(~10/23, 디로드 주 포함) → 4분 × 2(10/24~) → 5분 × 2(10/31~ 고정). 다리와 숨은 메인만큼 힘들게, 손과 팔꿈치(바깥쪽 신근)는 쉬게 — 맨손으로 무겁게 쥐는 날은 주 2회(토 · 수)로 지킨다. 스트랩이라 무게와 시간이 같이 올라도 된다 — '둘 다 한 번에 올리지 않는다'는 손을 지키는 규칙이다(2026-10-05 사용자 결정).
A38: · 메인 날 맨손으로 미끄러지기 시작하면 스트랩을 차고 시간만 채운다 — 그 세트는 맨손 기록으로 치지 않는다.
A39: · 표는 날짜로 간다. 칸을 못 채웠으면(내려놓음 · 스트랩) 다음 메인 날 그 칸을 한 번 더 하고, 팔꿈치 바깥쪽 통증이 4/10을 넘는 날은 무게를 올리지 않는다.
A40: · 높이: 실제 계단 한 칸(17~18cm)에 맞춘다 — 발판에 받침 1단이면 대개 이 높이다. 높이 올리기는 시간 · 무게 다음의 마지막 수단이고, 무릎이 90°보다 깊게 굽는 높이는 쓰지 않는다.
A41: · 동작: 올라-올라-내려-내려가 1회, 분당 20회 안팎. 발 전체를 판 위에 올리고(뒤꿈치가 걸치지 않게) 올라간 다리로 밀어 선다 — 뒷발로 튕기지 않는다.
A42: · 리드 다리: 1분마다(또는 20회마다) 바꾼다. 한쪽만 먼저 올리면 그 다리만 지친다.
A43: · 안전: 내려설 때는 발판 바로 뒤에 — 멀리 내리면 뒤로 넘어진다. 발판이 매트 위에서 밀리지 않는지 먼저 확인한다. 덤벨이 미끄러지거나 다리가 휘청이면 시간을 못 채워도 바로 끊는다.
A44: · 내려오는 동작을 천천히 — 배달에서 계단 내려올 때 브레이크를 거는 힘(허벅지 앞 신장성)이 여기서 길러진다. 기계 계단에는 없던 부분이다.
A45: · 현실 점검: 막힘 없이 가면 11/18 36kg × 2분이지만, 손이 먼저 막혀 26~30kg 근처에서 같은 칸을 몇 번 반복하는 게 흔하다. 12월 초 30kg 이상 × 2분이면 일을 시작해도 된다 — 캐리 표대로면 36kg × 40초는 10/31에 이미 된다.
A46: · 배달 일이 시작되면 실제 일(몇 층 · 몇 팩 · 한 번에 몇 분)과 비교해 이 표를 다시 본다.

Sheet 복귀_증량원칙
A1: 복귀 버전 — 증량 및 판단 기준 (주 6회 · 2026-10-02 개편)
A2: 현장 근무가 끝나 요일을 고정할 수 있게 됐다. 빈도를 주 4회 → 6회로 올리고 데드를 성장으로 돌린다.
A4: 항목 | B4: 재택 버전 | C4: 복귀 버전 (주 6회) | D4: 이유
A5: 목표 | B5: 성장 | C5: 성장 | D5: 현장 근무가 끝나 '완만한 성장'으로 눌러둘 이유가 없어졌다. 재택과 같은 방향으로 되돌린다
A6: 빈도 | B6: 주 6회 | C6: 주 6회 (토~목 · 금 휴식) | D6: 요일을 고정할 수 있게 됐다. 큰 부위 셋을 둘로 쪼개 가슴 · 등 · 하체 빈도를 주 2회로 올렸다
A7: 총 세트 | B7: 주당 환산 161세트 | C7: 220세트 | D7: 주 4회 140에서 올렸다. 유지선은 75. 현장 일 보정이 사라진 자리들 + 2026-10-02 사용자 추가 여섯(원 레그 컬 · 발 높은 레그 프레스 · 수요일 이너/아우터 · 페이스풀 · 전완 슈퍼세트 주 3회 · 백 익스텐션 주 2회) · 2026-10-04 월요일 측면 +4 · 후면 +2 · 2026-10-05 후면 +2 · 이두 +1 · 2026-10-06 측면 +5(토 · 수 레터럴을 세션당 6까지) · 후면 +2(토 리버스 펙덱 4 → 6) · 이두 +3(화 해머 컬)
A8: 증량 방식 | B8: 매주 선형 | C8: 메인 4종목 선형 · 나머지는 더블 프로그레션 | D8: 데드가 '지키는 종목'에서 풀려 선형 넷이 됐다. 보조는 반복을 먼저 채우고 중량을 올린다
A9: 증량 폭 | B9: 하체 5 / 벤치 2.25 / 프레스 1.25 | C9: 스쿼트 · 데드 매주 2~3 / 벤치 매주 1 / 프레스 격주 1 | D9: 작은 원판이 2.5 · 1 · 0.5kg 각 2개뿐이라 봉 전체 1kg이 최소 계단이다. 증량기록 30주 표가 폭을 정한다
A10: 미는 종목 | B10: 전부 | C10: 스쿼트 5×5 · 벤치 4×8 · 오버헤드 3×8 · 데드 톱1+백오프2 | D10: 넷 다 세션 앞쪽에 둔다. 오버헤드 프레스만 어깨 블록 첫 종목이라 수요일 13세트 뒤다 — 복귀_수_하체후면 참조
A11: 지키는 종목 | B11: — | C11: 없음 | D11: 2026-10-02에 데드를 풀었다. 허리와 직접 경쟁하던 현장 일이 끝났다
A12: 실패지점 | B12: 2~3회 남기고 | C12: 2~3회 남기고 | D12: 다음날 현장 일이 없으므로 재택 기준으로 되돌린다. 메인 리프트는 3~4회 남기고가 그대로다
A13: 팔 전용 종목 | B13: 25세트 | C13: 화요일 24세트 (삼두 3 · 이두 3 · 전완 6 · 목 6 · 복근 6) | D13: 팔 주간 세트는 삼두 9 · 이두 9이고 셋으로 나뉘어 있다(일 · 화 · 목 각 3). 화요일이 유일하게 '전용'인 것은 전완 · 목이다(복근은 2026-10-10 월요일로)
A14: 장비 | B14: 프리웨이트 중심 | C14: 머신 · 케이블 중심 (스쿼트 · 벤치 · 데드 제외) | D14: 복귀 중 익힌 구성이고 6일 연속에서는 안정화 부담이 적은 쪽이 남는다. 바벨 로우는 스미스로 둔 채다(2026-10-11 인클라인 덤벨 로우로 바꿨다 — 가슴 지지)
A17: [중량은 주 단위로 오른다 — 2026-09-13 전환 유지]
A18: · 중량은 '시작중량_설정' C4의 주차가 정하고, 증량기록 시트의 30주 표가 주차마다 한 줄이다.
A19: · 주 6회로 바뀌어도 이 속도는 안 바뀐다 — 표는 주차에 매달려 있고 주당 세션 수와 무관하다.
A20: · 프레스만 격주다. 0.5kg 원판이 한쪽 하나뿐이라 봉 전체 1kg이 최소 계단인데, 그걸 매주 올리면 설계 폭의 두 배 반이 된다.
A21: · 올리기 전에 그 주의 결과를 증량기록에 먼저 적는다. 목표 반복을 못 채운 리프트는 X를 넣어 그 칸만 유지시킨다.
A22: · 사다리는 못 끼우는 값(5로 나눈 나머지 4)을 자동으로 1kg 올린다. 그래서 주마다 폭이 +2가 되기도 +3이 되기도 한다.
A24: [더블 프로그레션 — 보조 종목의 기본 증량법]
A25: · 목표 반복이 8~12라면, 전 세트에서 12회를 채운 다음 주에 중량을 올린다. 올린 주에는 반복이 8회로 떨어지는 것이 정상이다.
A26: · 선형은 날짜가 증량을 정하고 더블 프로그레션은 몸이 정한다. 6일 연속에서 컨디션이 흔들릴 때 뒤쪽이 안 무너진다.
A27: · 메인 넷(스쿼트 · 벤치 · 오버헤드 프레스 · 데드)만 선형으로 남긴다. 반복이 고정이라 반복으로 진행을 잴 수가 없기 때문이다 — 스쿼트 · 데드 · 오버헤드는 5회, 벤치만 8회다((2026-10-02 사용자 지정)). 반복이 고정인 것은 같으므로 증량 방식은 그대로다: 증량기록 표가 매주 올리고, 목표 반복을 못 채운 주에는 X를 넣어 그 칸을 유지시킨다.
A29: [판단 기준]
A30: · 주 6회의 유일한 지표는 토요일 스쿼트다. 금요일 하루를 쉬고 들어가는 자리이므로 거기서 안 오르면 주 전체가 과한 것이다.
... A61: · 못 채운 주가 이어져도 실패가 아니다 — 증량기록에 X를 넣으면 그 주 중량이 유지된다.
