Workbook

Sheet 시작중량_설정
A1: 시작 중량 설정 — 5년 공백 후 복귀
A2: 노란 칸 두 곳만 채우면 각 요일 시트의 웜업 램프와 본세트 중량이 전부 자동 계산됩니다.
A4: 현재 주차 | C4: 1 | D4: ← 매주 이 숫자만 바꾸면 요일 시트 중량이 그 주에 맞게 갱신됩니다 (1~12)
A6: 종목 | B6: 5년 전 중량 | C6: 권장 시작 (40%) | D6: 시작 중량 ★입력★ | E6: 현재 작업중량 | F6: 본세트
A7: 스쿼트 | B7: 92.5 | C7: =MAX(20,MROUND(B7*0.4,2.5)) -> 37.5 | D7: 37.5 | E7: =INDEX(증량기록!$C$10:$C$21,$C$4) -> 37.5 | F7: 5회 × 5세트
A8: 데드리프트 | B8: 105 | C8: =MAX(20,MROUND(B8*0.4,2.5)) -> 42.5 | D8: 42.5 | E8: =INDEX(증량기록!$E$10:$E$21,$C$4) -> 42.5 | F8: 5회 × 1세트
A9: 벤치프레스 | B9: 47.25 | C9: =MAX(20,MROUND(B9*0.4,2.5)) -> 20 | D9: 20 | E9: =INDEX(증량기록!$G$10:$G$21,$C$4) -> 20 | F9: 5회 × 5세트
A10: 밀리터리 프레스 | B10: 40 | C10: =MAX(20,MROUND(B10*0.4,2.5)) -> 20 | D10: 20 | E10: =INDEX(증량기록!$I$10:$I$21,$C$4) -> 20 | F10: 5회 × 3세트
D11: ↑ 여기에 숫자를 직접 입력
A13: D열(시작 중량)을 바꾸는 법
A14: · D7~D10 노란 칸에 원하는 숫자를 그냥 입력하면 됩니다. 수식이 아니라 일반 숫자입니다.
A15: · 예: 스쿼트를 30kg으로 시작하고 싶으면 D7에 30을 입력. 나머지는 전부 자동으로 따라옵니다.
A16: · C열은 참고용 계산값이므로 건드리지 않아도 됩니다.
A17: · 그리고 C4의 '현재 주차'는 매주 1씩 올려주는 칸입니다. 이 두 곳 외에는 손댈 필요가 없습니다.
A19: 5년 공백 후 시작 중량 잡는 법
A20: · 5년 쉬었으면 근력보다 관절 · 건 · 인대와 폼 감각이 먼저 무너져 있다. 근육은 빨리 돌아오지만 이쪽은 느리다.
A21: · 벤치와 프레스는 빈 봉(20kg)에서 시작하는 것이 맞다. 이것이 과한 것이 아니라 정상이다.
A22: · 기준: 10회는 할 수 있을 것 같은 무게로 5회만 하는 것. 여유가 크게 느껴져야 맞다.
A23: · 첫 3~4주는 훈련이 아니라 재적응 기간으로 본다. 가볍다고 느껴도 그대로 간다.
A24: · 너무 가볍게 시작해서 잃는 것은 3~4주뿐이다. 너무 무겁게 시작하면 몇 달을 잃는다.
A26: · 5년 전 중량은 참고치일 뿐 목표가 아니다. 다만 한 번 만들어본 근력은 처음 만들 때보다 빠르게 돌아온다.
... A38: 12주 예상 진행 (X 입력이 없을 때)
A39: 주차 | B39: 스쿼트 | C39: 데드리프트 | D39: 벤치프레스 | E39: 밀리터리 프레스
A40: 1주차 | B40: =증량기록!C10 -> 37.5 | C40: =증량기록!E10 -> 42.5 | D40: =증량기록!G10 -> 20 | E40: =증량기록!I10 -> 20
A41: 2주차 | B41: =증량기록!C11 -> 42.5 | C41: =증량기록!E11 -> 47.5 | D41: =증량기록!G11 -> 22.25 | E41: =증량기록!I11 -> 21.25
A42: 3주차 | B42: =증량기록!C12 -> 47.5 | C42: =증량기록!E12 -> 52.5 | D42: =증량기록!G12 -> 24.5 | E42: =증량기록!I12 -> 22.5
A43: 4주차 | B43: =증량기록!C13 -> 52.5 | C43: =증량기록!E13 -> 57.5 | D43: =증량기록!G13 -> 26.75 | E43: =증량기록!I13 -> 23.75
A44: 5주차 | B44: =증량기록!C14 -> 57.5 | C44: =증량기록!E14 -> 62.5 | D44: =증량기록!G14 -> 29 | E44: =증량기록!I14 -> 25
A45: 6주차 | B45: =증량기록!C15 -> 62.5 | C45: =증량기록!E15 -> 67.5 | D45: =증량기록!G15 -> 31.25 | E45: =증량기록!I15 -> 26.25
A46: 7주차 | B46: =증량기록!C16 -> 67.5 | C46: =증량기록!E16 -> 72.5 | D46: =증량기록!G16 -> 33.5 | E46: =증량기록!I16 -> 27.5
A47: 8주차 | B47: =증량기록!C17 -> 72.5 | C47: =증량기록!E17 -> 77.5 | D47: =증량기록!G17 -> 35.75 | E47: =증량기록!I17 -> 28.75
A48: 9주차 | B48: =증량기록!C18 -> 77.5 | C48: =증량기록!E18 -> 82.5 | D48: =증량기록!G18 -> 38 | E48: =증량기록!I18 -> 30
A49: 10주차 | B49: =증량기록!C19 -> 82.5 | C49: =증량기록!E19 -> 87.5 | D49: =증량기록!G19 -> 40.25 | E49: =증량기록!I19 -> 31.25
A50: 11주차 | B50: =증량기록!C20 -> 87.5 | C50: =증량기록!E20 -> 92.5 | D50: =증량기록!G20 -> 42.5 | E50: =증량기록!I20 -> 32.5
A51: 12주차 | B51: =증량기록!C21 -> 92.5 | C51: =증량기록!E21 -> 97.5 | D51: =증량기록!G21 -> 44.75 | E51: =증량기록!I21 -> 33.75
A53: · 위 표는 X 입력이 없다고 가정한 계획선이다. 실제 진행은 증량기록 시트가 결정한다.

Sheet 주간계획
A1: 운동 프로그램 (재편판)
A2: 적용 시기: 재택 근무 기간 (~9월) | 주 5회 / 1일 1세션 / 회당 55~70분
A4: 요일 | B4: 내용 | C4: 주요 근육군 | D4: 예상 세트 | E4: 예상 시간
A5: 월 | B5: 가슴 | C5: 흉근 (상부·중하부) | D5: =월_가슴!$E$25 -> 18 | E5: 약 55분
A6: 화 | B6: 어깨 | C6: 삼각근 (전·측·후면) | D6: =화_어깨!$E$27 -> 22 | E6: 약 60분
A7: 수 | B7: 등 | C7: 광배 · 기립근 | D7: =수_등!$E$20 -> 21 | E7: 약 60분
A8: 목 | B8: 휴식 | C8: — | D8: 0 | E8: —
A9: 금 | B9: 하체 | C9: 대퇴사두 · 햄스트링 · 종아리 | D9: =금_하체!$E$19 -> 23 | E9: 약 70분
A10: 토 | B10: 둔근 · 팔 · 복부 | C10: 둔근 · 이두 · 삼두 · 복부 · 종아리 | D10: =토_둔근팔복부!$E$21 -> 35 | E10: 약 60분
A11: 일 | B11: 휴식 | C11: — | D11: 0 | E11: —
A12: 합계 | D12: =SUM(D5:D11) -> 119
A14: 배치 논리
A15: · 월·화·수 상체 연속 블록 — 삼두는 월·화에서, 이두는 수에서 예열되어 토요일에 마무리
A16: · 데드(수)와 스쿼트(금)는 목요일 휴식으로 분리 — 기립근 중복 방지
A17: · 하체(금) 바로 다음날 둔근(토) 연결
A18: · 화요일 프레스는 전날 벤치 여파로 무게가 덜 나옴. 이어가기 배치의 대가이며, 우선순위는 월요일 벤치
A21: 범례
A22: 파란 글씨 = 직접 입력하는 값 (중량·달성 여부)
A23: 검은 글씨 = 수식 (건드리지 말 것)
A24: 노란 칸 = 매주 채워 넣는 칸
A28: 기구 선택 원리 — 각 시트 I열의 대체 종목 활용법
A29: · 바벨: 가장 무겁게 칠 수 있다. 메인 리프트는 바벨을 기본으로 둔다.
A30: · 덤벨: 가동범위가 넓고 좌우가 독립적이다. 약한 쪽이 강한 쪽에 묻히지 않는다.
... A37: · 같은 종목을 최소 4~6주는 유지해야 증량 추이를 읽을 수 있다.

Sheet 월_가슴
A1: 월요일 — 가슴
A3: 메인: 벤치프레스
A4: 중량(Kg) | B4: 반복 | C4: 세트
A5: =MAX(20,MROUND(시작중량_설정!$E$9*0.4,2.5)) -> 20 | B5: 5 | C5: 2
A6: =IF(MAX(20,MROUND(시작중량_설정!$E$9*0.6,2.5))<=MAX(20,MROUND(시작중량_설정!$E$9*0.4,2.5)),"생략",MAX(20,MROUND(시작중량_설정!$E$9*0.6,2.5))) -> 생략 | B6: 5 | C6: 1
A7: =IF(MAX(20,MROUND(시작중량_설정!$E$9*0.75,2.5))<=MAX(20,MROUND(시작중량_설정!$E$9*0.6,2.5)),"생략",MAX(20,MROUND(시작중량_설정!$E$9*0.75,2.5))) -> 생략 | B7: 3 | C7: 1
A8: =IF(MAX(20,MROUND(시작중량_설정!$E$9*0.9,2.5))<=MAX(20,MROUND(시작중량_설정!$E$9*0.75,2.5)),"생략",MAX(20,MROUND(시작중량_설정!$E$9*0.9,2.5))) -> 생략 | B8: 2 | C8: 1
A9: =시작중량_설정!$E$9 -> 20 | B9: 5 | C9: 5
A10: ↑ '시작중량_설정'과 자동 연동. 20 = 빈 봉. '생략'은 앞 세트와 중량이 겹쳐 불필요하다는 뜻.
A11: 웜업 — 회전근개 (세트 카운트 제외)
A12: · 케이블 외회전 2세트 × 12~15회. 팔꿈치 90도로 접어 옆구리에 붙이고 바깥으로만 회전.
A13: · 매우 가볍게 — 2.5~5kg. 무거우면 광배와 후면 삼각근이 대신 일하며 목적을 잃는다.
A14: · 벤트오버 레터럴은 수평 외전이지 외회전이 아니다. 후면 삼각근은 자라도 극하근·소원근은 거의 안 쓴다.
A15: · 대체: 페이스풀(마지막에 외회전 추가) / 밴드 외회전 / 사이드 라잉 덤벨 외회전
A16: · 근비대 항목이 아니라 관절 준비 항목이므로 세트 합계에 넣지 않는다.
A18: 운동 구성
A19: # | B19: 종목 | C19: 근육군 | D19: 중량(Kg) | E19: 세트 | F19: 횟수 | G19: 간접 자극 | H19: 메모 | I19: 대체 종목
A20: 1 | B20: 벤치프레스 (본세트) | C20: 흉근(중하부) | D20: =시작중량_설정!$E$9 -> 20 | E20: 5 | F20: 5 | G20: 삼두·전면삼각 | H20: 현재 최우선 종목. 주당 1.25~2.25kg 마이크로로딩 | I20: 스미스 벤치프레스 (궤도 고정 — 보조자 없이 한계까지) / 체스트 프레스 머신 (같은 이유) / 플로어 프레스 (어깨가 아플 때, 하강 깊이 제한)
A21: 2 | B21: 덤벨 프레스 | C21: 흉근(중하부) | D21: 20~24 | E21: 3 | F21: 8~12 | G21: 삼두 | H21: 바벨이 못 쓰는 구간 — 가슴 아래까지 내려가고 좌우 독립. 벤치 직접 보조 | I21: 해머스트렝스 체스트 프레스 (좌우 독립 + 궤도 고정) / 케이블 체스트 프레스 (전 구간 장력) / 스미스 벤치는 대체 불가 — 좌우 독립이 사라짐
A22: 3 | B22: 인클라인 벤치프레스 | C22: 흉근(상부) | D22: 40~45 | E22: 3 | F22: 8~10 | G22: 삼두 | I22: 인클라인 스미스 프레스 / 인클라인 덤벨 프레스 (가동범위 ↑) / 인클라인 체스트 프레스 머신
A23: 4 | B23: 인클라인 덤벨 플라이 | C23: 흉근(상부) | D23: 12~15 | E23: 4 | F23: 10~12 | H23: 플랫 플라이에서 변경 — 세트 수 그대로 상부로 비중 이동 | I23: 케이블 크로스오버 (아래→위 방향, 전 구간 장력) / 펙덱 플라이 (등받이를 눕혀 인클라인 각으로) / 인클라인 머신 플라이
A24: 5 | B24: 딥스 | C24: 흉근(중하부) | D24: 맨몸 | E24: 3 | F24: 8~10 | G24: 삼두 | H24: 상체 앞으로 기울여 흉근 비중 확보 | I24: 어시스트 딥스 머신 (개수가 안 나올 때) / 디클라인 덤벨 프레스 / 딥스가 쉬워지면 벨트로 중량 추가
D25: 세트 합계 | E25: =SUM(E20:E24) -> 18
A27: · 스쿼트 대비 벤치 비율이 약 2:1 (통상 1.3:1). 프레스는 정상 범위이므로 수평 프레싱이 특정적으로 약함.
A28: · 흉근 상/중/하를 각각 독립 근육군으로 취급하지 않는다. 하나의 근육이며 프레스마다 전체가 함께 수축한다.
A29: · 원본 6종목 24세트가 부푼 원인이 이 과잉 분할이었다. 상부(쇄골지)만 따로 챙기면 충분.
A30: · 실질: 흉근 중하부 8~9세트 / 흉근 상부 9~10세트 (플랫 벤치가 상부에도 일부 기여)
A32: 덤벨 프레스 추가 (2025 재편)
A33: · 세트 수 때문이 아니라 궤도 때문. 기존 4종목은 벤치·인클라인벤치·딥스 모두 손 위치가 고정된 궤도였다.
A34: · 덤벨은 봉이 가슴에 닿는 지점보다 아래까지 내려가 늘어난 구간의 가동범위가 더 나온다.
A35: · 좌우 독립이라 약한 쪽이 강한 쪽에 묻히지 않는다.
A36: · 벤치가 스쿼트 대비 2:1로 처진 현 상태에서, 약점 종목에 자원을 더 배분하는 성격의 추가.
A37: · 덤벨 플라이 추가는 보류 — 인클라인 플라이 4세트로 이미 충분. 플랫 각도가 아쉬우면 몇 주 단위로 번갈아 할 것.
A39: · 점검 기준: 벤치 5×5가 계속 채워지면 유지. 무너지기 시작하면 덤벨 프레스를 3→2세트로 내리거나 인클라인 벤치와 격주 운용.

Sheet 화_어깨
A1: 화요일 — 어깨
A3: 메인: 밀리터리 프레스
A4: 중량(Kg) | B4: 반복 | C4: 세트
A5: =MAX(20,MROUND(시작중량_설정!$E$10*0.4,2.5)) -> 20 | B5: 5 | C5: 2
A6: =IF(MAX(20,MROUND(시작중량_설정!$E$10*0.6,2.5))<=MAX(20,MROUND(시작중량_설정!$E$10*0.4,2.5)),"생략",MAX(20,MROUND(시작중량_설정!$E$10*0.6,2.5))) -> 생략 | B6: 5 | C6: 1
A7: =IF(MAX(20,MROUND(시작중량_설정!$E$10*0.75,2.5))<=MAX(20,MROUND(시작중량_설정!$E$10*0.6,2.5)),"생략",MAX(20,MROUND(시작중량_설정!$E$10*0.75,2.5))) -> 생략 | B7: 3 | C7: 1
A8: =IF(MAX(20,MROUND(시작중량_설정!$E$10*0.9,2.5))<=MAX(20,MROUND(시작중량_설정!$E$10*0.75,2.5)),"생략",MAX(20,MROUND(시작중량_설정!$E$10*0.9,2.5))) -> 생략 | B8: 2 | C8: 1
A9: =시작중량_설정!$E$10 -> 20 | B9: 5 | C9: 3
A10: ↑ '시작중량_설정'과 자동 연동. 20 = 빈 봉. '생략'은 앞 세트와 중량이 겹쳐 불필요하다는 뜻.
A11: 웜업 — 회전근개 (세트 카운트 제외)
A12: · 케이블 외회전 2세트 × 12~15회. 팔꿈치 90도로 접어 옆구리에 붙이고 바깥으로만 회전.
A13: · 매우 가볍게 — 2.5~5kg. 무거우면 광배와 후면 삼각근이 대신 일하며 목적을 잃는다.
A14: · 벤트오버 레터럴은 수평 외전이지 외회전이 아니다. 후면 삼각근은 자라도 극하근·소원근은 거의 안 쓴다.
A15: · 대체: 페이스풀(마지막에 외회전 추가) / 밴드 외회전 / 사이드 라잉 덤벨 외회전
A16: · 근비대 항목이 아니라 관절 준비 항목이므로 세트 합계에 넣지 않는다.
A18: 운동 구성
A19: # | B19: 종목 | C19: 근육군 | D19: 중량(Kg) | E19: 세트 | F19: 횟수 | G19: 간접 자극 | H19: 메모 | I19: 대체 종목
A20: 1 | B20: 밀리터리 프레스 (본세트) | C20: 삼각근(전면) | D20: =시작중량_설정!$E$10 -> 20 | E20: 3 | F20: 5 | G20: 삼두 | H20: 팔꿈치 다 내리지 말 것 (부상 유발) | I20: 스미스 오버헤드 프레스 / 숄더 프레스 머신 / 덤벨 숄더 프레스 (가동범위 ↑, 좌우 독립) / 아놀드 프레스
A21: 2 | B21: 레터럴 레이즈 | C21: 삼각근(측면) | D21: 8~10 | E21: 4 | F21: 12~15 | I21: 케이블 레터럴 레이즈 (전 구간 장력 — 덤벨의 아래 구간 무저항 문제 해결) / 레터럴 레이즈 머신 / 인클라인 벤치에 옆으로 누워서 하는 라잉 레터럴
A22: 3 | B22: 벤트오버 레터럴 레이즈 | C22: 삼각근(후면) | D22: 8~10 | E22: 4 | F22: 12~15 | I22: 리버스 펙덱 (자세 유지가 쉬워 후면에 집중됨 — 사실상 상위 호환) / 케이블 리버스 플라이 / 인클라인 벤치에 엎드려 덤벨 리어델트 레이즈
A23: 4 | B23: 업라이트 로우 (스미스) | C23: 삼각근(측면) | D23: 15 | E23: 3 | F23: 12 | G23: 승모 | H23: 그립 넓게 — 좁으면 승모 운동이 되고 어깨 충돌 위험 | I23: 케이블 업라이트 로우 / 덤벨 업라이트 로우 / EZ바 업라이트 로우 (손목이 편함). 어느 쪽이든 그립은 넓게
A24: 5 | B24: 30도 인클라인 로우 | C24: 삼각근(후면) | D24: 12~15 | E24: 3 | F24: 12 | G24: 광배 | I24: 시티드 케이블 로우 (와이드 그립, 높은 위치로 당기기) / 리버스 펙덱 / 페이스풀
A25: 6 | B25: 원암 사이드 레터럴 레이즈 | C25: 삼각근(측면) | D25: 8~10 | E25: 3 | F25: 10~12 | H25: 케이블 우선. 없으면 랙 잡고 몸을 반대로 기울여 덤벨로 | I25: 케이블 원암 레터럴 레이즈 (최우선 — 이 종목의 목적에 가장 부합) / 원암 레터럴 레이즈 머신
A26: 7 | B26: 프론 Y 레이즈 | C26: 승모(하부) | D26: 2~5 | E26: 2 | F26: 12~15 | G26: 후면 삼각근 | H26: 벤트오버 레터럴과 같은 인클라인 벤치 — 세팅 그대로 이어서. 수요일과 나눠 주 2회 | I26: 케이블 Y 레이즈 / 페이스풀 (마지막에 견갑골 하강) / 프론 스윔. 무게는 어느 쪽이든 매우 가볍게
D27: 세트 합계 | E27: =SUM(E20:E26) -> 22
A29: · 원본 9종목의 전/측/후면 3분할 구조 자체는 타당했다. 종목 수만 줄이고 구조는 유지.
A30: · 후면 삼각근은 프레스로 자라지 않는 부위 — 반드시 별도로 센다.
A31: · 전면 삼각근은 프레스 + 벤치 + 딥스 간접으로 충분. 프론트 레이즈 불필요.
A32: · 전날 벤치 여파로 프레스 무게가 덜 나올 수 있음. 보수적으로 잡고 벤치에 우선순위를 둘 것.
A34: 측면 삼각근 보강 (7 → 10세트)
A35: · 덤벨 레터럴 레이즈는 팔이 내려간 구간에서 모멘트 암이 거의 0 — 아래 구간에 저항이 안 걸린다.
A36: · 원암은 몸을 반대로 기울일 수 있어 늘어난 위치부터 부하가 걸린다. 같은 운동이 아니므로 중복이 아님.
A37: · 세트를 더 붙이는 것보다 각도를 하나 더 넣는 쪽이 유효. 원본 어깨 파일에 있던 종목을 복원한 것.
A38: · 측면 삼각근은 간접 자극이 0인 부위 — 프레스는 전면만 키운다. 직접 세트로만 채워야 함.

Sheet 수_등
A1: 수요일 — 등
A3: 메인: 데드리프트
A4: 중량(Kg) | B4: 반복 | C4: 세트
A5: =MAX(20,MROUND(시작중량_설정!$E$8*0.4,2.5)) -> 20 | B5: 5 | C5: 2
A6: =IF(MAX(20,MROUND(시작중량_설정!$E$8*0.6,2.5))<=MAX(20,MROUND(시작중량_설정!$E$8*0.4,2.5)),"생략",MAX(20,MROUND(시작중량_설정!$E$8*0.6,2.5))) -> 25 | B6: 5 | C6: 1
A7: =IF(MAX(20,MROUND(시작중량_설정!$E$8*0.75,2.5))<=MAX(20,MROUND(시작중량_설정!$E$8*0.6,2.5)),"생략",MAX(20,MROUND(시작중량_설정!$E$8*0.75,2.5))) -> 32.5 | B7: 3 | C7: 1
A8: =IF(MAX(20,MROUND(시작중량_설정!$E$8*0.9,2.5))<=MAX(20,MROUND(시작중량_설정!$E$8*0.75,2.5)),"생략",MAX(20,MROUND(시작중량_설정!$E$8*0.9,2.5))) -> 37.5 | B8: 2 | C8: 1
A9: =시작중량_설정!$E$8 -> 42.5 | B9: 5 | C9: 1
A10: ↑ '시작중량_설정'과 자동 연동. 20 = 빈 봉. '생략'은 앞 세트와 중량이 겹쳐 불필요하다는 뜻.
A11: 운동 구성
A12: # | B12: 종목 | C12: 근육군 | D12: 중량(Kg) | E12: 세트 | F12: 횟수 | G12: 간접 자극 | H12: 메모 | I12: 대체 종목
A13: 1 | B13: 데드리프트 (본세트) | C13: 기립근 | D13: =시작중량_설정!$E$8 -> 42.5 | E13: 1 | F13: 5 | G13: 광배·햄스트링·둔근 | H13: 주 1회. 다음 목표 107.25 | I13: 트랩바 데드리프트 (요추 전단력 ↓ — 허리가 부담될 때) / 랙풀 (무릎 위에서 시작, 가동범위 축소) / 스모 데드리프트
A14: 2 | B14: 바벨 로우 (그립 번갈아) | C14: 광배 | D14: 50~60 | E14: 4 | F14: 8~10 | G14: 중부승모·이두 | H14: 수평 당기기. 광배 아래쪽 섬유 + 중부 승모. 매 세트 좁게·넓게 번갈아 | I14: 체스트 서포티드 로우 · 티바 로우 (가슴을 받쳐 허리 부담 제거 — 데드 다음 종목으로 이상적) / 시티드 케이블 로우 / 덤벨 로우 (좌우 독립, 집중) / 펜들레이 로우 (매 회 바닥에서 재시작)
A15: 3 | B15: 스캡 풀업 | C15: 승모(하부) | D15: 맨몸 | E15: 3 | F15: 8~10 | G15: 전거근 | H15: 친업 직전 배치. 팔은 편 채 견갑골만 아래로 — 순수 견갑골 하강이라 광배에 묻히지 않음 | I15: 스캡 랫풀다운 (매달리기가 힘들 때, 같은 동작을 앉아서) / 어시스트 풀업 머신에서 스캡 풀업 / 링 또는 바에 매달려 정지 3초
A16: 4 | B16: 친업 (어시스트 가능) | C16: 광배 | D16: 맨몸 | E16: 4 | F16: 6~8 | G16: 이두 | H16: 수직 당기기. 광배 위쪽 섬유 비중이 큼 | I16: 어시스트 풀업 머신 (개수가 안 나올 때) / 뉴트럴 그립 친업 (팔꿈치가 편함) / 랫풀다운으로 대체 시 수직 세트가 한쪽에 몰리니 주의
A17: 5 | B17: 랫풀다운 | C17: 광배 | D17: — | E17: 3 | F17: 8~12 | G17: 이두 | H17: 덤벨 로우에서 교체 — 수직 당기기 보강. 친업이 힘든 날의 무게 조절 수단도 됨 | I17: 원암 랫풀다운 (좌우 독립) / 뉴트럴 그립 랫풀다운 / 케이블 풀오버 (이두 개입 최소, 광배 고립)
A18: 6 | B18: 백 익스텐션 | C18: 기립근 | D18: 20 | E18: 3 | F18: 12 | G18: 둔근·햄스트링 | I18: 45도 하이퍼익스텐션 벤치 / 리버스 하이퍼 / 굿모닝 (중량 가능하나 허리 부담 ↑)
A19: 7 | B19: 프론 Y 레이즈 | C19: 승모(하부) | D19: 2~5 | E19: 3 | F19: 12~15 | G19: 후면 삼각근 | H19: 인클라인 벤치에 엎드려 Y자로. 화요일에 2세트 더 — 주 2회로 나눠 배치. 매우 가볍게 | I19: 케이블 Y 레이즈 / 페이스풀 (높은 위치에서 얼굴로, 마지막에 견갑골 하강) / 프론 스윔. 무게는 어느 쪽이든 매우 가볍게
D20: 세트 합계 | E20: =SUM(E13:E19) -> 21
A22: · 루마니안 데드리프트를 하체날로 이동. 원본에 '등 전체'로 분류돼 있었으나 실제로는 햄스트링 운동.
A23: · 옮기면서 등날 척추 부하도 함께 감소.
A24: · 펜들레이 데드 삭제 (데드 + 바벨로우와 중복). 덤벨 시러그 삭제 (로우가 승모를 커버).
A25: · 원본은 등 9종목 36세트였다. 척추 부하가 한 세션에 과도하게 몰려 있었음.
A27: 하부 승모 보강
A28: · 승모근은 상·중·하부가 서로 다른 방향으로 견갑골을 움직인다 — 광배 상/하와 달리 실제로 갈라 봐야 하는 근육.
A29: · 상부는 올리고(시러그), 중부는 모으고(로우), 하부는 내린다(견갑골 하강).
A30: · 기존 프로그램에 견갑골을 아래로 내리는 동작이 전무했다.
A31: · 프론 Y 레이즈는 매우 가볍게 — 2~5kg. 무게를 올리면 상부 승모가 대신 일하며 목적을 잃는다.
A32: · 하루 종일 앉아 있으면 견갑골이 올라가고 앞으로 말린다. 이 동작은 그 자세의 정확한 반대편.
A33: · 교체 전: 수직 4(친업) : 수평 7(바벨로우·덤벨로우) — 수평으로 기울어 있었음
A34: · 교체 후: 수직 7(친업·랫풀다운) : 수평 4(바벨로우) — 세트 총량은 11로 동일
... A48: · 전거근이 약하면 하부 승모를 키워도 견갑골이 제 위치로 안 간다 — 신경 쓰이면 웜업에 푸시업 플러스나 벽 슬라이드 2세트.

Sheet 금_하체
A1: 금요일 — 하체
A3: 메인: 스쿼트
A4: 중량(Kg) | B4: 반복 | C4: 세트
A5: =MAX(20,MROUND(시작중량_설정!$E$7*0.4,2.5)) -> 20 | B5: 5 | C5: 2
A6: =IF(MAX(20,MROUND(시작중량_설정!$E$7*0.6,2.5))<=MAX(20,MROUND(시작중량_설정!$E$7*0.4,2.5)),"생략",MAX(20,MROUND(시작중량_설정!$E$7*0.6,2.5))) -> 22.5 | B6: 5 | C6: 1
A7: =IF(MAX(20,MROUND(시작중량_설정!$E$7*0.75,2.5))<=MAX(20,MROUND(시작중량_설정!$E$7*0.6,2.5)),"생략",MAX(20,MROUND(시작중량_설정!$E$7*0.75,2.5))) -> 27.5 | B7: 3 | C7: 1
A8: =IF(MAX(20,MROUND(시작중량_설정!$E$7*0.9,2.5))<=MAX(20,MROUND(시작중량_설정!$E$7*0.75,2.5)),"생략",MAX(20,MROUND(시작중량_설정!$E$7*0.9,2.5))) -> 35 | B8: 2 | C8: 1
A9: =시작중량_설정!$E$7 -> 37.5 | B9: 5 | C9: 5
A10: ↑ '시작중량_설정'과 자동 연동. 20 = 빈 봉. '생략'은 앞 세트와 중량이 겹쳐 불필요하다는 뜻.
A11: 운동 구성
A12: # | B12: 종목 | C12: 근육군 | D12: 중량(Kg) | E12: 세트 | F12: 횟수 | G12: 간접 자극 | H12: 메모 | I12: 대체 종목
A13: 1 | B13: 스쿼트 (본세트) | C13: 대퇴사두 | D13: =시작중량_설정!$E$7 -> 37.5 | E13: 5 | F13: 5 | G13: 둔근·기립근 | H13: 다음 목표 95. 점핑 스쿼트 2세트를 웜업 앞에 배치 가능 | I13: 스미스 스쿼트 (궤도 고정) / 핵 스쿼트 (대퇴사두 집중) / 프론트 스쿼트 / 벨트 스쿼트 (척추 부하 없음 — 9월 이후 유용)
A14: 2 | B14: 루마니안 데드리프트 | C14: 햄스트링 | D14: 70 | E14: 4 | F14: 8 | G14: 둔근·기립근 | H14: 등날에서 이동. 3→4세트 증량 | I14: 덤벨 RDL (좌우 독립) / 스티프 레그드 데드리프트 / 케이블 풀스루 (허리 부담 최소) / 굿모닝
A15: 3 | B15: 레그 프레스 | C15: 대퇴사두 | D15: — | E15: 3 | F15: 8~12 | G15: 둔근 | H15: 프론트 스쿼트에서 교체. 궤도 고정이라 대퇴사두가 확실히 한계까지 간다. 발판 위치는 중간 — 낮으면 무릎, 높으면 둔근·햄 비중 | I15: 핵 스쿼트 (대퇴사두에 더 집중) / 레그 익스텐션 (완전 고립 — 무릎 부담은 더 큼) / 프론트 스쿼트로 되돌리기
A16: 4 | B16: 레그 컬 | C16: 햄스트링 | D16: — | E16: 4 | F16: 10~12 | H16: 3→4세트 증량 | I16: 라잉 레그 컬 · 시티드 레그 컬 (시티드가 늘어난 구간을 더 씀) / 노르딕 햄 컬 (맨몸, 매우 어려움) / 스위스볼 레그 컬
A17: 5 | B17: 글룻 햄 라이즈 | C17: 햄스트링 | D17: 맨몸 | E17: 3 | F17: 10 | G17: 둔근 | H17: 신규 추가. 원본에 '대퇴근'으로 오분류돼 있던 종목 | I17: 노르딕 햄 컬 / 백 익스텐션에서 무릎을 편 채 햄스트링 강조 / 케이블 풀스루
A18: 6 | B18: 카프 레이즈 | C18: 종아리 | D18: — | E18: 4 | F18: 12~15 | H18: 원본에 종아리 종목이 전무했음. 3→4세트 증량 (RP MEV 대조) — 무릎 편 스탠딩 계열로, 토요일 시티드와 구분 | I18: 스탠딩 카프 레이즈 머신 (무릎 편 상태 — 비복근) / 시티드 카프 레이즈 (무릎 굽힘 — 가자미근) / 레그 프레스 발판 끝에서 카프 레이즈 / 스미스 카프 레이즈
D19: 세트 합계 | E19: =SUM(E13:E18) -> 23
A21: 삭제한 종목과 이유
A22: · 쉬림프 스쿼트 — 스쿼트 변형 중복
A23: · 파워 스쿼트 (스모) — 스쿼트 변형 중복
A24: · 덤벨 런지 → 토요일 둔근날로 이동
A25: · 힙 쓰러스트 → 토요일 둔근날로 이동
A27: 레그 프레스 교체 (프론트 스쿼트 → 레그 프레스)
A28: · 프론트 스쿼트는 상부 등과 코어 요구가 커서, 대퇴사두가 한계에 가기 전에 다른 부위가 먼저 나가는 경우가 많다.
A29: · 목적이 대퇴사두를 확실히 태우는 것이라면 궤도가 고정된 레그 프레스가 유효하다. 세트 수는 3세트로 동일.
A30: · 스쿼트가 이미 자유 궤도 · 코어 · 안정근을 전부 담당하므로, 보조에서까지 같은 요구를 반복할 이유가 적다.
A31: · 대신 잃는 것: 프론트 스쿼트의 상부 등 · 코어 자극. 스쿼트 5세트와 데드로 충분히 커버된다고 판단.
A33: · 9월 이후 활용: 현장 복귀 시 허리에 이미 하루치 부하가 깔린다. 그때는 바벨 스쿼트 세트를 줄이고
A34: 레그 프레스 비중을 늘려, 척추 축방향 부하 없이 하체 볼륨을 유지하는 것이 맞다.
A35: · 무릎을 끝까지 펴서 잠그지 말 것. 등과 골반은 시트에 붙인 채로 — 하강 시 골반이 말리면 요추가 굽는다.

Sheet 토_둔근팔복부
A1: 토요일 — 둔근 · 팔 · 복부
A2: 서로 회복 경쟁이 없는 조합. 그 주 가장 가벼운 세션. 순서: 둔근 → 팔 → 복부 → 종아리
A4: # | B4: 종목 | C4: 근육군 | D4: 중량(Kg) | E4: 세트 | F4: 횟수 | G4: 간접 자극 | H4: 메모 | I4: 대체 종목
A5: 둔근
A6: 1 | B6: 힙 쓰러스트 | C6: 둔근 | D6: 50~60 | E6: 3 | F6: 8~12 | G6: 햄스트링 | H6: 이 날의 메인. 무겁게 | I6: 힙 쓰러스트 머신 / 스미스 힙 쓰러스트 (바 고정으로 세팅이 쉬움) / 글룻 브릿지 (벤치 없이)
A7: 2 | B7: 불가리안 스플릿 스쿼트 | C7: 둔근 | D7: 15 | E7: 3 | F7: 10 (좌우) | G7: 대퇴사두 | H7: 덤벨 런지로 대체 가능 | I7: 덤벨 런지 / 워킹 런지 / 스텝업 (박스 높이로 강도 조절) / 리버스 런지 (무릎 부담 ↓)
A8: 3 | B8: 케이블 힙 외전 | C8: 중둔근 | D8: — | E8: 3 | F8: 12~15 (좌우) | H8: 킥백(신전)에서 교체 — 둔근 8세트가 전부 신전이라 관상면 외전이 0이었음. 앉아 있으면 대둔근보다 중둔근이 먼저 잠든다 | I8: 밴드 몬스터 워크 / 사이드 라잉 힙 외전 (맨몸, 가장 쉬움) / 힙 어브덕션 머신 / 스탠딩 케이블 외전. 상체를 기울여 반동 쓰지 말 것
A9: 팔
A10: 4 | B10: 바벨 컬 (또는 해머 컬) | C10: 이두 | D10: 30~35 | E10: 3 | F10: 8~12 | G10: 전완 | H10: 이두 3세트가 상한 | I10: EZ바 컬 (손목이 편함) / 케이블 컬 (전 구간 장력) / 인클라인 덤벨 컬 (늘어난 구간을 씀 — 이두 보강 시 1순위) / 프리처 컬 (반동 차단) / 해머 컬 (전완 상완요골근 동시)
A11: 5 | B11: 라잉 트라이셉스 익스텐션 | C11: 삼두 | D11: 30~35 | E11: 3 | F11: 8~12 | H11: 삼두 3세트가 상한 | I11: 케이블 푸시다운 (가장 무난) / 오버헤드 케이블 익스텐션 (늘어난 구간을 씀) / 클로즈그립 벤치프레스 (중량 가능) / 딥스 머신
A12: 6 | B12: 리버스 리스트 컬 | C12: 전완 | D12: 10 | E12: 3 | F12: 15 | H12: 손목 신근. 타이핑으로 약해지는 쪽이라 비중을 더 준다 | I12: 케이블 리버스 리스트 컬 / 리버스 EZ바 컬 (상완요골근까지) / 덤벨로 한 손씩
A13: 7 | B13: 리스트 컬 | C13: 전완 | D13: 10 | E13: 2 | F13: 15 | H13: 손목 굴근. 원본 슈퍼세트 파일의 대항쌍 복원 | I13: 덤벨 리스트 컬 (한 손씩) / 케이블 리스트 컬 / 바를 등 뒤로 잡고 비하인드백 리스트 컬
A14: 복부
A15: 8 | B15: 행잉 레그 레이즈 | C15: 복부 | D15: 맨몸 | E15: 3 | F15: 10~15 | I15: 캡틴 체어 레그 레이즈 (그립이 먼저 지칠 때) / 인클라인 벤치 리버스 크런치 / 라잉 레그 레이즈 (가장 쉬움)
A16: 9 | B16: 중량 크런치 | C16: 복부 | D16: 2.5 | E16: 3 | F16: 12 | I16: 케이블 크런치 (중량 조절이 쉬워 점진적 과부하에 최적 — 1순위) / 압도미널 크런치 머신 / 30도 인클라인 벤치 싯업
A17: 10 | B17: 플랭크 | C17: 복부 | D17: — | E17: 2 | F17: 30초 | H17: 사이드 밴드로 대체 가능 | I17: 애브 롤아웃 (휠 또는 바벨) / 사이드 플랭크 (측면 추가) / 팔로프 프레스 (항회전)
A18: 11 | B18: 트렁크 로테이션 | C18: 복부 | D18: — | E18: 3 | F18: 8~10 (좌우) | H18: 복사근·회전. 원본 슈퍼세트 파일에 있던 종목. 케이블 우드촙으로 대체 가능 | I18: 케이블 우드촙 (위→아래 / 아래→위) / 러시안 트위스트 / 팔로프 프레스 / 덤벨 사이드 밴드 (측굴 — 허리 측면 부담 있음)
A19: 종아리
A20: 12 | B20: 시티드 카프 레이즈 | C20: 종아리 | D20: — | E20: 4 | F20: 12~15 | H20: 신규 추가 (RP 볼륨 대조 — 주 3세트는 MEV 미달). 무릎을 굽히면 비복근이 느슨해져 가자미근이 주도 — 금요일 스탠딩과 역할이 다름. 금 4세트와 합쳐 주 8세트 | I20: 시티드 카프 레이즈 머신 (1순위) / 레그 프레스에서 무릎 굽힌 채 발끝으로 밀기 / 덤벨을 무릎에 올리고 발뒤꿈치 들기 (집에서) / 머신이 없으면 스탠딩으로 하되 금요일과 각도를 다르게
D21: 세트 합계 | E21: =SUM(E5:E20) -> 35
A23: · 이두 3 / 삼두 3이 상한. 벤치·프레스·로우·친업에서 간접 세트가 계속 들어옴.
A24: · 전용 날을 만들면 종목이 불어나기 쉬운데, 주 26~28세트 → 6~8세트가 이번 정리의 핵심.
A25: · 둔근은 하루 종일 앉아 있으면 가장 먼저 잠드는 근육. 몸매가 아니라 앉은 시간 상쇄 목적.
A26: · 하체(금) 다음날 배치 — 데드(수) 다음날은 피할 것. 둔근이 이미 소모된 상태라 힙 쓰러스트가 안 나옴.
A28: 전완 · 복부 보강
A29: · 전완: 리스트 컬 + 리버스 리스트 컬은 손목 굴근/신근 대항쌍. 원본 슈퍼세트 파일에 한 쌍으로 있던 구성.
A30: · 타이핑을 종일 하면 굴근은 짧아지고 신근만 약해진다 — 그래서 리버스 3 / 리스트 2로 비대칭 배분.
A31: · 복부: 기존 구성은 굴곡(레그레이즈·크런치)과 항신전(플랭크)뿐. 회전이 통째로 비어 있었다.
A32: · 트렁크 로테이션은 세트 수보다 빠진 움직임 패턴을 메우는 것이 목적.
A33: 종아리 추가 (2026-08 · RP 볼륨 대조)
A34: · 주 3세트는 유지 하한(8세트) 미달 — 검산표에서 유일한 실질 미달 부위였다. 금 카프 4 + 토 시티드 4 = 주 8세트.
A35: · 스탠딩(무릎 폄)은 비복근, 시티드(무릎 굽힘)는 가자미근 주도 — 둘을 나눠야 종아리 전체가 커버된다.

Sheet 세트검산
A1: 근육군별 주간 세트 — 검산
A2: 세트는 근육군 단위로 센다. '하체 20세트'는 의미 없는 숫자 — 대퇴 18 / 햄스트링 2여도 하체 20이 된다.
A4: 근육군 | B4: 직접 세트 | C4: 간접 추정 | D4: 실질 | E4: 판정 | F4: 간접 출처 / 비고
A5: 흉근(상부) | B5: =SUMIFS(월_가슴!$E:$E,월_가슴!$C:$C,$A5)+SUMIFS(화_어깨!$E:$E,화_어깨!$C:$C,$A5)+SUMIFS(수_등!$E:$E,수_등!$C:$C,$A5)+SUMIFS(금_하체!$E:$E,금_하체!$C:$C,$A5)+SUMIFS(토_둔근팔복부!$E:$E,토_둔근팔복부!$C:$C,$A5) -> 7 | C5: 3 | D5: =B5+C5 -> 10 | E5: =IF(D5>=10,"충분",IF(D5>=8,"하한",IF(D5>=1,"보완 필요","미배치"))) -> 충분 | F5: 플랫 벤치 5세트가 쇄골지에도 일부 기여
A6: 흉근(중하부) | B6: =SUMIFS(월_가슴!$E:$E,월_가슴!$C:$C,$A6)+SUMIFS(화_어깨!$E:$E,화_어깨!$C:$C,$A6)+SUMIFS(수_등!$E:$E,수_등!$C:$C,$A6)+SUMIFS(금_하체!$E:$E,금_하체!$C:$C,$A6)+SUMIFS(토_둔근팔복부!$E:$E,토_둔근팔복부!$C:$C,$A6) -> 11 | C6: 3 | D6: =B6+C6 -> 14 | E6: =IF(D6>=10,"충분",IF(D6>=8,"하한",IF(D6>=1,"보완 필요","미배치"))) -> 충분 | F6: 인클라인 6세트가 흉늑지에도 일부 기여
A7: 광배 | B7: =SUMIFS(월_가슴!$E:$E,월_가슴!$C:$C,$A7)+SUMIFS(화_어깨!$E:$E,화_어깨!$C:$C,$A7)+SUMIFS(수_등!$E:$E,수_등!$C:$C,$A7)+SUMIFS(금_하체!$E:$E,금_하체!$C:$C,$A7)+SUMIFS(토_둔근팔복부!$E:$E,토_둔근팔복부!$C:$C,$A7) -> 11 | C7: 0 | D7: =B7+C7 -> 11 | E7: =IF(D7>=10,"충분",IF(D7>=8,"하한",IF(D7>=1,"보완 필요","미배치"))) -> 충분 | F7: 데드리프트 간접
A8: 승모(하부) | B8: =SUMIFS(월_가슴!$E:$E,월_가슴!$C:$C,$A8)+SUMIFS(화_어깨!$E:$E,화_어깨!$C:$C,$A8)+SUMIFS(수_등!$E:$E,수_등!$C:$C,$A8)+SUMIFS(금_하체!$E:$E,금_하체!$C:$C,$A8)+SUMIFS(토_둔근팔복부!$E:$E,토_둔근팔복부!$C:$C,$A8) -> 8 | C8: 3 | D8: =B8+C8 -> 11 | E8: =IF(D8>=10,"충분",IF(D8>=8,"하한",IF(D8>=1,"보완 필요","미배치"))) -> 충분 | F8: 친업 · 랫풀다운의 견갑골 하강 — 동작 개시에만 관여하므로 하향 (5 → 3)
A9: 승모(중부)·능형근 | B9: =SUMIFS(월_가슴!$E:$E,월_가슴!$C:$C,$A9)+SUMIFS(화_어깨!$E:$E,화_어깨!$C:$C,$A9)+SUMIFS(수_등!$E:$E,수_등!$C:$C,$A9)+SUMIFS(금_하체!$E:$E,금_하체!$C:$C,$A9)+SUMIFS(토_둔근팔복부!$E:$E,토_둔근팔복부!$C:$C,$A9) -> 0 | C9: 11 | D9: =B9+C9 -> 11 | E9: =IF(D9>=10,"충분",IF(D9>=8,"하한",IF(D9>=1,"보완 필요","미배치"))) -> 충분 | F9: 바벨 로우 4 · 30도 인클라인 로우 3 · 벤트오버 레터럴 4 — 전부 견갑골 후인. 직접 종목은 없으므로 로우를 빼면 이 칸도 함께 내릴 것
A10: 기립근 | B10: =SUMIFS(월_가슴!$E:$E,월_가슴!$C:$C,$A10)+SUMIFS(화_어깨!$E:$E,화_어깨!$C:$C,$A10)+SUMIFS(수_등!$E:$E,수_등!$C:$C,$A10)+SUMIFS(금_하체!$E:$E,금_하체!$C:$C,$A10)+SUMIFS(토_둔근팔복부!$E:$E,토_둔근팔복부!$C:$C,$A10) -> 4 | C10: 7 | D10: =B10+C10 -> 11 | E10: =IF(D10>=10,"충분",IF(D10>=8,"하한",IF(D10>=1,"보완 필요","미배치"))) -> 충분 | F10: 스쿼트 · RDL · 바벨로우
A11: 삼각근(전면) | B11: =SUMIFS(월_가슴!$E:$E,월_가슴!$C:$C,$A11)+SUMIFS(화_어깨!$E:$E,화_어깨!$C:$C,$A11)+SUMIFS(수_등!$E:$E,수_등!$C:$C,$A11)+SUMIFS(금_하체!$E:$E,금_하체!$C:$C,$A11)+SUMIFS(토_둔근팔복부!$E:$E,토_둔근팔복부!$C:$C,$A11) -> 3 | C11: 8 | D11: =B11+C11 -> 11 | E11: =IF(D11>=10,"충분",IF(D11>=8,"하한",IF(D11>=1,"보완 필요","미배치"))) -> 충분 | F11: 벤치 · 인클라인 · 딥스
A12: 삼각근(측면) | B12: =SUMIFS(월_가슴!$E:$E,월_가슴!$C:$C,$A12)+SUMIFS(화_어깨!$E:$E,화_어깨!$C:$C,$A12)+SUMIFS(수_등!$E:$E,수_등!$C:$C,$A12)+SUMIFS(금_하체!$E:$E,금_하체!$C:$C,$A12)+SUMIFS(토_둔근팔복부!$E:$E,토_둔근팔복부!$C:$C,$A12) -> 10 | C12: 0 | D12: =B12+C12 -> 10 | E12: =IF(D12>=10,"충분",IF(D12>=8,"하한",IF(D12>=1,"보완 필요","미배치"))) -> 충분 | F12: —
A13: 삼각근(후면) | B13: =SUMIFS(월_가슴!$E:$E,월_가슴!$C:$C,$A13)+SUMIFS(화_어깨!$E:$E,화_어깨!$C:$C,$A13)+SUMIFS(수_등!$E:$E,수_등!$C:$C,$A13)+SUMIFS(금_하체!$E:$E,금_하체!$C:$C,$A13)+SUMIFS(토_둔근팔복부!$E:$E,토_둔근팔복부!$C:$C,$A13) -> 7 | C13: 3 | D13: =B13+C13 -> 10 | E13: =IF(D13>=10,"충분",IF(D13>=8,"하한",IF(D13>=1,"보완 필요","미배치"))) -> 충분 | F13: 바벨 로우 · 인클라인 로우
A14: 대퇴사두 | B14: =SUMIFS(월_가슴!$E:$E,월_가슴!$C:$C,$A14)+SUMIFS(화_어깨!$E:$E,화_어깨!$C:$C,$A14)+SUMIFS(수_등!$E:$E,수_등!$C:$C,$A14)+SUMIFS(금_하체!$E:$E,금_하체!$C:$C,$A14)+SUMIFS(토_둔근팔복부!$E:$E,토_둔근팔복부!$C:$C,$A14) -> 8 | C14: 3 | D14: =B14+C14 -> 11 | E14: =IF(D14>=10,"충분",IF(D14>=8,"하한",IF(D14>=1,"보완 필요","미배치"))) -> 충분 | F14: 불가리안 스플릿 스쿼트
A15: 햄스트링 | B15: =SUMIFS(월_가슴!$E:$E,월_가슴!$C:$C,$A15)+SUMIFS(화_어깨!$E:$E,화_어깨!$C:$C,$A15)+SUMIFS(수_등!$E:$E,수_등!$C:$C,$A15)+SUMIFS(금_하체!$E:$E,금_하체!$C:$C,$A15)+SUMIFS(토_둔근팔복부!$E:$E,토_둔근팔복부!$C:$C,$A15) -> 11 | C15: 2 | D15: =B15+C15 -> 13 | E15: =IF(D15>=10,"충분",IF(D15>=8,"하한",IF(D15>=1,"보완 필요","미배치"))) -> 충분 | F15: 데드리프트 · 힙 쓰러스트
A16: 둔근 | B16: =SUMIFS(월_가슴!$E:$E,월_가슴!$C:$C,$A16)+SUMIFS(화_어깨!$E:$E,화_어깨!$C:$C,$A16)+SUMIFS(수_등!$E:$E,수_등!$C:$C,$A16)+SUMIFS(금_하체!$E:$E,금_하체!$C:$C,$A16)+SUMIFS(토_둔근팔복부!$E:$E,토_둔근팔복부!$C:$C,$A16) -> 6 | C16: 5 | D16: =B16+C16 -> 11 | E16: =IF(D16>=10,"충분",IF(D16>=8,"하한",IF(D16>=1,"보완 필요","미배치"))) -> 충분 | F16: 스쿼트 · RDL · 데드
... A22: 복부 | B22: =SUMIFS(월_가슴!$E:$E,월_가슴!$C:$C,$A22)+SUMIFS(화_어깨!$E:$E,화_어깨!$C:$C,$A22)+SUMIFS(수_등!$E:$E,수_등!$C:$C,$A22)+SUMIFS(금_하체!$E:$E,금_하체!$C:$C,$A22)+SUMIFS(토_둔근팔복부!$E:$E,토_둔근팔복부!$C:$C,$A22) -> 11 | C22: 0 | D22: =B22+C22 -> 11 | E22: =IF(D22>=10,"충분",IF(D22>=8,"하한",IF(D22>=1,"보완 필요","미배치"))) -> 충분 | F22: 스쿼트 · 데드 코어 안정화
A23: 직접 세트 총계 | B23: =SUM(B5:B22) -> 119
A24: 기준선
A25: · 주 10~20세트 = 성장 구간
A26: · 주 8세트 = 유지 하한
A27: · 실패지점 2~3회 이내 세트만 카운트 (웜업 · 여유 세트 제외)
A29: 따로 세야 하는 경우
A30: · 판단 기준은 하나 — 다른 종목이 그 부위를 대신 키워주는가.
A31: · 안 키워주면 따로 센다: 햄스트링(스쿼트로 안 자람), 후면 삼각근(프레스로 안 자람), 종아리
A32: · 키워주면 합쳐 센다: 흉근 상/하, 광배 상/하 — 하나의 근육이며 함께 수축한다
A34: 현재 보완 필요 항목
A35: · 종아리 보강 완료 (2026-08): 금 카프 4 + 토 시티드 카프 4 = 주 8세트 — 유지 하한 충족. 더 키우려면 10세트부터.
A36: · 삼각근(측면) 7세트 — 하한 근처. 어깨 발달이 정체되면 레터럴 레이즈 1~2세트 추가
A38: · C열(간접 추정)은 직접 조정 가능한 입력값. 종목을 바꾸면 여기도 함께 손볼 것.
... A44: · 벤치 5×5가 최우선 종목이고 12주간 계속 오른다. 근비대가 아니라 어깨 관절 유지 목적.

Sheet 증량기록
A1: 메인 리프트 증량 기록
A2: 기본은 계획대로 증량. 목표 반복을 못 채운 주에만 해당 칸에 X를 입력하면 그 중량이 유지됩니다.
A4: 증량 설정 — 종목별
A5: 데드리프트 주당 증량 (kg) | C5: 5 | D5: 가장 큰 근육군 · 회복 여력 최대
A6: 스쿼트 주당 증량 (kg) | C6: 5 | D6: 하체 — 복귀 구간에서는 빠르게 오른다
A7: 벤치프레스 주당 증량 (kg) | C7: 2.25 | D7: 마이크로플레이트 1.125kg × 2
A8: 밀리터리 프레스 주당 증량 (kg) | C8: 1.25 | D8: 가장 작은 근육군 — 절대값이 작아 2.25kg은 과함
A9: 주차 | B9: 날짜 | C9: 스쿼트 목표 | D9: 미달 시 X | E9: 데드 목표 | F9: 미달 시 X | G9: 벤치 목표 | H9: 미달 시 X | I9: 프레스 목표 | J9: 미달 시 X | K9: 메모
A10: 1주차 | C10: =시작중량_설정!$D$7 -> 37.5 | E10: =시작중량_설정!$D$8 -> 42.5 | G10: =시작중량_설정!$D$9 -> 20 | I10: =시작중량_설정!$D$10 -> 20
A11: 2주차 | C11: =IF(D10="X",C10,C10+$C$6) -> 42.5 | E11: =IF(F10="X",E10,E10+$C$5) -> 47.5 | G11: =IF(H10="X",G10,G10+$C$7) -> 22.25 | I11: =IF(J10="X",I10,I10+$C$8) -> 21.25
A12: 3주차 | C12: =IF(D11="X",C11,C11+$C$6) -> 47.5 | E12: =IF(F11="X",E11,E11+$C$5) -> 52.5 | G12: =IF(H11="X",G11,G11+$C$7) -> 24.5 | I12: =IF(J11="X",I11,I11+$C$8) -> 22.5
A13: 4주차 | C13: =IF(D12="X",C12,C12+$C$6) -> 52.5 | E13: =IF(F12="X",E12,E12+$C$5) -> 57.5 | G13: =IF(H12="X",G12,G12+$C$7) -> 26.75 | I13: =IF(J12="X",I12,I12+$C$8) -> 23.75
A14: 5주차 | C14: =IF(D13="X",C13,C13+$C$6) -> 57.5 | E14: =IF(F13="X",E13,E13+$C$5) -> 62.5 | G14: =IF(H13="X",G13,G13+$C$7) -> 29 | I14: =IF(J13="X",I13,I13+$C$8) -> 25
A15: 6주차 | C15: =IF(D14="X",C14,C14+$C$6) -> 62.5 | E15: =IF(F14="X",E14,E14+$C$5) -> 67.5 | G15: =IF(H14="X",G14,G14+$C$7) -> 31.25 | I15: =IF(J14="X",I14,I14+$C$8) -> 26.25
A16: 7주차 | C16: =IF(D15="X",C15,C15+$C$6) -> 67.5 | E16: =IF(F15="X",E15,E15+$C$5) -> 72.5 | G16: =IF(H15="X",G15,G15+$C$7) -> 33.5 | I16: =IF(J15="X",I15,I15+$C$8) -> 27.5
A17: 8주차 | C17: =IF(D16="X",C16,C16+$C$6) -> 72.5 | E17: =IF(F16="X",E16,E16+$C$5) -> 77.5 | G17: =IF(H16="X",G16,G16+$C$7) -> 35.75 | I17: =IF(J16="X",I16,I16+$C$8) -> 28.75
A18: 9주차 | C18: =IF(D17="X",C17,C17+$C$6) -> 77.5 | E18: =IF(F17="X",E17,E17+$C$5) -> 82.5 | G18: =IF(H17="X",G17,G17+$C$7) -> 38 | I18: =IF(J17="X",I17,I17+$C$8) -> 30
A19: 10주차 | C19: =IF(D18="X",C18,C18+$C$6) -> 82.5 | E19: =IF(F18="X",E18,E18+$C$5) -> 87.5 | G19: =IF(H18="X",G18,G18+$C$7) -> 40.25 | I19: =IF(J18="X",I18,I18+$C$8) -> 31.25
A20: 11주차 | C20: =IF(D19="X",C19,C19+$C$6) -> 87.5 | E20: =IF(F19="X",E19,E19+$C$5) -> 92.5 | G20: =IF(H19="X",G19,G19+$C$7) -> 42.5 | I20: =IF(J19="X",I19,I19+$C$8) -> 32.5
A21: 12주차 | C21: =IF(D20="X",C20,C20+$C$6) -> 92.5 | E21: =IF(F20="X",E20,E20+$C$5) -> 97.5 | G21: =IF(H20="X",G20,G20+$C$7) -> 44.75 | I21: =IF(J20="X",I20,I20+$C$8) -> 33.75
A23: · 공란 또는 O = 계획대로 증량. X = 그 중량을 다음 주에도 유지.
A24: · 1주차 중량은 '시작중량_설정' 시트 D열과 연동됨. 여기서 직접 수정하지 말 것.
A25: · 같은 종목에 X가 3주 연속이면 그 종목만 10% 디로드 후 재상승.
A27: · 증량폭을 종목별로 나눈 이유: 절대값이 같아도 부담이 전혀 다르다.
A28: · 20kg 프레스에 2.25kg은 11% 증가지만, 105kg 데드에 2.5kg은 2.4%다.
A29: · 균일 증량을 쓰면 작은 종목만 비현실적으로 빨리 오르고 큰 종목은 제자리에 머문다.
A30: · 하체 5kg이 커 보이지만 복귀 구간 첫 두세 달은 정상 범위다. 근력을 새로 만드는 것이 아니라 되찾는 구간이기 때문.
A31: · 이 속도가 버거워지면(X가 반복되면) 해당 칸 숫자를 절반으로 내린다.

Sheet 9월이후조정
A1: 9월 이후 — 현장 복귀 시 조정
A2: 이 프로그램은 재택 = 생활 부하 0 전제. 현장 복귀 시 그대로 쓰면 과부하.
A4: 부위 / 항목 | B4: 조정 | C4: 이유
A5: 등 | B5: 감축 | C5: 일이 하루 종일 채움 — 들고 · 당기고 · 버티는 동작 전부
A6: 하체 | B6: 감축 | C6: 서 있기 · 걷기로 이미 볼륨 누적
A7: 기립근 | B7: 대폭 감축 | C7: 데드 주 1회 유지가 상한. 현장 일이 허리를 이미 소모시킴
A8: 프레싱 (벤치 · 프레스) | B8: 유지 | C8: 현장 일이 채워주지 않는 유일한 영역
A9: 후면 삼각근 · 코어 | B9: 유지 | C9: 당기고 버티는 동작만으로는 안 채워짐
A10: 빈도 | B10: 주 5회 → 주 3회 | C10: 8시간 근무 기준. 12시간 근무일과 그 다음날은 회피
A11: 메인 리프트 배치 | B11: 12시간 근무일 회피 | C11: 허리가 안 돌아온 상태에서 치는 것이 가장 위험
A12: 판단 기준 | B12: 다음 근무일 아침 허리 상태 | C12: 뻐근하면 그 주 무게가 과했던 것. 어떤 프로그램 표보다 정확
A15: · 같은 프로그램이라도 생활 부하에 따라 적정선이 움직인다.
A16: · 지금은 쌓는 시기, 복귀 후는 지키는 시기.
A17: · 재택 기간에 근력 베이스를 만들어두면 복귀 후에는 유지 모드로만 가도 된다.
A19: · 헬스보다 중요한 것: 일하는 중간의 움직임. 50분 앉으면 5분 일어나기, 하루 30분 걷기.
A20: · 헬스는 하루 1시간이고 앉아 있는 건 8시간 — 총량으로 보면 앉은 시간이 이긴다.
A22: → 실제 요일 배치와 종목표는 '복귀_주간계획' 이하 4개 탭에 작성됨.

Sheet 복귀_주간계획
A1: 현장 복귀 버전 — 주간 계획
A2: 12시간 근무 주 2회 (수·목 또는 목·금) · 나머지 8시간 · 토요일 오전 근무 · 일요일 휴무
A3: 훈련 주 3회 — 화 · 토 · 일
A5: 요일 | B5: 근무 (패턴 A: 수·목) | C5: 근무 (패턴 B: 목·금) | D5: 훈련 | E5: 세트 | F5: 비고
A6: 월 | B6: 8시간 | C6: 8시간 | D6: 휴식 | E6: 0 | F6: 주말 이틀 연속 훈련 뒤 회복일
A7: 화 | B7: 8시간 | C7: 8시간 | D7: 상체 밀기 | E7: =복귀_화_상체밀기!$E$10 -> 19 | F7: 12시간 근무 구간 직전. 프레싱은 현장 일과 회복 경쟁 없음
A8: 수 | B8: 12시간 | C8: 8시간 | D8: 휴식 | E8: 0 | F8: 패턴에 따라 12시간 — 양쪽 다 안전한 날이 아님
A9: 목 | B9: 12시간 | C9: 12시간 | D9: 휴식 | E9: 0 | F9: 양 패턴 공통 12시간
A10: 금 | B10: 8시간 | C10: 12시간 | D10: 휴식 | E10: 0 | F10: 패턴 A라도 전날이 12시간이라 회복 미완
A11: 토 | B11: 오전 | C11: 오전 | D11: 하체 | E11: =복귀_토_하체!$E$10 -> 15 | F11: 오전 근무 후. 다음날 완충 있음
A12: 일 | B12: 휴무 | C12: 휴무 | D12: 등 | E12: =복귀_일_등!$E$10 -> 13 | F12: 완전 휴무일 — 데드리프트를 여기에 배치
A13: 합계 | E13: =SUM(E6:E12) -> 47
A15: 요일 선정 논리
A16: · 12시간 근무가 수·목 또는 목·금으로 걸리므로, 양 패턴 모두 안전한 날은 월·화·토·일뿐이다.
A17: · 금요일은 패턴 A에서 8시간이지만 전날이 12시간이라 회복이 안 된 상태 — 제외.
A18: · 월요일은 일요일 훈련 직후라 회복일로 비운다.
A19: · 패턴이 목·금으로 바뀌어도 화·토·일은 영향받지 않는다. 이것이 이 조합을 고른 이유.
A21: 종목 배치 논리
A22: · 화요일에 상체 밀기 — 다음이 12시간 근무 구간. 프레싱은 현장 일이 쓰지 않는 영역이라 겹치지 않는다.
A23: · 여기에 등이나 하체를 두면 수·목 근무를 망친다.
A24: · 토요일에 하체 — 오전 근무 후이나 다음날 일요일이 완충.
A25: · 일요일에 등 + 데드 — 완전 휴무일이라 전날 밤 회복 후 시작하고 하루가 통째로 남는다.
A26: · 토(스쿼트) → 일(데드) 순서가 그 반대보다 낫다. 데드 다음날 스쿼트는 허리가 안 받쳐준다.
A28: 재택 버전과의 차이
... A32: · 팔 전용 종목 삭제 — 그립은 현장에서 온종일 쓰고, 이두·삼두는 프레싱 간접으로 충분

Sheet 복귀_화_상체밀기
A1: 화요일 — 상체 밀기 (8시간 근무 후)
A2: 현장 일이 채워주지 않는 유일한 영역. 감축의 예외 — 재택 버전과 거의 동일하게 유지한다.
A4: # | B4: 종목 | C4: 근육군 | D4: 중량(Kg) | E4: 세트 | F4: 횟수 | G4: 메모 | H4: 대체 종목
A5: 1 | B5: 벤치프레스 | C5: 흉근(중하부) | D5: 복귀 시 재설정 | E5: 5 | F5: 5 | G5: 최우선 종목. 현장 복귀 후에도 유지 | H5: 스미스 벤치 / 체스트 프레스 머신
A6: 2 | B6: 덤벨 프레스 | C6: 흉근(중하부) | D6: — | E6: 3 | F6: 8~12 | G6: 좌우 독립 + 가동범위 | H6: 해머스트렝스 체스트 프레스
A7: 3 | B7: 인클라인 벤치프레스 | C7: 흉근(상부) | D7: — | E7: 3 | F7: 8~10 | H7: 인클라인 스미스 / 인클라인 덤벨 프레스
A8: 4 | B8: 레터럴 레이즈 | C8: 삼각근(측면) | D8: 8~10 | E8: 4 | F8: 12~15 | G8: 간접 자극이 0인 부위 — 직접 세트로만 채워짐 | H8: 케이블 레터럴 레이즈
A9: 5 | B9: 벤트오버 레터럴 레이즈 | C9: 삼각근(후면) | D9: 8~10 | E9: 4 | F9: 12~15 | G9: 현장 자세가 앞으로 말리므로 오히려 더 필요해짐 | H9: 리버스 펙덱
D10: 세트 합계 | E10: =SUM(E5:E9) -> 19
A12: [배치 이유]
A13: · 다음이 12시간 근무 구간(수·목 또는 목·금)인데, 프레싱은 현장 일이 쓰지 않는 영역이라 겹치지 않는다.
A14: · 여기에 등이나 하체를 두면 12시간 근무일을 망친다. 이 자리는 상체 밀기 전용.
A15: · 실패지점은 3~4회 남기고 종료. 재택 버전(2~3회)보다 한 단계 더 보수적으로.

Sheet 복귀_토_하체
A1: 토요일 — 하체 (오전 근무 후)
A2: 다음날 일요일이 완충. 다만 일요일에 데드가 있으므로 기립근 부하를 의도적으로 낮춘다.
A4: # | B4: 종목 | C4: 근육군 | D4: 중량(Kg) | E4: 세트 | F4: 횟수 | G4: 메모 | H4: 대체 종목
A5: 1 | B5: 스쿼트 | C5: 대퇴사두 | D5: 복귀 시 재설정 | E5: 3 | F5: 5 | G5: 재택 5×5 → 3×5로 감축. 서 있기·걷기로 하체 볼륨이 이미 누적됨 | H5: 레그 프레스 (허리 부담 시 1순위) / 스미스 스쿼트
A6: 2 | B6: 루마니안 데드리프트 | C6: 햄스트링 | D6: — | E6: 3 | F6: 8 | G6: 다음날 데드가 있으므로 무게는 보수적으로 | H6: 케이블 풀스루 (허리 부담 최소)
A7: 3 | B7: 레그 컬 | C7: 햄스트링 | D7: — | E7: 3 | F7: 10~12 | G7: 척추 부하 없음 | H7: 라잉 / 시티드 레그 컬
A8: 4 | B8: 카프 레이즈 | C8: 종아리 | D8: — | E8: 3 | F8: 12~15 | H8: 스탠딩 / 시티드 카프 레이즈 머신
A9: 5 | B9: 밀리터리 프레스 | C9: 삼각근(전면) | D9: 복귀 시 재설정 | E9: 3 | F9: 5 | G9: 수직 프레싱 — 현장 일이 채우지 않는 영역 | H9: 숄더 프레스 머신 / 덤벨 숄더 프레스
D10: 세트 합계 | E10: =SUM(E5:E9) -> 15
A12: [허리가 부담되면]
A13: · 스쿼트를 레그 프레스로 교체하면 기립근이 완전히 빠져 다음날 데드가 온전히 나온다.
A14: · 토·일 연속은 이상적이지 않으나 이 근무 스케줄에서는 다른 선택지가 없다. 스쿼트를 3×5로 낮춘 것이 그 보정.
A15: · 스쿼트(토) → 데드(일) 순서가 그 반대보다 낫다. 데드 다음날 스쿼트는 허리가 받쳐주지 않는다.

Sheet 복귀_일_등
A1: 일요일 — 등 (완전 휴무일)
A2: 완전 휴무일이라 회복된 상태에서 시작하고 하루가 통째로 남는다. 데드리프트는 반드시 이 날.
A4: # | B4: 종목 | C4: 근육군 | D4: 중량(Kg) | E4: 세트 | F4: 횟수 | G4: 메모 | H4: 대체 종목
A5: 1 | B5: 데드리프트 | C5: 기립근 | D5: 90~95에서 재시작 | E5: 1 | F5: 5 | G5: 재택 105kg에서 하향. 복귀 첫 몇 주는 적응 기간 — 여기서 무리하면 확실히 탈이 난다 | H5: 트랩바 데드 (요추 전단력 ↓) / 랙풀
A6: 2 | B6: 바벨 로우 | C6: 광배 | D6: — | E6: 3 | F6: 8~10 | G6: 재택 4세트 → 3세트 | H6: 체스트 서포티드 로우 · 티바 로우 (허리 부담 제거)
A7: 3 | B7: 친업 | C7: 광배 | D7: 맨몸 | E7: 3 | F7: 6~8 | G7: 재택 4세트 → 3세트 | H7: 어시스트 풀업 머신 / 랫풀다운
A8: 4 | B8: 랫풀다운 | C8: 광배 | D8: — | E8: 3 | F8: 8~12 | G8: 수직 당기기 유지 | H8: 원암 랫풀다운 / 케이블 풀오버
A9: 5 | B9: 프론 Y 레이즈 | C9: 승모(하부) | D9: 2~5 | E9: 3 | F9: 12~15 | G9: 현장 자세가 견갑골을 올리고 앞으로 말므로 유지 | H9: 케이블 Y 레이즈 / 페이스풀
D10: 세트 합계 | E10: =SUM(E5:E9) -> 13
A12: [데드리프트 운용 규칙]
A13: · 무게는 재택 105kg을 그대로 이어가지 말 것. 90~95kg에서 재시작해 다시 올린다.
A14: · 다음날(월)이 8시간 근무라 완충이 하루뿐이다. 주 1회, 1세트를 넘기지 않는다.
A15: · 허리가 무거운 주에는 트랩바로 바꾸거나 건너뛴다. 건너뛰는 것이 규율이지 나태가 아니다.
A17: [등 볼륨을 유지한 이유]
A18: · 8시간 근무일 저녁이라면 등은 잘라야 하지만, 완전 휴무일이면 얘기가 다르다.
A19: · 광배 9세트 + 현장 일의 상시 부하 = 실질은 충분. 재택 버전 11세트에서 소폭만 감축했다.
A20: · 단, 12시간 근무일 바로 다음날이 일요일이 되는 주에는 데드를 빼거나 트랩바로 대체할 것.

Sheet 복귀_증량원칙
A1: 현장 복귀 버전 — 증량 및 판단 기준
A2: 재택 버전의 주 2.5kg 선형 증량은 현장 일과 병행할 수 없다.
A4: 항목 | B4: 재택 버전 | C4: 복귀 버전 | D4: 이유
A5: 빈도 | B5: 주 5회 | C5: 주 3회 (화·토·일) | D5: 12시간 근무일과 그 다음날을 피하면 남는 날이 화·토·일뿐
A6: 총 세트 | B6: 108세트 | C6: 약 47세트 | D6: 현장 일이 등·하체·기립근·전완에 하루치를 얹는다
A7: 증량 주기 | B7: 매주 | C7: 2주에 1회 | D7: 매주 증량은 회복이 따라오지 못한다
A8: 증량 폭 | B8: 하체 2.5 / 상체 2.25 | C8: 1.25kg | D8: 마이크로플레이트 활용
A9: 실패지점 | B9: 2~3회 남기고 | C9: 3~4회 남기고 | D9: 다음날 현장에서 청구서로 돌아온다
A10: 데드리프트 | B10: 105kg 1×5 | C10: 90~95kg 1×5 | D10: 복귀 첫 몇 주는 적응 기간
A11: 스쿼트 | B11: 5×5 | C11: 3×5 | D11: 서 있기·걷기로 하체 볼륨이 이미 누적
A12: 팔 전용 종목 | B12: 6세트 | C12: 0세트 | D12: 그립은 현장에서 온종일 사용. 이두·삼두는 프레싱 간접으로
A15: 판단 기준
A16: · 유일한 지표는 다음 근무일 아침의 허리 상태다.
A17: · 뻐근하면 그 주 무게가 과했던 것 — 다음 주에 내린다. 어떤 프로그램 표보다 정확하다.
A18: · 몸 상태가 안 좋은 날은 건너뛴다. 주 3회 중 2회만 가는 주가 있어도 된다.
A19: · 그것은 의지박약이 아니라 그 상황에서의 규율이다.
A21: · 12시간 근무일이 수·목인지 목·금인지에 관계없이 화·토·일 배치는 유효하다.
A22: · 다만 근무 패턴이 이 두 가지에서 벗어나면 요일부터 다시 짜야 한다.
A24: · 복귀 후의 목표는 성장이 아니라 유지다. 재택 기간에 쌓은 근력 베이스를 지키는 것.
A25: · 쌓는 시기와 지키는 시기는 다르게 설계해야 한다.
