Workbook

Sheet 시작중량_설정
A1: 시작 중량 설정 — 5년 공백 후 복귀
A2: 노란 칸(D7~D10)이 6주차 기준 중량이고, C4가 지금 몇 주차인지입니다. 두 곳만 맞으면 각 일차 시트의 웜업 램프와 본세트 중량이 전부 자동 계산됩니다.
A4: 현재 주차 | C4: 11 | D4: ← 지금 몇 주차인지. 앱 복귀 달력이 날짜로 계산해 주므로 보통은 달력이 알려줄 때만 바꾸면 된다 (1~35)
A6: 종목 | B6: 5년 전 중량 | C6: 5년 전 대비 | D6: 6주차 중량 ★입력★ | E6: 현재 작업중량 | F6: 본세트
A7: 스쿼트 | B7: 92.5 | C7: =TEXT(D7/B7,"0%") -> 67% | D7: 62 | E7: =INDEX(증량기록!$C$22:$C$51,MAX(1,MIN(30,$C$4-5))) -> 75 | F7: 5회 × 5세트
A8: 데드리프트 | B8: 105 | C8: =TEXT(D8/B8,"0%") -> 64% | D8: 67 | E8: =INDEX(증량기록!$E$22:$E$51,MAX(1,MIN(30,$C$4-5))) -> 80 | F8: 5회 × 1세트
A9: 벤치프레스 | B9: 47.25 | C9: =TEXT(D9/B9,"0%") -> 74% | D9: 35 | E9: =INDEX(증량기록!$G$22:$G$51,MAX(1,MIN(30,$C$4-5))) -> 41 | F9: 8회 × 4세트
A10: 밀리터리 프레스 | B10: 40 | C10: =TEXT(D10/B10,"0%") -> 70% | D10: 28 | E10: =INDEX(증량기록!$I$22:$I$51,MAX(1,MIN(30,$C$4-5))) -> 31 | F10: 8회 × 3세트
A11: 해머 스트랭스 로우 | B11: — | C11: — | D11: 60 | E11: =IF($C$4<증량기록!$F$9,D11,INDEX(증량기록!$N$22:$N$51,MAX(1,MIN(30,$C$4-5)))) -> 60 | F11: 8회 × 4세트
A12: 인클라인 벤치프레스 머신 | B12: — | C12: — | D12: 42 | E12: =IF($C$4<증량기록!$F$10,D12,INDEX(증량기록!$P$22:$P$51,MAX(1,MIN(30,$C$4-5)))) -> 42 | F12: 10회 × 3세트
A13: 레그 프레스 | B13: — | C13: — | D13: 160 | E13: =IF($C$4<증량기록!$F$11,D13,INDEX(증량기록!$R$22:$R$51,MAX(1,MIN(30,$C$4-5)))) -> 160 | F13: 10회 × 4세트
A14: 레그 프레스 (발 높게) | B14: — | C14: — | D14: 140 | E14: =IF($C$4<증량기록!$F$12,D14,INDEX(증량기록!$T$22:$T$51,MAX(1,MIN(30,$C$4-5)))) -> 140 | F14: 10회 × 4세트
A15: 루마니안 데드리프트 | B15: — | C15: — | D15: 50 | E15: =IF($C$4<증량기록!$F$13,D15,INDEX(증량기록!$V$22:$V$51,MAX(1,MIN(30,$C$4-5)))) -> 50 | F15: 10회 × 3세트
A16: 힙 쓰러스트 | B16: — | C16: — | D16: 25 | E16: =IF($C$4<증량기록!$F$14,D16,INDEX(증량기록!$X$22:$X$51,MAX(1,MIN(30,$C$4-5)))) -> 25 | F16: 12회 × 4세트
A17: 오버헤드 슈러그(스미스) | B17: — | C17: — | D17: 25 | E17: =IF($C$4<증량기록!$F$15,D17,INDEX(증량기록!$Z$22:$Z$51,MAX(1,MIN(30,$C$4-5)))) -> 25 | F17: 15회 × 3세트
A18: 해머 스트랭스 스캡 슈러그(중립 그립) | B18: — | C18: — | D18: 50 | E18: =IF($C$4<증량기록!$F$16,D18,INDEX(증량기록!$AB$22:$AB$51,MAX(1,MIN(30,$C$4-5)))) -> 50 | F18: 15회 × 3세트
A19: 스미스 프로트랙션 (2026-10-26 중단 — 월 체스트 프레스 머신 프로트랙션 범위 방식) | B19: — | C19: — | D19: 0 | E19: =IF($C$4<증량기록!$F$17,D19,INDEX(증량기록!$AD$22:$AD$51,MAX(1,MIN(30,$C$4-5)))) -> 0 | F19: 15회 × 4세트
A20: 라잉 트라이셉스 익스텐션 | B20: — | C20: — | D20: 15 | E20: =IF($C$4<증량기록!$F$18,D20,INDEX(증량기록!$AF$22:$AF$51,MAX(1,MIN(30,$C$4-5)))) -> 15 | F20: 10회 × 4세트
A21: 리버스컬 | B21: — | C21: — | D21: 15 | E21: =IF($C$4<증량기록!$F$19,D21,INDEX(증량기록!$AH$22:$AH$51,MAX(1,MIN(30,$C$4-5)))) -> 15 | F21: 12회 × 3세트
A22: 인클라인 벤치프레스(바벨) | B22: — | C22: — | D22: 40 | E22: =IF($C$4<증량기록!$F$20,D22,INDEX(증량기록!$AJ$22:$AJ$51,MAX(1,MIN(30,$C$4-5)))) -> 40 | F22: 8회 × 3세트
D23: ↑ 여기에 숫자를 직접 입력
A25: D열(시작 중량)을 바꾸는 법
A26: · D7~D10 노란 칸에 원하는 숫자를 그냥 입력하면 됩니다. 수식이 아니라 일반 숫자입니다.
A27: · 예: 스쿼트를 30kg으로 시작하고 싶으면 D7에 30을 입력. 나머지는 전부 자동으로 따라옵니다.
A28: · C열은 참고용 계산값이므로 건드리지 않아도 됩니다.
A29: · C4의 '현재 주차'는 매주 1씩 올라갑니다 — 앱 '복귀 → 달력'이 날짜로 계산해 알려주므로 보통은 달력이 말할 때만 바꾸면 됩니다.
A31: 5년 공백 후 시작 중량 잡는 법
A32: · 5년 쉬었으면 근력보다 관절 · 건 · 인대와 폼 감각이 먼저 무너져 있다. 근육은 빨리 돌아오지만 이쪽은 느리다.
A33: · 벤치와 프레스는 빈 봉(20kg)에서 시작하는 것이 맞다. 이것이 과한 것이 아니라 정상이다.
A34: · 기준: 10회는 할 수 있을 것 같은 무게로 5회만 하는 것. 여유가 크게 느껴져야 맞다.
A35: · 첫 3~4주는 훈련이 아니라 재적응 기간으로 본다. 가볍다고 느껴도 그대로 간다.
A36: · 너무 가볍게 시작해서 잃는 것은 3~4주뿐이다. 너무 무겁게 시작하면 몇 달을 잃는다.
A38: · 5년 전 중량은 참고치일 뿐 목표가 아니다. 다만 한 번 만들어본 근력은 처음 만들 때보다 빠르게 돌아온다.
... A53: 예상 진행 (X 입력이 없을 때) — 앞 12주. 전체 30주는 증량기록 시트에 있다
A54: 주차 | B54: 스쿼트 | C54: 데드리프트 | D54: 벤치프레스 | E54: 밀리터리 프레스
A55: 6주차 | B55: =증량기록!C22 -> 62 | C55: =증량기록!E22 -> 67 | D55: =증량기록!G22 -> 35 | E55: =증량기록!I22 -> 28
A56: 7주차 | B56: =증량기록!C23 -> 65 | C56: =증량기록!E23 -> 70 | D56: =증량기록!G23 -> 36 | E56: =증량기록!I23 -> 28
A57: 8주차 | B57: =증량기록!C24 -> 67 | C57: =증량기록!E24 -> 72 | D57: =증량기록!G24 -> 37 | E57: =증량기록!I24 -> 30
A58: 9주차 | B58: =증량기록!C25 -> 70 | C58: =증량기록!E25 -> 75 | D58: =증량기록!G25 -> 38 | E58: =증량기록!I25 -> 30
A59: 10주차 | B59: =증량기록!C26 -> 72 | C59: =증량기록!E26 -> 77 | D59: =증량기록!G26 -> 40 | E59: =증량기록!I26 -> 31
A60: 11주차 | B60: =증량기록!C27 -> 75 | C60: =증량기록!E27 -> 80 | D60: =증량기록!G27 -> 41 | E60: =증량기록!I27 -> 31
A61: 12주차 | B61: =증량기록!C28 -> 77 | C61: =증량기록!E28 -> 82 | D61: =증량기록!G28 -> 42 | E61: =증량기록!I28 -> 32
A62: 13주차 | B62: =증량기록!C29 -> 80 | C62: =증량기록!E29 -> 85 | D62: =증량기록!G29 -> 43 | E62: =증량기록!I29 -> 32
A63: 14주차 | B63: =증량기록!C30 -> 82 | C63: =증량기록!E30 -> 87 | D63: =증량기록!G30 -> 45 | E63: =증량기록!I30 -> 33
A64: 15주차 | B64: =증량기록!C31 -> 85 | C64: =증량기록!E31 -> 90 | D64: =증량기록!G31 -> 46 | E64: =증량기록!I31 -> 33
A65: 16주차 | B65: =증량기록!C32 -> 87 | C65: =증량기록!E32 -> 92 | D65: =증량기록!G32 -> 47 | E65: =증량기록!I32 -> 35
A66: 17주차 | B66: =증량기록!C33 -> 90 | C66: =증량기록!E33 -> 95 | D66: =증량기록!G33 -> 48 | E66: =증량기록!I33 -> 35
A68: · 위 표는 X 입력이 없다고 가정한 계획선이다. 실제 진행은 증량기록 시트가 결정한다.
A70: 복귀 운용 — 날짜로 자동 계산 (2026-09-13 신설 · 09-13 기준 정정)
A71: 프로그램 시작일 | C71: 46228 | D71: ← 1주차가 시작된 토요일. 주차는 토요일에 넘어간다(훈련 주가 토요일에 출발한다 · 2026-10-04). 주차는 세는 숫자일 뿐 중량과 무관하다
A72: 주차 기준일 | C72: 46298 | D72: ← 아래 '기준 주차'가 시작된 토요일
A73: 기준 주차 | C73: 11 | D73: ← 주차 기준일에 시작된 주차 번호. '현재 주차'(C4)와 같게 둔다
A74: 증량 전진(주) | C74: 1 | D74: ← 몇 주마다 표를 한 칸 내릴지. 주 단위 전환 뒤로는 1
A75: 디로드 시작일 | C75: 46312 | D75: ← 디로드 주가 시작되는 토요일(여럿이면 텍스트로 2026-10-17, 2026-12-05). 그 주는 주차로 세지 않고 디로드 주로만 표시된다 — 주차 · 중량 · C4가 전부 그 주에 멈추고, 앱이 세트를 절반으로 보여 준다. 미루기는 누르지 않는다. 다음 디로드부터는 아래 간격으로 자동
A76: 디로드 간격(주) | C76: 7 | D76: ← 증량 6주 + 디로드 1주 = 7(사용자 지정 2026-10-04). 위 시작일 중 마지막 날짜부터 이 간격으로 앱이 디로드를 계속 만든다 — 10/17 · 12/5 · 1/23 · 3/13 … 스쿼트가 2주 연속 막혀 앞당기면 그 토요일을 위 칸에 쉼표로 추가한다(그 뒤는 거기서 다시 7주). 0이면 반복 안 함
A77: 재택 1일차 기준일 | C77: 46266 | D77: ← 재택 달력이 '오늘 몇 일차'를 푸는 기준. 복귀 중에는 안 쓰인다
A78: · 앱 '복귀 → 달력'이 이 칸들로 오늘의 주차와 네 리프트 중량을 계산한다. 손으로 셀 필요가 없고, 어디쯤인지 까먹어도 달력이 알려준다.
A79: · 2026-09-13에 사이클(2주에 5kg)을 주 단위(매주 2~3kg)로 바꿨다. 주당 평균은 그대로다 — 스쿼트 · 데드 2.5 · 벤치 1.2 · 프레스 0.6. 계단만 잘게 나눈 것이다.
A80: · 프레스만 격주다. 0.5kg 원판이 한쪽 하나뿐이라 봉 전체 1kg이 최소 계단인데, 그걸 매주 올리면 주 1.25kg으로 지금 속도의 2.5배가 된다.
A81: · 계획한 디로드는 위 '디로드 시작일'에 적는다 — 그 주는 주차로 세지 않고 '디로드 주'로 표시되며, 주차 · 중량 · C4가 같이 멈춘다(2026-10-04 사용자 지정). C4는 디로드 주에 그대로 두고 다음 주에 평소처럼 올린다. 계획 밖에 통째로 쉰 주만 앱 달력에서 '한 주 미루기'를 누른다 — 중량만 한 주 늦게 올라가고 주차 표시는 그대로다.
A82: · 중량 자체는 증량기록 표가 정한다. 이 칸들이 정하는 것은 '오늘이 표의 몇 번째 줄인가'뿐이다.
A83: · 재택으로 돌아가면 표는 그대로 쓰되 한 줄 내려가는 속도가 다르다 — 재택은 10일 주기라 주당 진행이 이보다 느려진다. 그때 증량 폭을 다시 본다.
A84: · [2026-10-04 사용자 지정] 10/3(토)에 출발한 이번 훈련 주를 11주차로 정했다 — 표시와 중량 둘 다. 날짜로 세면 9주차였고 중량 표도 9주차 줄이었으니 두 칸을 건너뛴 것이다(스쿼트 70 → 75 · 데드 75 → 80 · 벤치 38 → 41 · 프레스 27 → 28). 같은 날 주차가 넘어가는 요일을 월요일 → 토요일로 바꿨다 — 그래서 시작일이 7/25(토)로 보인다. 지난 주들의 번호도 그에 맞춰 다시 매겨진다.
A85: · [2026-10-04 사용자 지정] 오버헤드 프레스를 11주차 30kg으로 — 계획 28에서 두 칸 앞당겼다. 앱도 6주차 시작값에서 사다리를 걸어 중량을 내므로 11주차 칸 하나를 덮지 않고 D10을 26 → 27로 바꿔 11주차에 30이 나오게 했다(29는 못 끼우는 값이라 30). 격주 1kg은 그대로 — 12주차 31 · 14주차 32.
A86: · [2026-10-07 사용자 요청] 수요일 프레스를 스미스 오버헤드 프레스 → 시티드 바벨 밀리터리 프레스로 바꿔 D10을 27 → 25로 내렸다 — 12주차 31 → 28(약 90%). 스미스는 궤도를 기계가 잡아 주고 기계에 따라 바 무게도 달라 같은 숫자가 프리웨이트로 옮겨 오지 않는다. 첫 세션에 5회 후 1~2회 남는지 보고, 3회 이상 남으면 앱에서 올린다.
A87: · [2026-10-21 사용자 결정] 시티드 바벨 밀리터리를 3×5 → 3×8로. 10/21 27kg × 16회 — 5회 기준으로 너무 가벼웠다. 추정 1RM 약 41 → 8회 약 32. D10 25 → 28로 12주차(10/28) 32 · 14주차 33(격주 1kg 그대로). F10 · 수요일 램프 B18 · 종목표 F33 · 앱 메인 카드가 같이 8회다.
A88: · [2026-10-23 사용자 결정] 해머 스트랭스 로우 4×8 · 인클라인 벤치프레스 머신 3×10을 매주 +1kg 선형으로 — 둘 다 원판식이라 1kg 격자가 맞는다. D11 · D12는 6주차가 아니라 13주차(10/24 주) 중량이다. 미달 기록은 증량기록 O · Q열. 인클라인 머신은 2주 연속 미달이면 선형을 멈추고 8~10 더블 프로그레션으로 돌아간다 — 벤치 바로 뒤라 벤치 피로인지 정체인지 구분이 안 되기 때문이다. 앱에는 메인 카드 없이 종목표 그 줄의 중량만 주차를 따라간다.
A89: · [2026-10-23 사용자 결정 · 둘째 묶음] 13~19행 일곱 종목도 선형으로 — 주기는 종목마다(증량기록 E열 · 1~3주). D열은 13주차 중량이다. 스미스 · 머신은 원판만 센 무게(봉 무게를 몰라도 '5로 나눈 나머지 4' 규칙이 맞는다). 공통 규칙: 2주 연속 미달이면 그 종목만 선형을 멈추고 범위 방식으로 돌아간다. 라잉 트라이셉스 · 리버스컬은 고정 EZ바라 보류 — 원판 EZ바로 바꾸고 원판 무게가 정해지면 넣는다.
A90: · [2026-10-23 사용자 결정 · 셋째 묶음] 라잉 트라이셉스 4×10 · 리버스컬 3×12 — 봉만 있는 EZ바 + 원판으로 바꿔 3주마다 +1kg(D20 · D21은 봉 포함 총무게 · 지금 고정 바와 같은 15). 위 '보류' 줄은 이것으로 끝났다. 목 인클라인 벤치프레스(바벨) 3×8 매주 +1kg — 벤치처럼 바로(사용자 요청 · D22 = 봉 20 + 한쪽 10).

Sheet 주간계획
A1: 운동 프로그램 — 10일 주기 (A블록 4일 · 휴식 · B블록 4일 · 휴식)
A2: 적용 시기: 재택 근무 기간 (~9월) | 10일 주기 / 1일 1세션 | 1사이클부터 설계 볼륨 100% (볼륨램프 해제) | 요일이 아니라 주기 안의 순서로 돈다
A4: 일차 | B4: 내용 | C4: 메인 리프트 | D4: 주요 근육군 | E4: 세트 | F4: 예상 시간
A5: 1 | B5: 당기기 A (수직) | C5: — | D5: 광배 · 승모(중부) · 기립근 · 복부 | E5: =INDEX(D1_당기기A!$E:$E,MATCH("세트 합계",D1_당기기A!$D:$D,0)) -> 32 | F5: ="약 "&INDEX(D1_당기기A!$I:$I,MATCH("세트 합계",D1_당기기A!$D:$D,0))&"분" -> 약 76분
A6: 2 | B6: 밀기 A (수평) | C6: 벤치프레스 5×5 | D6: 흉근 · 측면삼각 · 후면삼각 · 삼두 | E6: =INDEX(D2_밀기A!$E:$E,MATCH("세트 합계",D2_밀기A!$D:$D,0)) -> 28 | F6: ="약 "&INDEX(D2_밀기A!$I:$I,MATCH("세트 합계",D2_밀기A!$D:$D,0))&"분" -> 약 71분
A7: 3 | B7: 하체 A (무릎) | C7: 스쿼트 5×5 | D7: 대퇴사두 · 햄스트링 · 둔근 | E7: =INDEX(D3_하체A!$E:$E,MATCH("세트 합계",D3_하체A!$D:$D,0)) -> 26 | F7: ="약 "&INDEX(D3_하체A!$I:$I,MATCH("세트 합계",D3_하체A!$D:$D,0))&"분" -> 약 71분
A8: 4 | B8: 어깨·팔 A | C8: — | D8: 삼각근(측면·후면) · 승모(하부) · 흉근(인클라인 스미스 · 펙덱) · 이두 · 전완 · 종아리 | E8: =INDEX(D4_어깨팔A!$E:$E,MATCH("세트 합계",D4_어깨팔A!$D:$D,0)) -> 36 | F8: ="약 "&INDEX(D4_어깨팔A!$I:$I,MATCH("세트 합계",D4_어깨팔A!$D:$D,0))&"분" -> 약 73분
A9: 5 | B9: 휴식 | C9: — | D9: — | E9: 0 | F9: —
A10: 6 | B10: 당기기 B (수평) | C10: — | D10: 광배 · 능형근 · 승모(중부·상부) · 이두 · 기립근 · 중둔근 · 종아리 | E10: =INDEX(D6_당기기B!$E:$E,MATCH("세트 합계",D6_당기기B!$D:$D,0)) -> 28 | F10: ="약 "&INDEX(D6_당기기B!$I:$I,MATCH("세트 합계",D6_당기기B!$D:$D,0))&"분" -> 약 70분
A11: 7 | B11: 밀기 B (수직) | C11: 밀리터리 3×5 | D11: 삼각근 · 흉근(상부 · 디클라인 플라이) · 승모(하부) · 복부 | E11: =INDEX(D7_밀기B!$E:$E,MATCH("세트 합계",D7_밀기B!$D:$D,0)) -> 30 | F11: ="약 "&INDEX(D7_밀기B!$I:$I,MATCH("세트 합계",D7_밀기B!$D:$D,0))&"분" -> 약 73분
A12: 8 | B12: 하체 B (고관절) | C12: 데드리프트 1×5 + 백오프 2×5 | D12: 둔근 · 햄스트링 · 대퇴사두 | E12: =INDEX(D8_하체B!$E:$E,MATCH("세트 합계",D8_하체B!$D:$D,0)) -> 24 | F12: ="약 "&INDEX(D8_하체B!$I:$I,MATCH("세트 합계",D8_하체B!$D:$D,0))&"분" -> 약 74분
A13: 9 | B13: 어깨·팔 B | C13: — | D13: 삼각근(측면·후면·전면) · 승모(하부) · 흉근(상부 플라이) · 삼두 · 이두 · 전완 · 내전근 · 중둔근 | E13: =INDEX(D9_어깨팔B!$E:$E,MATCH("세트 합계",D9_어깨팔B!$D:$D,0)) -> 36 | F13: ="약 "&INDEX(D9_어깨팔B!$I:$I,MATCH("세트 합계",D9_어깨팔B!$D:$D,0))&"분" -> 약 70분
A14: 10 | B14: 휴식 | C14: — | D14: — | E14: 0 | F14: —
A15: 합계 | E15: =SUM(E5:E14) -> 240 | F15: ="약 "&(INDEX(D1_당기기A!$I:$I,MATCH("세트 합계",D1_당기기A!$D:$D,0))+INDEX(D2_밀기A!$I:$I,MATCH("세트 합계",D2_밀기A!$D:$D,0))+INDEX(D3_하체A!$I:$I,MATCH("세트 합계",D3_하체A!$D:$D,0))+INDEX(D4_어깨팔A!$I:$I,MATCH("세트 합계",D4_어깨팔A!$D:$D,0))+INDEX(D6_당기기B!$I:$I,MATCH("세트 합계",D6_당기기B!$D:$D,0))+INDEX(D7_밀기B!$I:$I,MATCH("세트 합계",D7_밀기B!$D:$D,0))+INDEX(D8_하체B!$I:$I,MATCH("세트 합계",D8_하체B!$D:$D,0))+INDEX(D9_어깨팔B!$I:$I,MATCH("세트 합계",D9_어깨팔B!$D:$D,0)))&"분 ("&INT((INDEX(D1_당기기A!$I:$I,MATCH("세트 합계",D1_당기기A!$D:$D,0))+INDEX(D2_밀기A!$I:$I,MATCH("세트 합계",D2_밀기A!$D:$D,0))+INDEX(D3_하체A!$I:$I,MATCH("세트 합계",D3_하체A!$D:$D,0))+INDEX(D4_어깨팔A!$I:$I,MATCH("세트 합계",D4_어깨팔A!$D:$D,0))+INDEX(D6_당기기B!$I:$I,MATCH("세트 합계",D6_당기기B!$D:$D,0))+INDEX(D7_밀기B!$I:$I,MATCH("세트 합계",D7_밀기B!$D:$D,0))+INDEX(D8_하체B!$I:$I,MATCH("세트 합계",D8_하체B!$D:$D,0))+INDEX(D9_어깨팔B!$I:$I,MATCH("세트 합계",D9_어깨팔B!$D:$D,0)))/60)&"시간 "&MOD((INDEX(D1_당기기A!$I:$I,MATCH("세트 합계",D1_당기기A!$D:$D,0))+INDEX(D2_밀기A!$I:$I,MATCH("세트 합계",D2_밀기A!$D:$D,0))+INDEX(D3_하체A!$I:$I,MATCH("세트 합계",D3_하체A!$D:$D,0))+INDEX(D4_어깨팔A!$I:$I,MATCH("세트 합계",D4_어깨팔A!$D:$D,0))+INDEX(D6_당기기B!$I:$I,MATCH("세트 합계",D6_당기기B!$D:$D,0))+INDEX(D7_밀기B!$I:$I,MATCH("세트 합계",D7_밀기B!$D:$D,0))+INDEX(D8_하체B!$I:$I,MATCH("세트 합계",D8_하체B!$D:$D,0))+INDEX(D9_어깨팔B!$I:$I,MATCH("세트 합계",D9_어깨팔B!$D:$D,0))),60)&"분)" -> 약 578분 (9시간 38분)
A17: 배치 논리
A18: · 10일 주기다. 1~4일차 A블록 · 5일차 완전휴식 · 6~9일차 B블록 · 10일차 완전휴식 · 다시 1일차. 네 패턴(당기기 · 밀기 · 하체 · 어깨팔)이 각각 A/B로 5일 간격.
A19: · 무거운 하체일 뒤가 둘 다 저부하다: 3일차 스쿼트 → 4일차 어깨·팔 A → 5일차 완전휴식, 8일차 데드 → 9일차 어깨·팔 B → 10일차 완전휴식. 어깨·팔 날은 척추 부하가 0이다.
A20: · 부위 간격이 5일로 완전히 균등하다 — 짝수 주기라 가능하다. 9일에서는 4일과 5일이 번갈아 왔다. 벤치(2) ↔ 밀리터리(7) · 스쿼트(3) ↔ 데드(8) · 당기기(1) ↔ (6) · 어깨·팔(4) ↔ (9).
A21: · 4·9일차 어깨·팔은 척추 부하 0인 고립일이다 — 33~38세트라 가벼운 날은 아니다. 다음 세션에 영향이 있으면 무게가 과한 것 — 세트가 아니라 무게를 내린다.
A22: · 연속 훈련은 최대 4일(1~4 · 6~9)이고 각 블록 4일째가 고립 세션이라 체감은 3일 → 가벼움 → 휴식이다.
A23: · 당기기 A(수직) / B(수평), 밀기 A(수평) / B(수직), 하체 A(무릎) / B(고관절), 어깨·팔 A / B. 같은 부위를 5일 뒤 다른 각도로 친다.
A24: · 기립근: 데드(8일차) + 덤벨 RDL(1일차). RDL은 20kg으로 가볍게 — 척추 부하가 아니라 자세 유지가 목적.
A26: 10일 주기로 바꾸며 (2026-09-04 전환)
A27: · 4훈련 · 휴식 · 4훈련 · 휴식. 어깨(옛 8일차 40세트)를 다른 세 패턴처럼 A/B로 나눠 4 · 9일차에 두고, 1 · 2 · 5 · 6일차의 삼두 · 이두 · 전완을 그쪽으로 옮겼다. 종목 12개 이동, 세트는 한 개도 안 늘고 안 줄었다 — 239 그대로.
A28: · 세션이 24~38세트 · 67~73분으로 고르게 됐다. 9일 주기에서는 1일차 38 · 6일차 34(84분) · 8일차 40이었고 80분 넘는 날이 셋이었다. 이제 없다.
A29: · 시간 균등화(같은 날 추가): 디클라인 플라이(2일차) · 펙덱(7일차) → 4일차, 케이블 힙 외전(8일차) → 9일차, 스탠딩 카프(3일차) → 6일차. 4종목 13세트, 총량 불변. 분할 직후 57~80분이던 편차를 67~73분으로 좁혔다 — 남은 6분은 종목 하나 크기라 세트를 쪼개지 않는 한 더 못 좁힌다. 흉근이 2·4·7일차 셋으로 흩어졌고 종아리는 (1,6) 거울이 됐다.
... A101: · 9일차는 드롭 0 — 36세트로 이미 꽉 찬 날이다. 측면은 2일차 레터럴에 더해 4일차 머신 레터럴에도 붙였다(사용자 선택, 둘 다 +60초). 이두는 프리쳐 컬 한 곳(9일차 인클라인 컬은 이틀 뒤 친업), 머신 숄더 프레스는 제외(전면 삼각근은 프레스 4종으로 충분), 시티드 카프·트랩바 슈러그·흉근 상부(케이블 플라이 교체 필요)는 보류.

Sheet D1_당기기A
A1: 1일차 — 당기기 A (수직)
A2: 광배 위쪽 · 견갑골 하강 · 전완 · 삼두. 6일차 당기기 B(수평)와 각도를 나눈다.
A3: 웜업 — 스캡 풀업 2세트 × 5~8 (세트 카운트 제외): 팔은 편 채 견갑골만 하강, 여유 있게(실패 4회+ 전 종료). 친업 직전 견갑 하강 프라이밍.
A4: 운동 구성
A5: # | B5: 종목 | C5: 근육군 | D5: 중량(Kg) | E5: 세트 | F5: 횟수 | G5: 수행(초) | H5: 휴식(초) | I5: 종목 분 | J5: 간접 자극 | K5: 메모 | L5: 대체 종목 | M5: 세트별 휴식(초) | N5: 슈퍼세트 | O5: 드롭(초)
A6: 1 | B6: 친업 (어시스트 가능) | C6: 광배 | D6: 60 | E6: 4 | F6: 6~8 | G6: 35 | H6: 155 | I6: =IF(E6=0,0,ROUND((E6*(G6+H6)+O6)/60,1)) -> 12.7 | J6: 이두 | K6: 수직 당기기 메인. 광배 위쪽 섬유 비중이 큼 | L6: 어시스트 풀업 머신 (개수가 안 나올 때) / 뉴트럴 그립 친업 (팔꿈치가 편함) / 랫풀다운 | M6: 135/145/160/180
A7: 2 | B7: 랫풀다운 | C7: 광배 | D7: 40 | E7: 3 | F7: 8~12 | G7: 40 | H7: 120 | I7: =IF(E7=0,0,ROUND((E7*(G7+H7)+O7)/60,1)) -> 8 | J7: 이두 | K7: 친업 뒤에 무게 조절 수단으로. 그립을 친업과 다르게 (친업이 언더면 여기선 오버) [2026-09-05 4→2] 뒤 2세트를 원암 랫풀다운으로 나눴다 (사용자 요청). | L7: 뉴트럴 그립 랫풀다운 / 원암 랫풀다운 (좌우 독립) / 케이블 풀오버 (이두 개입 최소)
A8: 3 | B8: 원암 랫풀다운 | C8: 광배 | D8: 20 | E8: 2 | F8: 8~12 (좌우) | G8: 80 | H8: 120 | I8: =IF(E8=0,0,ROUND((E8*(G8+H8)+O8)/60,1)) -> 8.7 | J8: 이두 | K8: [2026-09-05 신설] 랫풀다운 4세트를 양팔 2 + 원암 2로 나눴다 (사용자 요청). 하이 풀리에 D핸들을 걸고 뉴트럴 그립으로 한 팔씩 — 좌우를 따로 세니 약한 쪽이 강한 쪽에 묻히지 않고, 당기는 쪽으로 몸통을 살짝 기울여 광배를 더 늘린 자리에서 시작할 수 있다. 팔꿈치를 옆구리 쪽으로 끌어내리고 맨 아래에서 1초 정지. 세트 수는 좌우 한 번씩을 1세트로 센다(수행 80초 = 40초 × 2). 무게는 양팔의 절반에서 시작해 약한 쪽 기준으로 올린다. 광배 직접 세트는 이 날 8 그대로. [2026-09-07 마지막 세트 드롭 2단 — 실패 뒤 쉬지 않고 20~30% 내려 두 번. 한쪽을 끝까지 내려간 뒤 반대쪽. 팔로 당기기 시작하면 그 자리에서 끝. 세트 수 그대로, 증량 판정은 첫 세트로만. +120초는 O열] | L8: 원암 케이블 풀다운 (다른 하이 풀리) / 원암 덤벨 로우 (풀다운 기구가 찼을 때) / 뉴트럴 그립 랫풀다운 4세트로 합치기 | O8: 120
A9: 4 | B9: 바벨 로우(스미스)(그립 넓게) | C9: 승모(중부)·능형근 | D9: 맨몸 | E9: 4 | F9: 8~10 | G9: 40 | H9: 120 | I9: =IF(E9=0,0,ROUND((E9*(G9+H9)+O9)/60,1)) -> 10.7 | J9: 전거근 | K9: 그립을 어깨너비보다 넓게 — 팔꿈치를 45~90°로 벌려 견갑골을 모으는 종목이다. 주동근은 능형근·중부승모이고 광배는 협력근으로 계상한다(간접 0.5). 팔꿈치를 몸통에 붙여 당기면 광배 종목이 되어 같은 날 친업·랫풀다운과 겹친다 — 그러라고 넣은 자리가 아니다. [2026-09-04 라벨 정정: 광배 → 승모(중부)·능형근. 세트 수는 그대로 4] | L9: 스캡 랫풀다운 (앉아서) / 어시스트 풀업 머신에서 스캡 풀업 / 바에 매달려 정지 3초
A10: 5 | B10: 페이스풀(로프) | C10: 승모(중부)·능형근 | D10: 12.5 | E10: 3 | F10: 12~15 | G10: 45 | H10: 60 | I10: =IF(E10=0,0,ROUND((E10*(G10+H10)+O10)/60,1)) -> 5.3 | J10: 삼각근(후면) · 외회전근 | K10: 수평 후인 + 외회전. 랫풀다운과 같은 케이블 스테이션에서 높이만 올려 이어서 한다. 팔꿈치를 어깨 높이로 유지하고 마지막에 손등이 뒤로 돌아갈 때까지 외회전을 끝낼 것 — 외회전을 빼면 그냥 후면삼각 종목이 되어 6일차와 겹친다. 무게 욕심 내면 승모 상부가 다 가져간다. 수직 당기기 날이지만 승모 중부 사이클당 2회(6일차와 5일 간격)를 만들기 위한 배치이며, 10~15kg으로 가벼워 친업·랫풀다운의 광배 자극과 경쟁하지 않는다. 덤벨 RDL과 같은 성격의 예외 배치. | L10: 로프 페이스풀 (1순위) / 밴드 페이스풀 (케이블 자리가 없을 때) / 리버스 펙덱을 팔 편 채로 + 케이블 외회전 별도 (외회전 성분을 분리 수행)
A11: 6 | B11: 바벨 컬 | C11: 이두 | D11: 30~35 | E11: 0 | F11: 8~12 | G11: 40 | H11: 70 | I11: =IF(E11=0,0,ROUND((E11*(G11+H11)+O11)/60,1)) -> 0 | J11: 전완 | K11: [2026-08-28 — 이 종목은 2일차 밀기 A로 옮겨 3세트로 되살아났다. 당기기 날은 친업·랫풀다운으로 이두가 이미 간접 3.5세트분 지친 뒤라 컬을 두기에 나쁜 자리였다. 이 행은 기록으로만 남긴다] | L11: EZ바 컬 (손목이 편함) / 케이블 컬 (전 구간 장력) / 해머 컬 (상완요골근 동시)
A12: 7 | B12: 라잉 레그 레이즈 | C12: 복부 | D12: 맨몸 | E12: 4 | F12: 12~15 | G12: 40 | H12: 60 | I12: =IF(E12=0,0,ROUND((E12*(G12+H12)+O12)/60,1)) -> 6.7 | K12: 복부 굴곡(하부). 바닥에 누워 다리를 모은 채 들어올린다 — 허리가 뜨면 장요근 종목이 되므로 손을 엉덩이 밑에 받쳐 골반을 후방경사로 고정하고, 내릴 때 발이 바닥에 닿기 전에 멈춰 장력을 유지한다. 6일차 중량 크런치(상부)와 굴곡 축을 나눈다. [2026-09-02 — 변형 4가지 서킷에서 일반 라잉 레그 레이즈로 환원. 세트당 100회·150초라 4세트가 14분으로 이 세션에서 가장 긴 종목이었고, 변형마다 자극 부위가 흩어져 하부 굴곡 한 축에 집중되지 않았다. 종목 분 14.0 → 6.7] | L12: 캡틴 체어 레그 레이즈 (그립·허리 부담 없음 — 1순위) / 행잉 레그 레이즈 (가장 어렵다, 그립이 먼저 나감) / 리버스 크런치 (골반을 말아 올려 하부 집중) / 라잉 레그 레이즈 변형 4가지 https://www.youtube.com/watch?v=BGaOGtfTKPc
A13: 8 | B13: 케이블 트렁크 로테이션 | C13: 복부 | D13: 10~15 | E13: 3 | F13: 12~15 (좌우) | G13: 70 | H13: 60 | I13: =IF(E13=0,0,ROUND((E13*(G13+H13)+O13)/60,1)) -> 6.5 | K13: [2026-09-04 신설] 복부의 네 번째 축 — 회전. 그동안 굴곡(상·하)과 항신전만 있고 회전은 통째로 비어 있었다. **뒷발 뒤꿈치를 돌려 골반이 상체를 따라가게 한다** — 골반을 고정한 채 돌리면 회전이 요추 하나에 몰린다(앉아서 하는 트렁크 로테이션 머신을 안 쓰는 이유가 이것이다). **팔은 고정하고 몸통으로 돌린다** — 팔로 당기면 어깨 운동이 된다. 무게는 가볍게, 통제되는 범위에서. 6일차 중량 크런치를 6→3으로 내리며 이쪽으로 옮겨온 자리다. 왜 1일차인가 — 10일차 휴식 다음 날이라 척추가 가장 신선하다. 9일차는 데드(8일차) 다음 날이고 "척추 부하 0"이 그 날의 설계 근거라 회전을 얹지 않았다. | L13: 케이블 우드촙 (하이 투 로우) / 팔로프 프레스 (항회전) / 밴드 트렁크 로테이션
A14: 9 | B14: 카프 레이즈 (스탠딩) | C14: 종아리 | D14: 10 | E14: 3 | F14: 12~15 | G14: 40 | H14: 75 | I14: =IF(E14=0,0,ROUND((E14*(G14+H14)+O14)/60,1)) -> 5.8 | K14: [2026-09-04 신설] 종아리를 성장 구간(주당 10)으로 올리려고 3일차·8일차에 이어 세 번째 자리를 만들었다. 무릎 편 상태라 비복근 쪽. 당기기 날에 둔 이유는 하체날 두 곳이 이미 가장 긴 세션이라 더 얹지 않기로 해서다 — 종아리는 고립이라 어느 날에 있든 상관없다. | L14: 레그 프레스 카프 (기계가 비었을 때) / 스미스 카프 레이즈
A15: 10 | B15: 덤벨 루마니안 데드리프트 | C15: 기립근 | D15: 20 | E15: 3 | F15: 12 | G15: 45 | H15: 90 | I15: =IF(E15=0,0,ROUND((E15*(G15+H15)+O15)/60,1)) -> 6.8 | J15: 둔근·햄스트링 | K15: 기립근 보조. 20kg으로 가볍게 — 무게를 올리면 햄스트링 종목이 되고 척추 부하도 같이 올라간다. 데드(8일차)와 이틀 간격이라 이 자리가 맞다 [2026-09-04 3→6→3] 백 익스텐션이 없던 동안 기립근을 늘릴 수단이 이것뿐이라 6으로 올렸다가, 기구를 쓸 수 있다는 확인을 받고 3으로 되돌렸다. 힌지를 두 배로 하는 것보다 기립근 전용 종목을 따로 두는 편이 척추 부하도 낮고 자극도 곧다. [2026-09-04 순서 변경: 백 익스텐션과 자리를 맞바꿔 10번이 됐다] | L15: 케이블 풀스루 (척추 압박 최소) / 굿모닝 (빈 봉~40kg, 가볍게) / 45도 하이퍼익스텐션 벤치 (있는 경우) / 스티프 레그드 데드리프트. 어느 쪽이든 가볍게 — 성장이 아니라 자세 유지가 목적
A16: 11 | B16: 백 익스텐션 (45도) | C16: 기립근 | D16: 맨몸 | E16: 3 | F16: 12~15 | G16: 40 | H16: 60 | I16: =IF(E16=0,0,ROUND((E16*(G16+H16)+O16)/60,1)) -> 5 | K16: [2026-09-04 순서 변경] 기구가 옆 체육관에 있어 세션 맨 마지막으로 내렸다 — 본 체육관 일을 전부 끝내고 이동한다. 앞으로 종목을 추가할 때 이 뒤에 붙이지 말 것. 45도 백 익스텐션, 이 프로그램의 원래 설계 종목이었는데 기구를 못 써서 덤벨 RDL로 대체해 뒀던 것을 되돌렸다. **척추 신전을 강조해서 한다** — 등을 편 채 고관절만 접는 힌지식으로 하면 둔근·햄스트링이 주동근이 되고 기립근은 버티기만 한다. 옆 체육관까지 갔는데 그러면 헛걸음이다. | L16: 원판 5~10kg 안고 (맨몸이 쉬워지면) / 굿모닝(스미스) / 덤벨 루마니안 데드리프트
D17: 세트 합계 | E17: =SUM(E6:E16) -> 32 | I17: =ROUND(SUM(I6:I16),0) -> 76
A19: 변경 (2026-09-05)
A20: · 랫풀다운 4 → 양팔 2 + 원암 2 (사용자 요청). 3번 원암 랫풀다운을 새로 두고 뒤 종목 번호가 하나씩 밀렸다. 광배 직접 세트는 8 그대로 · 31세트 · 약 72분.
A22: 드롭 세트 (2026-09-07)
A23: · 원암 랫풀다운 마지막 세트에 드롭 2단, +120초 (사용자 요청). 편측이라 한쪽을 끝까지 내려간 뒤 반대쪽으로 넘어간다 — 번갈아 하면 쉬는 시간이 생겨 드롭 효과가 약해진다. 광배는 주당 12.4로 낮고 예산은 잠겨 있어, 세트 수를 안 늘리고 자극만 얹는 자리다.
A24: · O열 '드롭(초)'는 마지막 세트에 더해지는 시간이다. I열 종목 분에 합산되고, 앱 타이머는 마지막 세트를 그만큼 늘린 뒤 '드롭세트'라고 읊는다. E열 세트 수와 세트검산은 건드리지 않는다.

Sheet D2_밀기A
A1: 2일차 — 밀기 A (수평)
A2: 벤치 5×5가 이 프로그램의 최우선 종목. 7일차 밀기 B(수직)와 각도를 나눈다. 삼두 푸쉬다운을 마지막에 둔다 — 프레스로 지친 삼두를 고립으로 마무리한다 (2026-09-05, 4일차에서 이동). [이력] 바벨 컬은 2026-09-04에 4일차로 갔다.
A4: 메인: 벤치프레스
A5: 중량(Kg) | B5: 반복 | C5: 세트
A6: =MAX(20,(MROUND(시작중량_설정!$E$9*0.4,1)+(MOD(MROUND(시작중량_설정!$E$9*0.4,1),5)=4))) -> 20 | B6: 5 | C6: 2
A7: =IF(MAX(20,(MROUND(시작중량_설정!$E$9*0.6,1)+(MOD(MROUND(시작중량_설정!$E$9*0.6,1),5)=4)))<=MAX(20,(MROUND(시작중량_설정!$E$9*0.4,1)+(MOD(MROUND(시작중량_설정!$E$9*0.4,1),5)=4))),"생략",MAX(20,(MROUND(시작중량_설정!$E$9*0.6,1)+(MOD(MROUND(시작중량_설정!$E$9*0.6,1),5)=4)))) -> 25 | B7: 5 | C7: 1
A8: =IF(MAX(20,(MROUND(시작중량_설정!$E$9*0.75,1)+(MOD(MROUND(시작중량_설정!$E$9*0.75,1),5)=4)))<=MAX(20,(MROUND(시작중량_설정!$E$9*0.6,1)+(MOD(MROUND(시작중량_설정!$E$9*0.6,1),5)=4))),"생략",MAX(20,(MROUND(시작중량_설정!$E$9*0.75,1)+(MOD(MROUND(시작중량_설정!$E$9*0.75,1),5)=4)))) -> 31 | B8: 3 | C8: 1
A9: =IF(MAX(20,(MROUND(시작중량_설정!$E$9*0.9,1)+(MOD(MROUND(시작중량_설정!$E$9*0.9,1),5)=4)))<=MAX(20,(MROUND(시작중량_설정!$E$9*0.75,1)+(MOD(MROUND(시작중량_설정!$E$9*0.75,1),5)=4))),"생략",MAX(20,(MROUND(시작중량_설정!$E$9*0.9,1)+(MOD(MROUND(시작중량_설정!$E$9*0.9,1),5)=4)))) -> 37 | B9: 2 | C9: 1
A10: =시작중량_설정!$E$9 -> 41 | B10: 5 | C10: 5
A11: ↑ '시작중량_설정'과 자동 연동. 20 = 빈 봉. '생략'은 앞 세트와 중량이 겹쳐 불필요하다는 뜻.
A13: 웜업 — 회전근개 (세트 카운트 제외)
A14: · 케이블 외회전 2세트 × 12~15회. 팔꿈치 90도로 접어 옆구리에 붙이고 바깥으로만 회전.
A15: · 매우 가볍게 — 2.5~5kg. 무거우면 광배와 후면 삼각근이 대신 일하며 목적을 잃는다.
A16: · 근비대 항목이 아니라 관절 준비 항목이므로 세트 합계에 넣지 않는다.
A18: 운동 구성
A19: # | B19: 종목 | C19: 근육군 | D19: 중량(Kg) | E19: 세트 | F19: 횟수 | G19: 수행(초) | H19: 휴식(초) | I19: 종목 분 | J19: 간접 자극 | K19: 메모 | L19: 대체 종목 | M19: 세트별 휴식(초) | N19: 슈퍼세트 | O19: 드롭(초)
A20: 1 | B20: 벤치프레스 (본세트) | C20: 흉근(중하부) | D20: =시작중량_설정!$E$9 -> 41 | E20: 5 | F20: 5 | G20: 30 | H20: 180 | I20: =IF(E20=0,0,ROUND((E20*(G20+H20)+O20)/60,1)) -> 17.5 | J20: 삼두·전면삼각 | K20: 현재 최우선 종목. 사이클당 2.25kg 마이크로로딩. 여기가 무너지면 그 사이클 나머지를 줄인다 | L20: 스미스 벤치프레스 (궤도 고정) / 체스트 프레스 머신 / 플로어 프레스 (어깨가 아플 때) | M20: 150/165/180/195/210
A21: 2 | B21: 딥스 | C21: 흉근(중하부) | D21: 70 10개 채움 | E21: 4 | F21: 8~10 | G21: 40 | H21: 155 | I21: =IF(E21=0,0,ROUND((E21*(G21+H21)+O21)/60,1)) -> 13 | J21: 삼두 | K21: 상체 앞으로 기울여 흉근 비중 확보. 쉬워지면 벨트로 중량 추가 | L21: 어시스트 딥스 머신 / 디클라인 덤벨 프레스 / 체스트 딥스 머신 https://www.youtube.com/shorts/1tQQKeAMwr0 | M21: 135/145/160/180
A22: 3 | B22: 인클라인 덤벨 플라이(혹은 벡덱플라이 머신으로) | C22: 흉근(상부) | D22: 8 | E22: 4 | F22: 10~12 | G22: 40 | H22: 105 | I22: =IF(E22=0,0,ROUND((E22*(G22+H22)+O22)/60,1)) -> 9.7 | K22: 프레싱 뒤 고립. 늘어난 구간에서 멈추지 말고 부드럽게 [2026-09-04 4→7] 흉근 상부 보강(주당 7.0 → 10.1). 7일차 인클라인 머신과 함께 사이클당 2회. [2026-09-04 7→4] 같은 날 인클라인 벤치프레스(스미스) 3세트를 새로 두면서 나눴다. 흉근 상부 직접 합계는 그대로다. | L22: 케이블 크로스오버 (아래→위) / 펙덱 플라이 (등받이를 눕혀 인클라인 각으로) / 인클라인 머신 플라이
A23: 4 | B23: 레터럴 레이즈 | C23: 삼각근(측면) | D23: 6 | E23: 6 | F23: 12~15 | G23: 40 | H23: 70 | I23: =IF(E23=0,0,ROUND((E23*(G23+H23)+O23)/60,1)) -> 12 | K23: 덤벨은 아래 구간에 저항이 안 걸린다 — 원암 케이블(7일차)이 그 구간을 메운다 [2026-09-07 마지막 세트 드롭 2단 — 실패 뒤 쉬지 않고 20~30% 내려 두 번. 무거운 구간에서 승모가 끼면 내린 무게로 어깨만 마저 채운다. 세트 수 그대로, 증량 판정은 앞 세트로만. +60초는 O열] | L23: 케이블 레터럴 레이즈 (전 구간 장력) / 레터럴 레이즈 머신 / 라잉 레터럴 | O23: 60
A24: 5 | B24: 리버스 펙덱플라이 | C24: 삼각근(후면) | D24: 20 | E24: 5 | F24: 12~15 | G24: 40 | H24: 70 | I24: =IF(E24=0,0,ROUND((E24*(G24+H24)+O24)/60,1)) -> 10.2 | K24: [2026-09-07 마지막 세트 드롭 2단 — 실패 뒤 쉬지 않고 핀 20~30% 내려 두 번. 세트 수 그대로, 증량 판정은 앞 세트로만. +60초는 O열] | L24: https://www.youtube.com/shorts/Et70PVUQpDE | O24: 60
A25: 6 | B25: 케이블 푸쉬다운 (로프) | C25: 삼두 | D25: 20 | E25: 4 | F25: 10~15 | G25: 40 | H25: 70 | I25: =IF(E25=0,0,ROUND((E25*(G25+H25)+O25)/60,1)) -> 8.3 | K25: [2026-09-05 4일차 → 2일차 이동] 벤치·딥스·플라이·레이즈를 다 마친 뒤 마지막에 — 프레스에서 이미 지친 삼두를 고립으로 마무리하는 자리다. 4일차에 있을 때의 근거였던 '삼두가 안 쓰인 날의 신선함'은 포기했고, 대신 밀기 날에 삼두가 같이 끝난다. 로프로 마지막에 손등을 바깥으로 벌리면 외측두가 끝까지 수축한다. 팔꿈치는 옆구리에 고정 — 어깨로 누르면 광배 종목이 된다. 9일차 라잉 익스텐션이 늘어난 구간(장두)이라 여기는 짧아진 구간(외측두·내측두)으로 축을 나눈다. 삼두 직접은 2일차 4 · 9일차 4로 사이클당 2회 그대로. [2026-08-28 — 원래 1일차 인클라인 덤벨 컬 자리에 들어왔던 종목] [2026-09-07 마지막 세트 드롭 2단 — 실패 뒤 쉬지 않고 핀 20~30% 내려 두 번. 팔꿈치는 끝까지 옆구리에. 세트 수 그대로, 증량 판정은 앞 세트로만. +60초는 O열] | L25: V바 푸쉬다운 (손목이 편함) / 오버헤드 케이블 익스텐션 (장두 — 7일차와 겹치므로 차선) / 덤벨 킥백 / 벤치 딥스 (케이블이 없을 때) | O25: 60
D26: 세트 합계 | E26: =SUM(E20:E25) -> 28 | I26: =ROUND(SUM(I20:I25),0) -> 71
A27: 드롭 세트 (2026-09-07)
A28: · 레터럴 레이즈 · 리버스 펙덱 · 푸쉬다운 마지막 세트에 드롭 2단, 각 +60초 (사용자 요청). 벤치 뒤라 셋이 몰려도 메인에 영향이 없다. 20~30%씩 내려 쉬지 않고 두 번, 세 번째부터는 피로만 쌓인다.
A29: · O열 '드롭(초)'는 마지막 세트에 더해지는 시간이다. I열 종목 분에 합산되고, 앱 타이머는 마지막 세트를 그만큼 늘린 뒤 '드롭세트'라고 읊는다. E열 세트 수와 세트검산은 건드리지 않는다.

Sheet D3_하체A
A1: 3일차 — 하체 A (무릎 지배)
A2: 스쿼트 · 레그프레스 중심. 8일차 하체 B(고관절 지배)와 5일 간격.
A4: 메인: 스쿼트
A5: 중량(Kg) | B5: 반복 | C5: 세트
A6: =MAX(20,(MROUND(시작중량_설정!$E$7*0.4,1)+(MOD(MROUND(시작중량_설정!$E$7*0.4,1),5)=4))) -> 30 | B6: 5 | C6: 2
A7: =IF(MAX(20,(MROUND(시작중량_설정!$E$7*0.6,1)+(MOD(MROUND(시작중량_설정!$E$7*0.6,1),5)=4)))<=MAX(20,(MROUND(시작중량_설정!$E$7*0.4,1)+(MOD(MROUND(시작중량_설정!$E$7*0.4,1),5)=4))),"생략",MAX(20,(MROUND(시작중량_설정!$E$7*0.6,1)+(MOD(MROUND(시작중량_설정!$E$7*0.6,1),5)=4)))) -> 45 | B7: 5 | C7: 1
A8: =IF(MAX(20,(MROUND(시작중량_설정!$E$7*0.75,1)+(MOD(MROUND(시작중량_설정!$E$7*0.75,1),5)=4)))<=MAX(20,(MROUND(시작중량_설정!$E$7*0.6,1)+(MOD(MROUND(시작중량_설정!$E$7*0.6,1),5)=4))),"생략",MAX(20,(MROUND(시작중량_설정!$E$7*0.75,1)+(MOD(MROUND(시작중량_설정!$E$7*0.75,1),5)=4)))) -> 56 | B8: 3 | C8: 1
A9: =IF(MAX(20,(MROUND(시작중량_설정!$E$7*0.9,1)+(MOD(MROUND(시작중량_설정!$E$7*0.9,1),5)=4)))<=MAX(20,(MROUND(시작중량_설정!$E$7*0.75,1)+(MOD(MROUND(시작중량_설정!$E$7*0.75,1),5)=4))),"생략",MAX(20,(MROUND(시작중량_설정!$E$7*0.9,1)+(MOD(MROUND(시작중량_설정!$E$7*0.9,1),5)=4)))) -> 68 | B9: 2 | C9: 1
A10: =시작중량_설정!$E$7 -> 75 | B10: 5 | C10: 5
A11: ↑ '시작중량_설정'과 자동 연동. 20 = 빈 봉. '생략'은 앞 세트와 중량이 겹쳐 불필요하다는 뜻.
A13: 운동 구성
A14: # | B14: 종목 | C14: 근육군 | D14: 중량(Kg) | E14: 세트 | F14: 횟수 | G14: 수행(초) | H14: 휴식(초) | I14: 종목 분 | J14: 간접 자극 | K14: 메모 | L14: 대체 종목 | M14: 세트별 휴식(초) | N14: 슈퍼세트 | O14: 드롭(초)
A15: 1 | B15: 스쿼트 (본세트) | C15: 대퇴사두 | D15: =시작중량_설정!$E$7 -> 75 | E15: 5 | F15: 5 | G15: 35 | H15: 193 | I15: =IF(E15=0,0,ROUND((E15*(G15+H15)+O15)/60,1)) -> 19 | J15: 둔근·기립근 | K15: 무릎 지배 메인. 데드(8일차)와 5일 간격이라 기립근이 회복된 상태에서 친다 | L15: 스미스 스쿼트 / 핵 스쿼트 (대퇴사두 집중) / 프론트 스쿼트 / 벨트 스쿼트 (척추 부하 없음) | M15: 150/170/190/215/240
A16: 2 | B16: 레그 프레스 | C16: 대퇴사두 | D16: 120 | E16: 3 | F16: 8~12 | G16: 45 | H16: 150 | I16: =IF(E16=0,0,ROUND((E16*(G16+H16)+O16)/60,1)) -> 9.8 | J16: 둔근 | K16: 수/토 3+3 분할. 궤도 고정이라 대퇴사두가 확실히 한계까지 간다. 발판 위치는 중간 | L16: 핵 스쿼트 / 레그 익스텐션 (완전 고립) / 프론트 스쿼트
A17: 3 | B17: 불가리안 스플릿 스쿼트 | C17: 둔근 | D17: 맨몸 | E17: 3 | F17: 10 (좌우) | G17: 90 | H17: 150 | I17: =IF(E17=0,0,ROUND((E17*(G17+H17)+O17)/60,1)) -> 12 | J17: 대퇴사두·중둔근 | K17: 한 다리 지지라 관상면 안정화가 함께 들어온다 | L17: 덤벨 런지 / 워킹 런지 / 스텝업 / 리버스 런지 (무릎 부담 ↓)
A18: 4 | B18: 레그 컬 | C18: 햄스트링 | D18: 40 | E18: 4 | F18: 10~12 | G18: 40 | H18: 120 | I18: =IF(E18=0,0,ROUND((E18*(G18+H18)+O18)/60,1)) -> 11.9 | K18: 무릎 굴곡. 8일차 RDL(고관절 신전)과 기능이 다르다 — 둘 다 필요 [2026-09-07 마지막 세트 드롭 2단 — 실패 뒤 쉬지 않고 핀 20~30% 내려 두 번. 지친 햄스트링은 수축 위치에서 쥐가 잘 나니 위에서 멈추지 말고 바로 내린다. 다음 햄스트링은 8일차, 5일 뒤. 세트 수 그대로, 증량 판정은 앞 세트로만. +75초는 O열] | L18: 라잉 레그 컬 · 시티드 레그 컬 (시티드가 늘어난 구간을 더 씀) / 노르딕 햄 컬 | O18: 75
A19: 5 | B19: 이너 타이 | C19: 내전근 | D19: 35 | E19: 4 | F19: 12~15 | G19: 40 | H19: 10 | I19: =IF(E19=0,0,ROUND((E19*(G19+H19)+O19)/60,1)) -> 3.3 | K19: 내전근 직접 종목은 이것뿐. 스쿼트·레그프레스·불가리안이 간접 5.5를 채워 주므로 실질은 이미 하한 위다. [2026-09-04 — 아우터 타이와 슈퍼세트로 묶었다. 겸용 머신이라 패드만 뒤집으면 되어 전환이 10초다. 휴식 105 → 10초는 그 전환 시간이고, 라운드 간 휴식은 아우터 쪽 105초가 맡는다. 길항근 쌍이라 서로의 피로를 나눠 갖지 않으며, 각 근육 입장에서는 자기 세트 간격이 오히려 155초로 늘어난다] | L19: 와이드 스탠스 레그 프레스 / 코사크 스쿼트 / 케이블 힙 내전 | N19: A
A20: 6 | B20: 아우터 타이 (힙 외전) | C20: 중둔근 | D20: 30~35 | E20: 4 | F20: 12~15 | G20: 40 | H20: 105 | I20: =IF(E20=0,0,ROUND((E20*(G20+H20)+O20)/60,1)) -> 9.7 | K20: 관상면 외전. [2026-09-04 부활 — v18에서 8일차로 보냈던 자리를 이너 타이와의 슈퍼세트로 되살렸다. 중둔근이 직접 3 · 간접 1.0으로 주당 환산 3.5, 프로그램 최하위였다. 여기 4세트로 주당 7.0 · 사이클당 2회(3일차·8일차, 간격 4일)가 된다. 8일차 케이블 힙 외전은 그대로 둔다 — 앉아서 고관절 굽힌 채(여기)와 서서 편 채(8일차)는 각도가 다르다. 반드시 양측 동시 머신으로 — 케이블 좌우 버전은 수행 80초라 40초짜리 이너와 라운드가 안 맞는다] | L20: 힙 어브덕션 머신 (겸용 머신이 없을 때) / 케이블 힙 외전 (좌우 — 슈퍼세트로는 부적합) / 밴드 몬스터 워크 / 사이드 라잉 힙 외전 | N20: A
A21: 7 | B21: 앱휠 롤아웃 | C21: 복부 | D21: 맨몸 | E21: 3 | F21: 10 | G21: 40 | H21: 60 | I21: =IF(E21=0,0,ROUND((E21*(G21+H21)+O21)/60,1)) -> 5 | K21: 항신전. 다음날이 당기기 B라 브레이싱 손실이 문제되지 않는다 | L21: 애브 롤아웃 / 사이드 플랭크 / 팔로프 프레스 (항회전)
D22: 세트 합계 | E22: =SUM(E15:E21) -> 26 | I22: =ROUND(SUM(I15:I21),0) -> 71
A23: 드롭 세트 (2026-09-07)
A24: · 레그 컬 마지막 세트에 드롭 2단, +75초 (사용자 요청). 핀 스택 단관절이고 그날 햄스트링 마지막 종목이다. 다음 햄스트링은 8일차 RDL, 5일 뒤. 3일차 뒤는 4일차 고립·5일차 휴식이라 회복이 겹치지 않는다. 지친 햄스트링은 수축 위치에서 쥐가 나기 쉬우니 드롭 반복은 위에서 멈추지 않는다.
A25: · O열 '드롭(초)'는 마지막 세트에 더해지는 시간이다. I열 종목 분에 합산되고, 앱 타이머는 마지막 세트를 그만큼 늘린 뒤 '드롭세트'라고 읊는다. E열 세트 수와 세트검산은 건드리지 않는다.

Sheet D4_어깨팔A
A1: 4일차 — 어깨·팔 A
A2: 측면·후면 삼각근 + 승모 하부 + 흉근(인클라인 스미스 · 펙덱) + 이두 · 전완 + 종아리. 약 71분. 4-1-4-1 전환으로 신설 — 옛 8일차 어깨 세션의 절반과 1·2일차의 팔이 여기로 왔다. 거울 슬롯은 9일차 어깨·팔 B. [2026-09-05] 이너·아우터 타이·리스트 컬은 9일차로, 디클라인 플라이는 7일차로, 시티드 카프는 6일차로 갔고, 9일차의 리버스 리스트 컬·리버스컬과 6일차 스탠딩 카프·오버헤드 슈러그가 왔다. 펙덱·머신 레터럴 마지막 세트 드롭 +2분 — 약 73분 (2026-09-07).
A3: 웜업 — 케이블 외회전 2세트 × 12~15 (세트 카운트 제외): 매우 가볍게 2.5~5kg. 팔꿈치를 90도로 접어 옆구리에 붙이고 바깥으로만 회전. 대체: 밴드 외회전 / 아주 가벼운 페이스풀.
A4: 운동 구성
A5: # | B5: 종목 | C5: 근육군 | D5: 중량(Kg) | E5: 세트 | F5: 횟수 | G5: 수행(초) | H5: 휴식(초) | I5: 종목 분 | J5: 간접 자극 | K5: 메모 | L5: 대체 종목 | M5: 세트별 휴식(초) | N5: 슈퍼세트 | O5: 드롭(초)
A6: 1 | B6: 머신 레터럴 레이즈 | C6: 삼각근(측면) | D6: 10 | E6: 3 | F6: 12~15 | G6: 40 | H6: 70 | I6: =IF(E6=0,0,ROUND((E6*(G6+H6)+O6)/60,1)) -> 6.5 | K6: 궤도가 고정돼 반동이 안 들어간다. 중간 구간을 끝까지 쓴다. 어깨가 으쓱 따라 올라가면 승모가 대신 일하는 것 — 무게를 내린다. [2026-09-07 마지막 세트 드롭 2단 — 실패 뒤 쉬지 않고 핀 20~30% 내려 두 번. 측면 두 번째 드롭 자리(2일차 레터럴과 이틀 간격, 사용자 선택). 세트 수 그대로, 증량 판정은 앞 세트로만. +60초는 O열] | L6: 덤벨 레터럴 (머신 없을 때 — 몸 옆이 아니라 살짝 앞) / 케이블 레터럴 양팔 크로스 | O6: 60
A7: 2 | B7: 와이드 그립 케이블 업라이트 로우 | C7: 삼각근(측면) | D7: 15 | E7: 3 | F7: 12~15 | G7: 40 | H7: 75 | I7: =IF(E7=0,0,ROUND((E7*(G7+H7)+O7)/60,1)) -> 5.8 | J7: 승모(상부) | K7: 레이즈 계열과 달리 팔꿈치를 굽힌 채 당기는 궤적이라 측면의 다른 섬유가 동원되고, 승모 상부가 같이 온다 (승모 상부는 사이클당 3세트로 하한 미달이라 이 겸용이 값을 한다). 그립은 어깨너비보다 넓게, 팔꿈치는 가슴 높이까지만 — 좁은 그립으로 턱까지 올리면 견봉하 공간이 좁아진다. | L7: EZ바 와이드 업라이트 로우 / 스미스 업라이트 로우 / 케이블 Y 레이즈 (충돌이 느껴질 때)
A8: 3 | B8: 케이블 리버스 플라이 | C8: 삼각근(후면) | D8: 12~15 | E8: 3 | F8: 12~15 | G8: 40 | H8: 70 | I8: =IF(E8=0,0,ROUND((E8*(G8+H8)+O8)/60,1)) -> 5.5 | J8: 중부승모·능형근 | K8: 팔을 편 채 수평으로만 벌린다. 케이블이라 수축 지점에서도 장력이 유지된다. 팔꿈치가 어깨선을 크게 지나가면 후면 삼각근에서 능형근으로 넘어간다. | L8: 리버스 펙덱 (2일차와 같은 머신이면 그립만 바꿔 각도를 나눈다) / 벤트오버 케이블 크로스
A9: 4 | B9: 리어 델트 로우 (로프) | C9: 삼각근(후면) | D9: 20 | E9: 3 | F9: 12~15 | G9: 40 | H9: 80 | I9: =IF(E9=0,0,ROUND((E9*(G9+H9)+O9)/60,1)) -> 6 | J9: 중부승모·능형근 | K9: 팔꿈치를 어깨 높이로 벌린 채 당긴다. 4·5번이 팔을 편 수평 외전이라면 이쪽은 굽힌 채 당기기라 모멘트암과 동원 섬유가 다르다 — 한 세션에 후면 9세트를 넣으면서 자극이 겹치지 않게 하는 축이 이것이다. 팔꿈치가 몸통 옆으로 붙으면 광배 로우가 된다. | L9: 와이드 그립 시티드 케이블 로우 (팔꿈치 벌려) / 페이스풀 (외회전까지 포함) / 머신 로우 와이드 그립
A10: 5 | B10: 오버헤드 슈러그(스미스) | C10: 승모(하부) | D10: 20 | E10: 3 | F10: 12~15 | G10: 40 | H10: 60 | I10: =IF(E10=0,0,ROUND((E10*(G10+H10)+O10)/60,1)) -> 5 | K10: [2026-09-05 6일차 → 4일차 이동] 6·7일차 이틀 연속이던 승모 하부를 4·7·9일차(3/2/5일)로 폈다. 스미스에서 하므로 바로 뒤 인클라인 스미스와 같은 기구 — 벤치만 넣으면 된다. [2026-09-04 신설] 승모 하부는 실질 4.5로 가장 크게 모자랐다. 7일차에 같은 종목이 3세트 있었지만 사이클당 1회뿐이었고, 여기와 9일차를 더해 3회로 만들었다. 견갑 상방회전 — 팔을 머리 위에 둔 채 으쓱한다. | L10: 오버헤드 케이블 슈러그 / 프론 Y 레이즈
A11: 6 | B11: 인클라인 벤치프레스(스미스) | C11: 흉근(상부) | D11: 30 | E11: 3 | F11: 8~12 | G11: 40 | H11: 150 | I11: =IF(E11=0,0,ROUND((E11*(G11+H11)+O11)/60,1)) -> 9.5 | J11: 삼두 · 삼각근(전면) | K11: [2026-09-05 2일차 → 4일차 이동] 이 날 유일한 프레스라 벤치·딥스 뒤 세 번째로 치던 때보다 신선하다 — 중량을 2일차 시절보다 올려 잡아도 된다. 레이즈 6세트 뒤에 두는 이유는 9일차 머신 숄더 프레스와 같다: 앞에 두면 프레스 피로로 레이즈 중량이 눌린다. 복합관절이라 뒤의 플라이 두 종목 앞이다. [2026-09-04 신설 당시] 흉근 상부 7세트를 플라이 하나로 채우던 것을 프레스 3 + 플라이 4로 나눴다. 플라이는 늘어난 구간에서 벌리는 자극, 프레스는 중량을 실을 수 있는 축 — 상부 흉근을 한 종류로만 때리지 않는다. 2일차 인클라인 플라이 · 7일차 인클라인 머신과 함께 흉근 상부 사이클당 3회. | L11: 인클라인 바벨 벤치프레스 / 인클라인 덤벨 프레스 / 인클라인 벤치프레스 머신
A12: 7 | B12: 펙덱 플라이 | C12: 흉근(중하부) | D12: 25~30 | E12: 3 | F12: 10~12 | G12: 40 | H12: 90 | I12: =IF(E12=0,0,ROUND((E12*(G12+H12)+O12)/60,1)) -> 7.5 | J12: 삼각근(전면) | K12: [2026-09-04 신설] 프레싱 두 종목을 끝내고 고립으로 마무리하는 자리. 팔꿈치 각도를 고정한 채 어깨 수평 내전만 — 굽혔다 펴면 프레스가 된다. 첫날은 25kg으로 10~12회가 실패 2~3회 안에 들어오는지 보고 맞춘다. 이 종목을 넣어 흉근 합산이 주당 환산 24.1이 됐다(천장 20 초과) — 사용자가 알고 선택한 것이며, 세트 질이 떨어지면 2일차 디클라인 케이블 플라이 3세트를 먼저 뺀다. [2026-09-07 마지막 세트 드롭 2단 — 실패 뒤 쉬지 않고 핀 20~30% 내려 두 번. 세트 수 그대로, 증량 판정은 앞 세트로만. +60초는 O열] | L12: 케이블 크로스오버 / 플랫 벤치 덤벨 플라이 (가동범위 ↑) / 머신 체스트 플라이 | O12: 60
A13: 8 | B13: 바벨 컬 | C13: 이두 | D13: 20~25 | E13: 3 | F13: 8~12 | G13: 40 | H13: 70 | I13: =IF(E13=0,0,ROUND((E13*(G13+H13)+O13)/60,1)) -> 5.5 | J13: 전완 | K13: 밀기 날에 이두를 넣는 이유는 1일차 푸쉬다운과 같다 — 이 세션에서 이두는 전혀 안 쓰이므로 완전히 신선하다. 이두 직접이 6 → 9세트, 사이클당 2회 → 3회가 된다 (2일차 · 6일차 · 9일차, 간격 3-3-2일). 6일차 프리쳐(반동 차단 · 짧아진 구간) · 9일차 인클라인(늘어난 구간)과 달리 여기는 선 자세 전 구간이라 무게를 가장 많이 건다. 반동 쓰지 말 것 — 상체를 뒤로 젖히면 이두가 아니라 기립근 종목이 된다. 팔꿈치는 몸통 옆에 고정. [2026-08-28 추가 — 1일차에 0세트로 접혀 있던 종목을 이 자리로 되살린 것] | L13: EZ바 컬 (손목이 편함) / 케이블 바 컬 (전 구간 장력 유지) / 머신 컬 / 덤벨 컬 양팔 동시
A14: 9 | B14: 리버스 리스트익스텐션 컬(손등 아래) | C14: 전완 | D14: 15 | E14: 4 | F14: 15 | G14: 40 | H14: 60 | I14: =IF(E14=0,0,ROUND((E14*(G14+H14)+O14)/60,1)) -> 6.7 | K14: [2026-09-05 9일차 → 4일차 이동] 신근(리스트 컬 손등 위)은 9일차로 가서 대항쌍이 날을 나눠 갖는다. 전완 4일차 8 · 9일차 3. 손목 굴근. 1일차 리버스와 대항쌍 [v17 감량 4→3 — 전완 실질 8로 자체 하한 유지] | L14: 덤벨 리스트 컬 (한 손씩) / 케이블 리스트 컬 / 비하인드백 리스트 컬
A15: 10 | B15: 리버스컬 | C15: 전완 | D15: 15 | E15: 4 | F15: 10~15 | G15: 40 | H15: 70 | I15: =IF(E15=0,0,ROUND((E15*(G15+H15)+O15)/60,1)) -> 7.3 | J15: 이두(상완근) | K15: [2026-09-05 9일차 → 4일차 이동] 바벨 컬(뒤침) 바로 뒤에 엎침 그립으로 — 같은 굴곡 패턴을 다른 축으로. 오버핸드(엎침) 그립 컬 — 상완요골근·상완근이 주동이다. 언더핸드 프리쳐 컬(#5)과 그립을 나눠 같은 굴곡 패턴을 다른 축으로 친다. 손목은 중립으로 고정하고 반동 금지 — 손목을 위로 꺾으면 리스트 컬(#6)이 되고 상완요골근에서 빠진다. 회외가 없어 이두가 짧아진 자리에서 힘을 못 쓰므로 언더핸드 컬보다 30~40% 가벼운 것이 정상이다. #7 자리인 이유: 그립을 쓰는 종목이라 컬 계열 바로 뒤에 붙이고, 스트랩을 쓰는 트랩바 슈러그를 뒤로 보낸다. [2026-08-28 추가 — 전완 직접 6→9세트] | L15: EZ바 리버스 컬 (손목 부담 ↓ — 1순위) / 케이블 리버스 컬 (수축 지점까지 장력 유지 · 핀 단위 미세 증량) / 리버스 프리쳐 컬 (반동 차단) / 해머 컬 (중립 그립 — 상완요골근 같은 계열이나 자극 각도가 다르다)
A16: 11 | B16: 카프 레이즈 (스탠딩) | C16: 종아리 | D16: 10 | E16: 4 | F16: 12~15 | G16: 40 | H16: 75 | I16: =IF(E16=0,0,ROUND((E16*(G16+H16)+O16)/60,1)) -> 7.7 | K16: [2026-09-05 6일차 → 4일차 이동] 6일차 자리를 힙 외전에 내주고 왔다. 종아리 1·4·8일차(3일/4일/3일). 같은 날 시티드 카프 2세트와 비복근·가자미근으로 나뉜다. 무릎 편 상태 — 비복근 주도. 8일차 시티드(가자미근)와 역할이 다르다 | L16: 스탠딩 카프 레이즈 머신 / 레그 프레스 발판 끝에서 / 스미스 카프 레이즈
D17: 세트 합계 | E17: =SUM(E6:E16) -> 36 | I17: =ROUND(SUM(I6:I16),0) -> 73
F18: 랫풀다운 3세트/ 그립 변경 3세트 추가
A19: 4일차 원칙
A20: · 2026-09-04 4-1-4-1 전환으로 신설. 옛 8일차 어깨 40세트를 A/B로 나누고 1·2일차에서 삼두 · 이두 · 전완을 가져왔다. 세트는 한 개도 안 늘었다 — 총량 예산 239 안에서 자리만 옮긴 것이다.
A21: · 시간 균등화(같은 날)로 흉근 플라이 2종(디클라인 케이블 · 펙덱)이 2·7일차에서 왔다. 벤치 이틀 뒤 고립 6세트 — 흉근이 2·4·7일차 셋으로 흩어진다. "볼륨을 여러 날로 흩는 쪽이 낫지만 자리가 없었다"던 그 자리가 생긴 것이다.
A22: · 3일차 스쿼트 다음 날이자 5일차 휴식 앞. 척추 부하 0 — 이 자리에 있는 이유다.
A23: · 실패지점 1~2회 남기고 멈춘다. 세트 간 휴식 60~80초. 메인 리프트 없음 — 볼륨을 채우는 날이지 무게를 올리는 날이 아니다.
A24: · 측면 · 후면 · 이두 · 전완이 9일차와 5일 간격으로 두 번 온다. [2026-09-05] 삼두 푸쉬다운은 2일차(벤치 날 마지막)로 갔다 — 삼두 직접은 2일차 4 · 9일차 4, 간격 7일/3일로 비대칭이 됐다. 대신 이 날 인클라인 스미스 4세트가 벤치 이틀 뒤 두 번째 프레스로 온다.
A25: · 바벨 컬은 2일차 밀기에서 왔다. "당기기 뒤 지친 이두를 피한다"는 원래 이유는 팔 전용일이 생기며 해소됐고, 2일차는 82분 → 76분으로 시간 상한 안에 들어왔다.
A26: · 이너·아우터 타이는 겸용 머신 슈퍼세트(A). 3일차와 같은 방식이고, 옛 8일차에서 그대로 옮겨 왔다.
A27: 되돌리는 법 [2026-09-05 9일차로 이동]
A28: · E열을 0으로 내리면 회색으로 접히고 합계 · 세트검산에서 빠진다. 다만 그 세트는 예산에서 사라지는 게 아니라 어딘가로 돌아가야 한다 — 잔여 예산이 양수로 뜨면 그 신호다.
A30: 이동 (2026-09-05)
A31: · 이너·아우터 타이 슈퍼세트와 리스트 컬(손등 위)이 9일차로, 디클라인 케이블 플라이가 7일차로 갔다. 9일차에서 리버스 리스트 컬·리버스컬·시티드 카프가 왔다. 31세트 · 약 62분 — 스쿼트 다음 날인 이 날에서 하체 고립을 뺀 것이라 가장 가벼운 날이 됐다. 척추 부하 0은 그대로.
... A38: · 머신 레터럴 레이즈 마지막 세트에도 드롭 2단, +60초 (사용자 선택, 2026-09-07 추가). 측면 두 번째 자리 — 2일차 레터럴과 이틀 간격이지만 측면은 회복이 빠르다. 4일차 드롭은 둘, 약 73분.

Sheet D6_당기기B
A1: 6일차 — 당기기 B (수평)
A2: 로우 · 견갑골 후인 · 이두 · 전완. 1일차 당기기 A(수직)와 각도를 나눈다. [2026-09-05] 스탠딩 카프는 4일차로, 중량 크런치는 7일차로 갔고 9일차 케이블 힙 외전이 왔다. 약 72분. 오버헤드 슈러그는 4일차로 가고 4일차 시티드 카프 2세트가 왔다 — 약 71분. 원암 로우·프리쳐 컬·스캡 슈러그 마지막 세트 드롭 +4분 — 약 76분 (2026-09-07).
A3: 웜업 — 밴드 풀 어파트 2세트 × 15 (세트 카운트 제외): 가볍게, 견갑골 후인 프라이밍. 대체: 케이블 스캡 로우 / 아주 가벼운 페이스풀.
A4: 운동 구성
A5: # | B5: 종목 | C5: 근육군 | D5: 중량(Kg) | E5: 세트 | F5: 횟수 | G5: 수행(초) | H5: 휴식(초) | I5: 종목 분 | J5: 간접 자극 | K5: 메모 | L5: 대체 종목 | M5: 세트별 휴식(초) | N5: 슈퍼세트 | O5: 드롭(초)
A6: 1 | B6: 해머 스트랭스 로우(오버그립) | C6: 승모(중부)·능형근 | D6: 45 | E6: 4 | F6: 8~10 | G6: 40 | H6: 150 | I6: =IF(E6=0,0,ROUND((E6*(G6+H6)+O6)/60,1)) -> 12.7 | J6: 중부승모·이두 | K6: 수평 당기기 메인. 가슴이 받쳐져 허리 부담이 없다. 그립은 넓게 · 팔꿈치는 벌려서 — 견갑 후인이 주동이라 능형근·중부승모로 계상하고 광배는 협력근이다(간접 0.5). [2026-09-04 라벨 정정: 광배 → 승모(중부)·능형근. 세트 수는 그대로 4] | L6: 체스트 서포티드 로우 / 티바 로우 / 펜들레이 로우 (척추 부하 ↑) / 바벨 로우
A7: 2 | B7: 시티드 케이블 로우 | C7: 광배 | D7: 47 | E7: 2 | F7: 8~12 | G7: 40 | H7: 150 | I7: =IF(E7=0,0,ROUND((E7*(G7+H7)+O7)/60,1)) -> 6.3 | J7: 중부승모·이두 | K7: 해머 로우와 역할을 나눈다 — 해머는 넓은 그립·팔꿈치 벌려 상부등, 이쪽은 좁은 그립·팔꿈치 붙여 광배. 이 날 광배 직접 종목은 이것과 3번 원암 로우뿐이다. [2026-09-05 5→3] 뒤 2세트를 원암 케이블 로우로 나눴다 (사용자 요청). | L7: 원암 케이블 로우 (좌우 독립) / 덤벨 로우 / 머신 로우
A8: 3 | B8: 원암 케이블 로우 | C8: 광배 | D8: 20 | E8: 2 | F8: 8~12 (좌우) | G8: 80 | H8: 150 | I8: =IF(E8=0,0,ROUND((E8*(G8+H8)+O8)/60,1)) -> 9.7 | J8: 중부승모·이두 | K8: [2026-09-05 신설] 시티드 케이블 로우 5세트를 양팔 3 + 원암 2로 나눴다 (사용자 요청). 같은 로우 스테이션에서 바를 D핸들로 바꿔 한 팔씩 — 팔꿈치를 몸통에 붙이고, 당기는 쪽으로 몸통을 살짝 돌려 광배 수축을 끝까지 가져간다(반대 손은 기구를 잡아 몸통을 고정). 좌우를 따로 세니 약한 쪽이 강한 쪽에 묻히지 않는다. 세트 수는 좌우 한 번씩을 1세트로 센다(수행 80초 = 40초 × 2). 무게는 양팔의 절반에서 시작해 약한 쪽 기준으로 올린다. 광배 직접 세트는 이 날 5 그대로. 4번 스캡 슈러그는 이 뒤에 바를 다시 걸고 이어서 한다. [2026-09-07 마지막 세트 드롭 2단 — 실패 뒤 쉬지 않고 20~30% 내려 두 번. 한쪽을 끝까지 내려간 뒤 반대쪽. 몸통이 돌아가거나 팔로 당기기 시작하면 그 자리에서 끝. 세트 수 그대로, 증량 판정은 첫 세트로만. +120초는 O열] | L8: 원암 덤벨 로우 (벤치 지지) / 원암 머신 로우 (해머 스트랭스 한 팔씩) / 시티드 케이블 로우 5세트로 합치기 | O8: 120
A9: 4 | B9: 시티드 케이블 로우 스캡 슈러그(두번째 크기 바) | C9: 승모(중부)·능형근 | D9: 32 | E9: 4 | F9: 12~15 | G9: 40 | H9: 60 | I9: =IF(E9=0,0,ROUND((E9*(G9+H9)+O9)/60,1)) -> 7.7 | J9: 후면 삼각근 | K9: 2번 시티드 케이블 로우와 같은 스테이션 — 3번 원암 로우 뒤에 바를 다시 걸고 무게만 내려 이어서 한다 (자리 이동 없음). 팔꿈치 각도를 세트 내내 고정하고 견갑골만 뒤로 — 가동범위 2~3cm, 모은 자리에서 1초 정지. 상체를 뒤로 눕히면 하부 승모 각도가 되고, 팔을 당기면 광배로 넘어간다. 케이블이라 수축 지점에서도 장력이 유지되고 핀 단위 미세 증량이 된다 (플레이트 로드 머신은 이 무게대에서 계단이 너무 큼). [2026-09-07 마지막 세트 드롭 2단 — 실패 뒤 쉬지 않고 핀 20~30% 내려 두 번. 지치면 팔로 당겨 로우가 되는데 그래도 등 상부라 손해가 작다. 세트 수 그대로, 증량 판정은 앞 세트로만. +60초는 O열] | L9: 해머 스트랭스 로우에서 팔 편 채 견갑골만 — 가슴 패드가 상체를 고정해줘 자세 잡기는 더 쉬우나 무게 미세 조정이 어렵다 / 리버스 펙덱을 팔 편 채로 / 켈소 슈러그 (받침 벤치가 있을 때) | O9: 60
A10: 5 | B10: 케이블 리버스 플라이 | C10: 삼각근(후면) | D10: 12~15 | E10: 0 | F10: 12 | G10: 40 | H10: 70 | I10: =IF(E10=0,0,ROUND((E10*(G10+H10)+O10)/60,1)) -> 0 | J10: 중부승모·능형근 | K10: 후면 삼각근은 프레스로 자라지 않는다 — 반드시 별도로 센다 [v17 제외 — 후면은 2일차 4 · 7일차 3 · 9일차 9로 사이클당 3회 16세트 — 이 행은 그 재편으로 비워둔 자리다] | L10: 리버스 펙덱 (자세 유지가 쉬워 사실상 상위 호환) / 페이스풀 / 인클라인 벤치 리어델트 레이즈
A11: 6 | B11: 프리쳐 컬 | C11: 이두 | D11: 30 | E11: 4 | F11: 8~12 | G11: 40 | H11: 70 | I11: =IF(E11=0,0,ROUND((E11*(G11+H11)+O11)/60,1)) -> 8.3 | J11: 전완 | K11: 반동이 차단되는 종목. 인클라인(9일차)과 각도를 나눈다 [2026-09-07 마지막 세트 드롭 2단 — 실패 뒤 쉬지 않고 20~30% 내려 두 번. 팔꿈치가 패드에 고정돼 지쳐도 자세가 남는 종목이라 이두 드롭은 여기 한 곳. 세트 수 그대로, 증량 판정은 앞 세트로만. +60초는 O열] | L11: EZ바 프리처 컬 / 머신 프리처 컬 / 컨센트레이션 컬 | O11: 60
A12: 7 | B12: 트랩바 슈러그 | C12: 승모(상부) | D12: 15 | E12: 4 | F12: 10~12 | G12: 40 | H12: 90 | I12: =IF(E12=0,0,ROUND((E12*(G12+H12)+O12)/60,1)) -> 8.7 | J12: 전완 · 기립근 | K12: 몸 옆에서 잡는 중립 그립이라 견갑골이 전인되지 않는다 — 바벨(몸 앞)보다 승모 상부 섬유 방향에 맞고 가동범위도 더 나온다. 어깨를 위로만, 돌리지 말 것 (회전은 가동범위를 늘리는 게 아니라 견봉하 공간만 좁힌다). 맨 위에서 1초 정지 — 정지 없이 하면 반동으로 끝난다. 턱은 당기고 목은 중립 (목을 앞으로 빼면 경추 신전근이 일한다). 그립이 승모보다 먼저 나가므로 스트랩 권장 — 전완은 이미 주 7세트 직접으로 충족돼 여기서 그립을 훈련할 이유가 없다. #8 자리인 이유: 앞의 로우 7세트 + 스캡 슈러그로 그립이 지쳐 있어 프리쳐 컬·리스트 컬보다 뒤에 와야 연쇄 피해가 없다. 7일차 오버헤드 슈러그(승모 하부·상방회전)와는 다른 근육이므로 대체가 아니라 추가다. | L12: 덤벨 슈러그 (트랩바 없을 때 — 몸 옆 그립 동일) / 스미스 슈러그 (궤도 고정) / 바벨 슈러그 (몸 앞이라 가동범위 약간 손해) / 케이블 슈러그
A13: 8 | B13: 시티드 카프 레이즈 | C13: 종아리 | D13: 8 | E13: 2 | F13: 12~15 | G13: 40 | H13: 75 | I13: =IF(E13=0,0,ROUND((E13*(G13+H13)+O13)/60,1)) -> 3.8 | K13: [2026-09-05 4일차 → 6일차 이동] 오버헤드 슈러그에 자리를 내주고 왔다. 종아리 1·4·6·8일차(3/2/2/3일) — 4일차 스탠딩(비복근)과 6·8일차 시티드(가자미근)는 다른 근육이라 이틀 간격이 겹치지 않는다. [2026-09-05 9일차 → 4일차 이동] 종아리 1·4·6·8일차. [2026-09-04 신설] 무릎 굽힌 상태 — 가자미근. 1일차 스탠딩(비복근)과 각도를 나눈다. 8일차에 같은 종목이 4세트 있고 여기 2세트를 더해 종아리를 주당 10으로 올린다. | L13: 레그 프레스 카프 / 스탠딩 카프 (기계가 찼을 때)
A14: 9 | B14: 케이블 힙 외전 | C14: 중둔근 | D14: 10 | E14: 3 | F14: 12~15 (좌우) | G14: 80 | H14: 75 | I14: =IF(E14=0,0,ROUND((E14*(G14+H14)+O14)/60,1)) -> 7.8 | K14: [2026-09-05 9일차 → 6일차 이동] 중둔근을 3·6·9일차 3일/3일/4일 간격으로 펴려고 — 스쿼트·데드 다음 날 어느 쪽에도 엉덩이 고립을 두지 않는 자리는 여기뿐이다. 서서 하는 케이블이라 척추 부하 0, 데드 이틀 전. 백 익스텐션(옆 체육관) 앞 마지막 본관 종목. 관상면 외전 — 고관절 날로 복귀 (v18). 5일 버전 8일차 과부하 때문에 3일차로 갔던 종목이나 그 사유 소멸. 앉는 시간이 길면 대둔근보다 중둔근이 먼저 잠든다. (이 자리의 트렁크 로테이션은 v17 제외 — 복부 직접 8 유지) | L14: 밴드 몬스터 워크 / 사이드 라잉 힙 외전 / 힙 어브덕션 머신
A15: 10 | B15: 백 익스텐션 (45도) | C15: 기립근 | D15: 맨몸 | E15: 3 | F15: 12~15 | G15: 40 | H15: 60 | I15: =IF(E15=0,0,ROUND((E15*(G15+H15)+O15)/60,1)) -> 5 | K15: [2026-09-04 순서 변경] 기구가 옆 체육관에 있어 세션 맨 마지막으로 내렸다 — 본 체육관 일을 전부 끝내고 이동한다. 앞으로 종목을 추가할 때 이 뒤에 붙이지 말 것. 45도 백 익스텐션, 이 프로그램의 원래 설계 종목이었는데 기구를 못 써서 덤벨 RDL로 대체해 뒀던 것을 되돌렸다. **척추 신전을 강조해서 한다** — 등을 편 채 고관절만 접는 힌지식으로 하면 둔근·햄스트링이 주동근이 되고 기립근은 버티기만 한다. 옆 체육관까지 갔는데 그러면 헛걸음이다. | L15: 원판 5~10kg 안고 (맨몸이 쉬워지면) / 굿모닝(스미스) / 덤벨 루마니안 데드리프트
D16: 세트 합계 | E16: =SUM(E6:E15) -> 28 | I16: =ROUND(SUM(I6:I15),0) -> 70
A17: 이동 (2026-09-05)
A18: · 스탠딩 카프 → 4일차, 중량 크런치 → 7일차, 9일차 케이블 힙 외전이 8번(백 익스텐션 앞)으로 왔다. 중둔근 3·6·9일차 — 스쿼트·데드 다음 날에는 엉덩이 고립이 없다. 31세트 · 약 72분, 가장 길던 날(77분)이 내려왔다.
A19: · 오버헤드 슈러그 → 4일차, 4일차 시티드 카프 2세트가 8번(힙 외전 앞)으로 왔다. 6·7일차 이틀 연속이던 승모 하부가 풀렸다. 30세트 · 약 71분.
A20: · 시티드 케이블 로우 5 → 양팔 3 + 원암 2 (사용자 요청). 3번 원암 케이블 로우를 새로 두고 스캡 슈러그부터 번호가 하나씩 밀렸다. 광배 직접 세트는 5 그대로 · 30세트 · 약 72분.
A22: 드롭 세트 (2026-09-07)
A23: · 원암 로우(+120초 · 편측) · 프리쳐 컬(+60초) 마지막 세트에 드롭 2단 (사용자 요청). 원암 로우는 몸통이 돌아가거나 팔로 당기기 시작하면 그 자리에서 끝 — 지친 상태에서 광배가 빠지기 가장 쉬운 종목이다. 이두 드롭은 여기 한 곳이다. 9일차 인클라인 컬은 이틀 뒤 1일차 친업 때문에 직선으로 둔다.
A24: · O열 '드롭(초)'는 마지막 세트에 더해지는 시간이다. I열 종목 분에 합산되고, 앱 타이머는 마지막 세트를 그만큼 늘린 뒤 '드롭세트'라고 읊는다. E열 세트 수와 세트검산은 건드리지 않는다.
A25: · 스캡 슈러그 마지막 세트에도 드롭 2단, +60초 (사용자 요청, 2026-09-07 추가). 핀 스택 단관절이고 그날 승모 중부 마지막 종목이다. 지치면 팔로 당겨 로우가 되는데 그래도 등 상부라 손해가 작다. 6일차 드롭은 셋, 약 76분.

Sheet D7_밀기B
A1: 7일차 — 밀기 B (수직)
A2: 오버헤드 프레싱 · 흉근 상부 · 어깨 측면/후면. 벤치(2일차)와 5일 간격이라 무게가 온전히 나온다. [2026-09-05] 4일차 디클라인 케이블 플라이 3세트가 왔다 — 흉근 9세트(헤머 · 인클라인 머신 · 디클라인). 6일차 중량 크런치 3세트도 마지막에 왔다 — 약 72분. 디클라인 플라이 마지막 세트 드롭 +1분 — 약 73분 (2026-09-07).
A4: 메인: 밀리터리 프레스
A5: 중량(Kg) | B5: 반복 | C5: 세트
A6: =MAX(20,(MROUND(시작중량_설정!$E$10*0.4,1)+(MOD(MROUND(시작중량_설정!$E$10*0.4,1),5)=4))) -> 20 | B6: 5 | C6: 2
A7: =IF(MAX(20,(MROUND(시작중량_설정!$E$10*0.6,1)+(MOD(MROUND(시작중량_설정!$E$10*0.6,1),5)=4)))<=MAX(20,(MROUND(시작중량_설정!$E$10*0.4,1)+(MOD(MROUND(시작중량_설정!$E$10*0.4,1),5)=4))),"생략",MAX(20,(MROUND(시작중량_설정!$E$10*0.6,1)+(MOD(MROUND(시작중량_설정!$E$10*0.6,1),5)=4)))) -> 생략 | B7: 5 | C7: 1
A8: =IF(MAX(20,(MROUND(시작중량_설정!$E$10*0.75,1)+(MOD(MROUND(시작중량_설정!$E$10*0.75,1),5)=4)))<=MAX(20,(MROUND(시작중량_설정!$E$10*0.6,1)+(MOD(MROUND(시작중량_설정!$E$10*0.6,1),5)=4))),"생략",MAX(20,(MROUND(시작중량_설정!$E$10*0.75,1)+(MOD(MROUND(시작중량_설정!$E$10*0.75,1),5)=4)))) -> 23 | B8: 3 | C8: 1
A9: =IF(MAX(20,(MROUND(시작중량_설정!$E$10*0.9,1)+(MOD(MROUND(시작중량_설정!$E$10*0.9,1),5)=4)))<=MAX(20,(MROUND(시작중량_설정!$E$10*0.75,1)+(MOD(MROUND(시작중량_설정!$E$10*0.75,1),5)=4))),"생략",MAX(20,(MROUND(시작중량_설정!$E$10*0.9,1)+(MOD(MROUND(시작중량_설정!$E$10*0.9,1),5)=4)))) -> 28 | B9: 2 | C9: 1
A10: =시작중량_설정!$E$10 -> 31 | B10: 5 | C10: 3
A11: ↑ '시작중량_설정'과 자동 연동. 20 = 빈 봉. '생략'은 앞 세트와 중량이 겹쳐 불필요하다는 뜻.
A13: 웜업 — 회전근개 (세트 카운트 제외)
A14: · 케이블 외회전 2세트 × 12~15회. 팔꿈치 90도로 접어 옆구리에 붙이고 바깥으로만 회전.
A15: · 매우 가볍게 — 2.5~5kg. 무거우면 광배와 후면 삼각근이 대신 일하며 목적을 잃는다.
A16: · 근비대 항목이 아니라 관절 준비 항목이므로 세트 합계에 넣지 않는다.
A18: 운동 구성
A19: # | B19: 종목 | C19: 근육군 | D19: 중량(Kg) | E19: 세트 | F19: 횟수 | G19: 수행(초) | H19: 휴식(초) | I19: 종목 분 | J19: 간접 자극 | K19: 메모 | L19: 대체 종목 | M19: 세트별 휴식(초) | N19: 슈퍼세트 | O19: 드롭(초)
A20: 1 | B20: 밀리터리 프레스 (본세트) | C20: 삼각근(전면) | D20: =시작중량_설정!$E$10 -> 31 | E20: 3 | F20: 5 | G20: 30 | H20: 180 | I20: =IF(E20=0,0,ROUND((E20*(G20+H20)+O20)/60,1)) -> 10.5 | J20: 삼두 · 삼각근(측면) | K20: 벤치와 5일 간격 — 5일 버전의 "전날 벤치 여파" 문제가 사라진 자리. 팔꿈치 다 내리지 말 것 | L20: 스미스 오버헤드 프레스 / 숄더 프레스 머신 / 덤벨 숄더 프레스 (가동범위 ↑) / 아놀드 프레스 | M20: 165/180/195
A21: 2 | B21: 머신 숄더 프레스 | C21: 삼각근(전면) | D21: 25 | E21: 3 | F21: 12 | G21: 40 | H21: 120 | I21: =IF(E21=0,0,ROUND((E21*(G21+H21)+O21)/60,1)) -> 8 | J21: 승모 · 삼각근(측면) | K21: 주동은 전면이나 오버헤드라 측면도 상당히 쓴다. 그립 넓게 — 좁으면 승모가 대신 일한다 | L21: 덤벨 숄더 프레스 / 스미스 오버헤드 프레스 / 아놀드 프레스
A22: 3 | B22: 오버헤드 슈러그(스미스) | C22: 승모(하부) | D22: 20 | E22: 3 | F22: 12~15 | G22: 40 | H22: 60 | I22: =IF(E22=0,0,ROUND((E22*(G22+H22)+O22)/60,1)) -> 5 | J22: 전거근 | K22: 머신 숄더 프레스 직후 — 오버헤드 각도가 이미 나와 있어 세팅 이동이 없다. 팔꿈치 편 채 견갑골만 2~3cm 위로. 팔꿈치가 굽으면 그건 프레스지 슈러그가 아니다 | L22: 스미스 오버헤드 슈러그 (1순위 — 궤도 고정으로 안정화 부담 없음) / 숄더 프레스 머신에서 팔 편 채 밀어올리기 / 덤벨 오버헤드 슈러그 (좌우 독립이나 안정화가 먼저 한계에 닿는다) / 케틀벨 보텀업 홀드
A23: 4 | B23: 헤머스트랭스 체스트 프레스 | C23: 흉근(중하부) | D23: 25 | E23: 3 | F23: 8~12 | G23: 40 | H23: 150 | I23: =IF(E23=0,0,ROUND((E23*(G23+H23)+O23)/60,1)) -> 9.5 | J23: 삼두 | K23: 좌우 독립 + 궤도 고정. 벤치(2일차)가 수평 메인이므로 여기선 보조 볼륨 [v17 제외 — 흉근 합산 천장(19→16) 감량, 벤치·딥스·인클라인이 담당] | L23: 케이블 체스트 프레스 (전 구간 장력) / 덤벨 프레스 (가동범위 ↑) / 스미스 벤치는 대체 불가
A24: 5 | B24: 인클라인 벤치프레스 머신 | C24: 흉근(상부) | D24: 35 | E24: 3 | F24: 8~10 | G24: 40 | H24: 150 | I24: =IF(E24=0,0,ROUND((E24*(G24+H24)+O24)/60,1)) -> 9.5 | J24: 삼두·전면삼각 | K24: 쇄골지. 오버헤드 프레싱과 각도가 이어져 세팅 이동이 적다 [2026-09-04 4→6] 흉근 상부 보강. 2일차 인클라인 플라이와 짝. | L24: 인클라인 스미스 프레스 / 인클라인 덤벨 프레스 (가동범위 ↑) / 인클라인 체스트 프레스 머신
A25: 6 | B25: 디클라인 케이블 플라이 | C25: 흉근(중하부) | D25: 10 | E25: 3 | F25: 8~12 | G25: 40 | H25: 90 | I25: =IF(E25=0,0,ROUND((E25*(G25+H25)+O25)/60,1)) -> 7.5 | K25: [2026-09-05 4일차 → 7일차 이동 — 사용자 요청] 흉근 중하부 고립. 헤머 체스트·인클라인 머신 두 프레스 뒤 마무리 자리다. 위에서 아래로 내리는 궤적이라 하부 섬유 비중이 크고, 케이블이라 수축 지점에서도 장력이 유지된다. 흉근 합산이 천장(20)을 넘어 있어 세트 질이 떨어지면 먼저 빼는 후보가 이 3세트다. [이력] 이 행은 v18 전 삼두 종목 자리였고, 2026-09-04 2일차 → 4일차, 오늘 7일차로 왔다. [2026-09-07 마지막 세트 드롭 2단 — 실패 뒤 쉬지 않고 핀 20~30% 내려 두 번. 팔을 굽혀 프레스처럼 밀기 시작하면 끝. 4일차 펙덱과 3일 간격. 세트 수 그대로, 증량 판정은 앞 세트로만. +60초는 O열] | L25: 케이블 크로스오버 (위→아래) / 디클라인 덤벨 플라이 / 펙덱 플라이 (시트를 높여 하부 각) | O25: 60
A26: 7 | B26: 벤트오버 레터럴 레이즈 머신 | C26: 삼각근(후면) | D26: 15 | E26: 3 | F26: 12~15 | G26: 40 | H26: 70 | I26: =IF(E26=0,0,ROUND((E26*(G26+H26)+O26)/60,1)) -> 5.5 | K26: 수평 외전. 2일차 리버스 펙덱 · 9일차 후면 3종목(9세트)과 함께 후면 사이클당 3회 16세트를 만든다 | L26: 리버스 펙덱 / 케이블 리버스 플라이 / 인클라인 벤치에 엎드려 덤벨 리어델트
A27: 8 | B27: 원암 사이드 케이블 레터럴 레이즈 | C27: 삼각근(측면) | D27: 5 | E27: 3 | F27: 10~12 | G27: 70 | H27: 70 | I27: =IF(E27=0,0,ROUND((E27*(G27+H27)+O27)/60,1)) -> 7 | K27: 몸을 반대로 기울여 늘어난 위치부터 부하. 덤벨 레터럴(2일차)이 못 거는 구간 | L27: 케이블 원암 레터럴 레이즈 (최우선) / 원암 레터럴 레이즈 머신
A28: 9 | B28: 프론 Y 레이즈 | C28: 승모(하부) | D28: 2~5 | E28: 3 | F28: 12~15 | G28: 40 | H28: 60 | I28: =IF(E28=0,0,ROUND((E28*(G28+H28)+O28)/60,1)) -> 5 | J28: 후면 삼각근 | K28: 벤트오버 레터럴과 같은 인클라인 벤치 — 세팅 그대로 이어서. 매우 가볍게. 오버헤드 슈러그가 상방회전, 이쪽은 하강 — 역할이 다르다 [2026-09-04 0→3] 꺼져 있던 종목을 켰다. 승모 하부가 실질 4.5로 가장 모자란데 이 종목이 0세트로 잠들어 있었다 — 새 종목을 찾기 전에 이것부터. | L28: 케이블 Y 레이즈 / 페이스풀 (마지막에 견갑골 하강) / 프론 스윔
A29: 10 | B29: 중량 크런치 | C29: 복부 | D29: 15 | E29: 3 | F29: 12 | G29: 40 | H29: 60 | I29: =IF(E29=0,0,ROUND((E29*(G29+H29)+O29)/60,1)) -> 5 | K29: [2026-09-05 6일차 → 7일차 이동] 6일차 길이를 내리고 복부를 1·3·7일차로 펴려고. 데드 전날이라 부하 건 굴곡이 이상적이진 않다 — 마지막 종목으로 가볍게, 데드 셋업에서 배에 힘이 덜 들어가면 6일차로 되돌린다. 복부 굴곡(상부). 1일차 레그레이즈(하부)와 굴곡 축을 나눈다. [2026-09-04 6→3] 한 종목을 한 세션에서 6세트 연달아 하면 뒤쪽 세트의 자극당 값이 떨어진다 — 9일차 후면삼각 9세트를 3종목으로 쪼갠 것과 같은 이유다. 뺀 3세트는 1일차 케이블 트렁크 로테이션으로 갔고 복부 총량(13 · 주당 10.1)은 그대로다. | L29: 케이블 크런치 (점진적 과부하에 최적 — 1순위) / 압도미널 크런치 머신 / 인클라인 싯업
D30: 세트 합계 | E30: =SUM(E20:E29) -> 30 | I30: =ROUND(SUM(I20:I29),0) -> 73
A31: 하부 승모 — 세 패턴 (v3)
A32: · 하부 승모의 일은 두 갈래다: 견갑골 하강, 그리고 팔이 올라갈 때의 상방회전.
A33: · 스캡 풀업(월 웜업) = 순수 하강 · 프론 Y(7일차) = 하강 + 후인 · 오버헤드 슈러그(7일차) = 상방회전.
A34: · 상방회전은 팔이 머리 위로 간 각도에서만 훈련된다 — 지금까지 프로그램에 통째로 비어 있던 패턴.
A35: · 전거근이 함께 온다. 전거근이 약하면 하부 승모를 키워도 견갑골이 제 위치로 안 간다.
A36: · 가동범위가 아주 작다. 견갑골만 2~3cm 올렸다 내리는 동작이고, 그 이상은 팔꿈치가 굽은 것이다.
A37: · 무게는 오버헤드로 안정적으로 지지할 수 있는 것보다 가볍게. 스미스나 머신 권장.
A38: · 하부 승모는 무게로 밀어붙일 수 없다. 과부하는 정지 2~3초 · 하강 3초 · 반복 수 확장으로.
A40: 이동 (2026-09-05)
A41: · 4일차 디클라인 케이블 플라이 3세트가 인클라인 머신 뒤 6번으로 왔다 — 사용자 요청. 흉근 9세트(헤머 3 · 인클라인 머신 3 · 디클라인 3). 27세트 · 약 67분.
A42: · 6일차 중량 크런치 3세트가 마지막(10번)으로 왔다. 복부 1·3·7일차. 데드 전날이라 가볍게 — 셋업에서 배 힘이 덜 들어가면 6일차로 되돌린다. 30세트 · 약 72분.
A44: 드롭 세트 (2026-09-07)
... A46: · O열 '드롭(초)'는 마지막 세트에 더해지는 시간이다. I열 종목 분에 합산되고, 앱 타이머는 마지막 세트를 그만큼 늘린 뒤 '드롭세트'라고 읊는다. E열 세트 수와 세트검산은 건드리지 않는다.

Sheet D8_하체B
A1: 8일차 — 하체 B (고관절 지배)
A2: · 힙 힌지 · 둔근. 3일차 하체 A(무릎 지배)와 5일 간격. 다음 날은 9일차 어깨 — 척추 부하가 0인 고립 세션이라 사실상 회복일이다.
A4: 메인: 데드리프트
A5: 중량(Kg) | B5: 반복 | C5: 세트
A6: =MAX(20,(MROUND(시작중량_설정!$E$8*0.4,1)+(MOD(MROUND(시작중량_설정!$E$8*0.4,1),5)=4))) -> 32 | B6: 5 | C6: 2
A7: =IF(MAX(20,(MROUND(시작중량_설정!$E$8*0.6,1)+(MOD(MROUND(시작중량_설정!$E$8*0.6,1),5)=4)))<=MAX(20,(MROUND(시작중량_설정!$E$8*0.4,1)+(MOD(MROUND(시작중량_설정!$E$8*0.4,1),5)=4))),"생략",MAX(20,(MROUND(시작중량_설정!$E$8*0.6,1)+(MOD(MROUND(시작중량_설정!$E$8*0.6,1),5)=4)))) -> 48 | B7: 5 | C7: 1
A8: =IF(MAX(20,(MROUND(시작중량_설정!$E$8*0.75,1)+(MOD(MROUND(시작중량_설정!$E$8*0.75,1),5)=4)))<=MAX(20,(MROUND(시작중량_설정!$E$8*0.6,1)+(MOD(MROUND(시작중량_설정!$E$8*0.6,1),5)=4))),"생략",MAX(20,(MROUND(시작중량_설정!$E$8*0.75,1)+(MOD(MROUND(시작중량_설정!$E$8*0.75,1),5)=4)))) -> 60 | B8: 3 | C8: 1
A9: =IF(MAX(20,(MROUND(시작중량_설정!$E$8*0.9,1)+(MOD(MROUND(시작중량_설정!$E$8*0.9,1),5)=4)))<=MAX(20,(MROUND(시작중량_설정!$E$8*0.75,1)+(MOD(MROUND(시작중량_설정!$E$8*0.75,1),5)=4))),"생략",MAX(20,(MROUND(시작중량_설정!$E$8*0.9,1)+(MOD(MROUND(시작중량_설정!$E$8*0.9,1),5)=4)))) -> 72 | B9: 2 | C9: 1
A10: =시작중량_설정!$E$8 -> 80 | B10: 5 | C10: 1
A11: ↑ '시작중량_설정'과 자동 연동. 20 = 빈 봉. '생략'은 앞 세트와 중량이 겹쳐 불필요하다는 뜻.
A13: 운동 구성
A14: # | B14: 종목 | C14: 근육군 | D14: 중량(Kg) | E14: 세트 | F14: 횟수 | G14: 수행(초) | H14: 휴식(초) | I14: 종목 분 | J14: 간접 자극 | K14: 메모 | L14: 대체 종목 | M14: 세트별 휴식(초) | N14: 슈퍼세트 | O14: 드롭(초)
A15: 1 | B15: 데드리프트 (본세트) | C15: 기립근 | D15: =시작중량_설정!$E$8 -> 80 | E15: 1 | F15: 5 | G15: 35 | H15: 240 | I15: =IF(E15=0,0,ROUND((E15*(G15+H15)+O15)/60,1)) -> 4.6 | J15: 광배·햄스트링·둔근 | K15: 사이클당 1회. 다음 날이 9일차 어깨(레터럴·리버스 플라이뿐이라 척추 부하 0)라 이 자리가 가장 안전하다. 기립근 보조는 1일차 덤벨 RDL이 맡는다. [2026-09-04 — 톱 1세트 + 백오프 2세트로 확장. 이 종목은 사이클당 5회 수행으로 +5kg를 올려 왔고, 노출 1회당 증량이 스쿼트(25회에 +5kg)의 5배였다. 5년 공백에서 폼을 다시 배우는 종목을 가장 적은 반복으로 밀고 있었다는 뜻이다. 톱세트 강도는 그대로 두고 반복 노출만 3배로 늘린다] | L15: 트랩바 데드리프트 (요추 전단력 ↓) / 랙풀 (무릎 위에서 시작) / 스모 데드리프트
A16: 2 | B16: 데드리프트 (백오프) | C16: 기립근 | D16: =시작중량_설정!$E$8-5 -> 75 | E16: 2 | F16: 5 | G16: 35 | H16: 180 | I16: =IF(E16=0,0,ROUND((E16*(G16+H16)+O16)/60,1)) -> 7.2 | J16: 광배·햄스트링·둔근 | K16: 백오프 = 톱세트 − 5kg = 2주 전 톱세트 중량. 즉 모든 중량을 두 번 만난다 — 한 사이클은 톱으로 5회, 다음 사이클은 백오프로 10회. 중량 하나당 노출이 5 → 15회다. 여기는 기록이 아니라 폼 연습 자리다. 여유 있게 5회, 매 렙 셋업을 새로 잡을 것 — 무겁게 느껴지면 톱세트가 과했던 것이다. [2026-09-13 정정] 현장 복귀판에도 같은 구조를 넣었다 — 복귀_일_등에 톱 1 + 백오프 2. 복귀에서 상한인 것은 톱세트뿐이고, 백오프는 직전 사이클 중량이라 톱엔드 노출을 안 늘린다. | L16: 트랩바 데드리프트 (요추 전단력 ↓) / 랙풀 (무릎 위에서 시작) / 스모 데드리프트
A17: 3 | B17: 힙 쓰러스트 | C17: 둔근 | D17: 25 | E17: 4 | F17: 8~12 | G17: 45 | H17: 150 | I17: =IF(E17=0,0,ROUND((E17*(G17+H17)+O17)/60,1)) -> 13 | J17: 햄스트링 | K17: 둔근 메인. 무겁게. 데드 뒤라 둔근이 예열된 상태 | L17: 힙 쓰러스트 머신 / 스미스 힙 쓰러스트 / 글룻 브릿지
A18: 4 | B18: 루마니안 데드리프트 | C18: 햄스트링 | D18: 35 | E18: 3 | F18: 8 | G18: 40 | H18: 150 | I18: =IF(E18=0,0,ROUND((E18*(G18+H18)+O18)/60,1)) -> 9.5 | J18: 둔근·기립근 | K18: 고관절 신전. 3일차 레그 컬(무릎 굴곡)과 기능이 다르다 | L18: 덤벨 RDL (좌우 독립) / 스티프 레그드 데드리프트 / 케이블 풀스루 (허리 부담 최소)
A19: 5 | B19: 원 레그 컬 | C19: 햄스트링 | D19: 15 | E19: 3 | F19: 10 | G19: 80 | H19: 120 | I19: =IF(E19=0,0,ROUND((E19*(G19+H19)+O19)/60,1)) -> 10 | K19: 레그 컬의 좌우 독립 버전. 약한 쪽이 강한 쪽에 묻히지 않는다 | L19: 싱글 레그 라잉 컬 / 싱글 레그 시티드 컬 / 케이블 레그 컬
A20: 6 | B20: 레그 프레스 | C20: 대퇴사두 | D20: 120 | E20: 3 | F20: 8~12 | G20: 45 | H20: 150 | I20: =IF(E20=0,0,ROUND((E20*(G20+H20)+O20)/60,1)) -> 9.8 | J20: 둔근 | K20: 수/토 3+3 분할. 데드·힙 이후라 대퇴가 예열된 상태에서 궤도 고정으로 확실히 간다 [2026-09-07 레그 익스텐션과 자리 바꿈 — 복합을 먼저, 고립 드롭을 마지막에] | L20: 핵 스쿼트 / 레그 익스텐션 / 프론트 스쿼트 / 45도 레그 프레스
A21: 7 | B21: 레그 익스텐션 | C21: 대퇴사두 | D21: 42 | E21: 4 | F21: 10~12 | G21: 40 | H21: 120 | I21: =IF(E21=0,0,ROUND((E21*(G21+H21)+O21)/60,1)) -> 11.9 | K21: 대퇴사두 사이클당 2회를 만들기 위한 배치. 3일차 스쿼트 볼륨과 5일 간격 [2026-09-07 레그 프레스 뒤로 이동 + 마지막 세트 드롭 2단 — 실패 뒤 쉬지 않고 핀 20~30% 내려 두 번. 드롭으로 대퇴를 다 쓴 뒤 프레스를 하면 프레스 3세트가 죽어서 순서를 바꿨다. 세트 수 그대로, 증량 판정은 앞 세트로만. +75초는 O열] | L21: 싱글 레그 익스텐션 / 시시 스쿼트 / 레그 프레스 발판 높게 | O21: 75
A22: 8 | B22: 시티드 카프 레이즈 | C22: 종아리 | D22: 8 | E22: 4 | F22: 12~15 | G22: 40 | H22: 75 | I22: =IF(E22=0,0,ROUND((E22*(G22+H22)+O22)/60,1)) -> 7.7 | K22: 무릎 굽힘 — 가자미근 주도. 3일차 스탠딩(비복근)과 역할이 다르다 | L22: 시티드 카프 레이즈 머신 (1순위) / 레그 프레스에서 무릎 굽힌 채 / 덤벨을 무릎에 올리고
D23: 세트 합계 | E23: =SUM(E15:E22) -> 24 | I23: =ROUND(SUM(I15:I22),0) -> 74
A24: 드롭 세트 (2026-09-07)
A25: · 레그 프레스 ↔ 레그 익스텐션 자리 바꿈 — 복합을 먼저, 고립을 마지막에. 익스텐션 마지막 세트에 드롭 2단, +75초 (사용자 요청). 드롭으로 대퇴를 다 쓴 뒤 프레스를 하면 프레스 3세트가 죽어서 순서를 바꿨다. 다음 하체는 3일차, 5일 뒤라 회복이 겹치지 않는다.
A26: · O열 '드롭(초)'는 마지막 세트에 더해지는 시간이다. I열 종목 분에 합산되고, 앱 타이머는 마지막 세트를 그만큼 늘린 뒤 '드롭세트'라고 읊는다. E열 세트 수와 세트검산은 건드리지 않는다.

Sheet D9_어깨팔B
A1: 9일차 — 어깨·팔 B
A2: 측면 · 후면 · 전면 삼각근 + 하부 승모 + 흉근 상부 플라이 + 삼두 · 이두 · 전완 + 내전근·중둔근. 약 70분. 옛 8일차 어깨 세션의 절반 — 나머지 절반은 4일차 어깨·팔 A. 8일차 데드 다음 날이라 척추 부하 0은 그대로다. [2026-09-05] 인클라인 덤벨 플라이 3세트 추가(5번). 이너·아우터 타이·리스트 컬(손등 위)이 4일차에서 왔고 리버스 리스트 컬·리버스컬·시티드 카프는 4일차로, 케이블 힙 외전은 6일차로 갔다.
A3: 웜업 — 케이블 외회전 2세트 × 12~15 (세트 카운트 제외): 매우 가볍게 2.5~5kg. 팔꿈치를 90도로 접어 옆구리에 붙이고 바깥으로만 회전. 대체: 밴드 외회전 / 아주 가벼운 페이스풀.
A4: 운동 구성
A5: # | B5: 종목 | C5: 근육군 | D5: 중량(Kg) | E5: 세트 | F5: 횟수 | G5: 수행(초) | H5: 휴식(초) | I5: 종목 분 | J5: 간접 자극 | K5: 메모 | L5: 대체 종목 | M5: 세트별 휴식(초) | N5: 슈퍼세트 | O5: 드롭(초)
A6: 1 | B6: 리닝 원암 케이블 레터럴 레이즈 | C6: 삼각근(측면) | D6: 5 | E6: 3 | F6: 12~15 | G6: 80 | H6: 70 | I6: =IF(E6=0,0,ROUND((E6*(G6+H6)+O6)/60,1)) -> 7.5 | K6: 기둥을 잡고 몸을 반대로 기울여 늘어난 위치부터 부하가 걸린다 — 머신·덤벨이 못 거는 구간이다. 좌우 각 2세트. 7일차에도 같은 종목이 있지만 5일 간격이라 겹치지 않는다. | L6: 케이블 비하인드백 레터럴 / 로우 풀리 원암 레터럴 / 인클라인 벤치에 옆으로 누워 덤벨 레터럴
A7: 2 | B7: 인클라인 벤치 프론 리어 델트 레이즈 | C7: 삼각근(후면) | D7: 5 | E7: 3 | F7: 12~15 | G7: 40 | H7: 70 | I7: =IF(E7=0,0,ROUND((E7*(G7+H7)+O7)/60,1)) -> 5.5 | K7: 가슴을 벤치에 대고 엎드려 상체를 고정한다 — 반동과 기립근 개입이 통째로 차단돼 후면만 남는다. 자유중량이라 궤도가 고정된 4번과 다른 안정화 요구가 붙는다. 아주 가볍게, 무게보다 정지 1초. | L7: 프론 덤벨 리어 레이즈 (평벤치) / 시티드 벤트오버 덤벨 리어 레이즈 / 리버스 펙덱
A8: 3 | B8: 머신 숄더 프레스 | C8: 삼각근(전면) | D8: 25 | E8: 3 | F8: 12 | G8: 40 | H8: 120 | I8: =IF(E8=0,0,ROUND((E8*(G8+H8)+O8)/60,1)) -> 8 | J8: 삼두 · 삼각근(측면) | K8: [2026-09-04 신설] 전면삼각 직접이 6세트(7일차 밀리터리 3 + 머신 숄더 3)뿐이라 측면 18 · 후면 17에 견주면 얇았다. 9일 주기 전환으로 주당 9.7까지 내려와 이 자리를 만들었다. 레터럴·리어 6종목 뒤에 두는 이유: 앞에 두면 프레스 피로로 레이즈 중량이 눌린다. 여기 목적은 근력이 아니라 볼륨이므로 중량이 7일차보다 낮아도 된다. | L8: 덤벨 숄더 프레스 / 스미스 오버헤드 프레스
A9: 4 | B9: 프론 Y 레이즈 | C9: 승모(하부) | D9: 2~5 | E9: 3 | F9: 12~15 | G9: 40 | H9: 60 | I9: =IF(E9=0,0,ROUND((E9*(G9+H9)+O9)/60,1)) -> 5 | J9: 삼각근(후면) | K9: [2026-09-04 신설] 승모 하부 세 번째 자리. 7일차에서 0세트로 꺼져 있던 종목을 그쪽에서 켜고 여기에도 뒀다. 견갑 하강 + 상방회전. 엎드려 팔을 Y자로 — 중량보다 견갑이 먼저 움직이는지가 중요하다. | L9: 인클라인 벤치 프론 Y / 케이블 로 투 하이 (한 팔)
A10: 5 | B10: 인클라인 덤벨 플라이 | C10: 흉근(상부) | D10: 8 | E10: 3 | F10: 10~12 | G10: 40 | H10: 105 | I10: =IF(E10=0,0,ROUND((E10*(G10+H10)+O10)/60,1)) -> 7.3 | K10: [2026-09-05 신설 — 사용자 요청] 2일차 인클라인 플라이의 두 번째 자리. 같은 날 4일차 인클라인 스미스 4→3 · 7일차 인클라인 머신 6→3으로 프레스를 줄이고 플라이를 더한 것이라, 흉근 상부는 프레스 6 + 플라이 7 = 직접 13(2·4·7·9일차, 주당 9.1)이 된다. 프론 Y와 같은 인클라인 벤치에서 등을 대고 이어서 한다 — 세팅 이동 없음. 늘어난 구간에서 멈추지 말고 부드럽게 (2일차 메모와 같다). 데드 다음 날이지만 척추 부하 0이라 이 날의 성격은 그대로다. 흉근 합산은 천장(20)을 여전히 넘으므로(주당 21.7) 세트 질이 떨어지면 먼저 빼는 후보는 4일차 디클라인 케이블 플라이 3세트다. | L10: 케이블 크로스오버 (아래→위) / 펙덱 플라이 (등받이를 눕혀 인클라인 각으로) / 인클라인 머신 플라이
A11: 6 | B11: 라잉 트라이셉스 익스텐션 | C11: 삼두 | D11: 15 | E11: 4 | F11: 8~12 | G11: 40 | H11: 75 | I11: =IF(E11=0,0,ROUND((E11*(G11+H11)+O11)/60,1)) -> 7.7 | K11: 늘어난 구간 삼두 — 2일차에서 이동 (v18). 푸쉬다운 제외로 2일차 고정 사유가 소멸, 유일한 삼두 고립을 프레싱 전부 마친 뒤 마지막에. 팔꿈치 시큰하면 EZ바나 오버헤드 케이블로. (이 자리의 케이블 푸쉬다운은 v17 제외 — 삼두 간접 9로 충족) | L11: 오버헤드 케이블 익스텐션 / 스컬크러셔 / EZ바 라잉 익스텐션
A12: 7 | B12: 인클라인 덤벨 컬 | C12: 이두 | D12: 6 | E12: 4 | F12: 8~12 | G12: 40 | H12: 70 | I12: =IF(E12=0,0,ROUND((E12*(G12+H12)+O12)/60,1)) -> 7.3 | J12: 전완 | K12: 1일차에서 옮겨 왔다 (2026-08-28). 그 날은 친업 4 + 랫풀다운 3으로 이두가 간접 3.5세트분 지친 뒤였는데, 이 날은 어깨만 치므로 이두가 완전히 신선하다. 같은 3세트라도 자극당 값이 다르다. 인클라인 벤치에 기대 팔을 뒤로 늘어뜨린다 — 이두 장두가 늘어난 위치에서 시작하는 것이 이 종목의 전부다. 6일차 프리쳐 컬(짧아진 구간)과 각도를 나눈다. 어깨를 앞으로 말면 늘어난 구간이 사라진다. | L12: 케이블 컬 (뒤로 물러서서 스트레치 확보) / 스파이더 컬 (반대 각도) / 드래그 컬
A13: 8 | B13: 시티드 리스트 컬(손등 위) | C13: 전완 | D13: 10 | E13: 3 | F13: 15 | G13: 40 | H13: 60 | I13: =IF(E13=0,0,ROUND((E13*(G13+H13)+O13)/60,1)) -> 5 | K13: [2026-09-05 4일차 → 9일차 이동] 전완을 한 날에 몰지 않으려고 굴근·엎침(4일차 리버스 리스트 컬·리버스컬)과 날을 갈랐다 — 사용자 요청. 손목 신근. 타이핑으로 약해지는 쪽이라 비중을 더 준다 | L13: 케이블 리버스 리스트 컬 / 리버스 EZ바 컬 (상완요골근까지) / 덤벨로 한 손씩
A14: 9 | B14: 이너 타이 | C14: 내전근 | D14: 35 | E14: 5 | F14: 12~15 | G14: 40 | H14: 10 | I14: =IF(E14=0,0,ROUND((E14*(G14+H14)+O14)/60,1)) -> 4.2 | K14: [2026-09-05 4일차 → 9일차 이동] 3일차 바로 다음 날 같은 기구를 또 타는 게 부담스럽다는 요청. 내전근 3·9일차로 6일/4일 간격. 아우터 타이와 슈퍼세트(A)는 그대로. [2026-09-04 신설] 내전근을 성장 구간으로. 3일차에 4세트가 있지만 사이클당 1회라 모자랐다. 3일차와 같이 아우터 타이와 슈퍼세트로 묶는다 — 겸용 머신이라 패드만 뒤집으면 되어 전환이 10초고, 라운드 간 휴식은 아우터 쪽 105초가 맡는다. 길항근 쌍이라 서로의 피로를 나눠 갖지 않는다. | L14: 와이드 스탠스 레그 프레스 / 케이블 힙 내전 | N14: A
A15: 10 | B15: 아우터 타이 (힙 외전) | C15: 중둔근 | D15: 30~35 | E15: 5 | F15: 12~15 | G15: 40 | H15: 105 | I15: =IF(E15=0,0,ROUND((E15*(G15+H15)+O15)/60,1)) -> 12.1 | K15: [2026-09-05 4일차 → 9일차 이동] 케이블 힙 외전과 같은 날이라 중둔근 8세트(세션 상한선) — 앉아서(여기)·서서(힙 외전)로 각도가 다르다. 3일차와 6일/4일 간격. [2026-09-04 신설] 중둔근을 성장 구간으로. 3일차 4세트 · 8일차 케이블 힙 외전 3세트에 이어 세 번째 자리. 이너 타이와 슈퍼세트(A) — 이 105초가 두 종목의 라운드 간 휴식이다. | L15: 케이블 힙 외전 / 밴드 사이드 워크 | N15: A
D16: 세트 합계 | E16: =SUM(E6:E15) -> 36 | I16: =ROUND(SUM(I6:I15),0) -> 70
F17: 시티드 로우 3세트/ 그립 변경 3세트 추가
A18: 어깨·팔 B (2026-09-04 4-1-4-1 전환)
A19: · 옛 8일차 어깨 세션을 둘로 나눈 뒤쪽 절반이다. 측면 1 · 후면 1 · 전면 1 · 하부 승모 1에 삼두(옛 6일차에서) · 전완 2종(옛 5일차에서) · 이두 · 종아리. 측면 2 · 후면 2 · 이너/아우터는 4일차로 갔다.
A20: · 세트는 한 개도 안 늘었다. 40 → 30이 된 것은 10세트가 4일차로 간 것이지 뺀 게 아니다.
A21: · 시간 균등화로 8일차 케이블 힙 외전 3세트가 왔다. 4일차 아우터 타이와 짝 — 중둔근이 3·4·9일차. 케이블이라 척추 부하는 없다.
A22: · 아래 서술은 통합 시절(옛 8일차 · 40세트 · 6종목 분할) 기준이라 세트 수와 종목 번호가 지금과 다르다. 기록으로 남긴다.
A24: · 실패지점 1~2회 남기고 멈춘다. 9일차는 6일차부터 이어진 연속 구간 한가운데라 여기서 회복을 깎으면 다음 사이클 앞머리가 밀린다.
A25: · 세트 간 휴식 60~80초. 소근육 고립이라 길게 쉴 이유가 없다. 본세트 기준 약 39분 (웜업 별도).
A26: · 이 세션에 메인 리프트는 없다. 무게를 올리는 날이 아니라 볼륨을 채우는 날이다.
A27: · 척추 부하가 0이라 8일차 데드리프트 다음 날 자리로 안전하다 — 그게 이 날이 여기 있는 이유다. 이두 컬이 붙어도 그 성질은 그대로다.
A28: · 척추 부하가 0이라 8일차 데드리프트 다음 날 자리로 안전하다 — 그게 이 날이 여기 있는 이유다.
A29: 왜 프레스가 없는가
A30: · 볼륨 랜드마크 표에 전면 삼각근 행이 아예 없다 — 모든 프레스가 자동으로 채워주는 부위라 별도 하한을 잡지 않는다.
... A48: · 케이블 힙 외전은 6일차로 갔다 — 중둔근을 3·6·9일차로 펴고 이 날을 70분으로. 36세트.

Sheet 간접계수맵
A1: 간접 세트 계수 맵 — 세트검산 간접 열(C)의 계산 원천
A2: 각 줄 = "이 종목이 → 이 근육에 → 계수만큼 기여". 원천세트는 일차 시트 E열(설계 볼륨)에서 이름 매칭으로 자동 산출, 간접세트 = 계수 × 원천세트. 세트검산 C열이 이 표를 근육별 SUMIFS로 합산한다. E열 설계 세트 변경 시 자동 갱신. (세트검산 표시값은 0.5 단위 반올림)
A3: 이름 매칭 실패 줄 수 (0이어야 정상 — 0이 아니면 요일 시트에서 종목 이름이 바뀐 것이다) | F3: =COUNTIF($E$7:$E$80,"?") -> 0
A4: 계수 규칙(상한 0.5): 0.5 = 명확한 협력근(능동 수축·신전, 큰 ROM) · 0.33 = 부분 협력(관여하나 비주도, 또는 저반복 본세트의 협력근) · 0.2 = 미미한 동적 관여 · 0 = 순수 그립·안정화·고장력 등척성(길이변화 작음 — 자극 없음). 파란 계수 = 수정 가능 · 출처 G = 프로그램 선언(초록) / C = Claude 추가(주황)
A6: 원천 일차 | B6: 원천종목 | C6: 대상근육 | D6: 계수 | E6: 원천세트 | F6: 간접세트 | G6: 출처 | H6: 계수 근거
A7: D1_당기기A | B7: 친업 (어시스트 가능) | C7: 이두 | D7: 0.5 | E7: =IFERROR(INDEX(INDIRECT("'"&$A7&"'!$E$1:$E$45"),MATCH($B7,INDIRECT("'"&$A7&"'!$B$1:$B$45"),0)),"?") -> 4 | F7: =IF(ISNUMBER(E7),$D7*E7,0) -> 2 | G7: G | H7: 뒤침 그립 — 이두가 가장 유리한 자리에서 능동 굴곡하고 실패 근처까지 간다. 당기기 → 이두 계수는 그립으로 정한다: 뒤침 0.5 · 뉴트럴 0.33 · 엎침 0.2 (2026-09-04 정리).
A8: D1_당기기A | B8: 랫풀다운 | C8: 이두 | D8: 0.2 | E8: =IFERROR(INDEX(INDIRECT("'"&$A8&"'!$E$1:$E$45"),MATCH($B8,INDIRECT("'"&$A8&"'!$B$1:$B$45"),0)),"?") -> 3 | F8: =IF(ISNUMBER(E8),$D8*E8,0) -> 0.6 | G8: G | H8: 엎침 그립(친업과 반대로 잡는 자리) — 굽히는 일은 주로 상완근·상완요골근이 한다. 당기기 → 이두 계수는 그립으로 정한다: 뒤침 0.5 · 뉴트럴 0.33 · 엎침 0.2 (2026-09-04 정리). 만약 뉴트럴 손잡이로 바꾸면 0.33.
A9: D6_당기기B | B9: 해머 스트랭스 로우(오버그립) | C9: 이두 | D9: 0.2 | E9: =IFERROR(INDEX(INDIRECT("'"&$A9&"'!$E$1:$E$45"),MATCH($B9,INDIRECT("'"&$A9&"'!$B$1:$B$45"),0)),"?") -> 4 | F9: =IF(ISNUMBER(E9),$D9*E9,0) -> 0.8 | G9: G | H9: 엎침 그립 + 팔꿈치를 벌린 수평 로우 — 이두가 불리한 각도에 있고 실패는 등이 정한다. 당기기 → 이두 계수는 그립으로 정한다: 뒤침 0.5 · 뉴트럴 0.33 · 엎침 0.2 (2026-09-04 정리).
A10: D6_당기기B | B10: 시티드 케이블 로우 | C10: 이두 | D10: 0.33 | E10: =IFERROR(INDEX(INDIRECT("'"&$A10&"'!$E$1:$E$45"),MATCH($B10,INDIRECT("'"&$A10&"'!$B$1:$B$45"),0)),"?") -> 2 | F10: =IF(ISNUMBER(E10),$D10*E10,0) -> 0.66 | G10: G | H10: 좁은 뉴트럴 그립 — 이두와 상완근이 나눠 쓴다. 엎침(0.2)과 뒤침(0.5) 사이. 당기기 → 이두 계수는 그립으로 정한다: 뒤침 0.5 · 뉴트럴 0.33 · 엎침 0.2 (2026-09-04 정리).
A11: D2_밀기A | B11: 벤치프레스 (본세트) | C11: 삼두 | D11: 0.33 | E11: =IFERROR(INDEX(INDIRECT("'"&$A11&"'!$E$1:$E$45"),MATCH($B11,INDIRECT("'"&$A11&"'!$B$1:$B$45"),0)),"?") -> 5 | F11: =IF(ISNUMBER(E11),$D11*E11,0) -> 1.65 | G11: G | H11: 프레스 중 삼두 신전 — 5×5 저반복 본세트라 가슴이 먼저 실패하고 삼두 유효반복이 적다. 보조 프레스는 0.5 유지 (2026-09-04 0.5→0.33)
A12: D2_밀기A | B12: 딥스 | C12: 삼두 | D12: 0.5 | E12: =IFERROR(INDEX(INDIRECT("'"&$A12&"'!$E$1:$E$45"),MATCH($B12,INDIRECT("'"&$A12&"'!$B$1:$B$45"),0)),"?") -> 4 | F12: =IF(ISNUMBER(E12),$D12*E12,0) -> 2 | G12: G | H12: 딥스는 삼두 스트레치+신전 강함
A13: D7_밀기B | B13: 밀리터리 프레스 (본세트) | C13: 삼두 | D13: 0.33 | E13: =IFERROR(INDEX(INDIRECT("'"&$A13&"'!$E$1:$E$45"),MATCH($B13,INDIRECT("'"&$A13&"'!$B$1:$B$45"),0)),"?") -> 3 | F13: =IF(ISNUMBER(E13),$D13*E13,0) -> 0.99 | G13: G | H13: 오버헤드 프레스 삼두 신전 — 5×5 저반복 본세트 하향. 머신 숄더(0.5)와 구분 (2026-09-04 0.5→0.33)
A14: D7_밀기B | B14: 인클라인 벤치프레스 머신 | C14: 삼두 | D14: 0.5 | E14: =IFERROR(INDEX(INDIRECT("'"&$A14&"'!$E$1:$E$45"),MATCH($B14,INDIRECT("'"&$A14&"'!$B$1:$B$45"),0)),"?") -> 3 | F14: =IF(ISNUMBER(E14),$D14*E14,0) -> 1.5 | G14: G | H14: 프레스 중 삼두 신전
A15: D4_어깨팔A | B15: 인클라인 벤치프레스(스미스) | C15: 삼두 | D15: 0.5 | E15: =IFERROR(INDEX(INDIRECT("'"&$A15&"'!$E$1:$E$45"),MATCH($B15,INDIRECT("'"&$A15&"'!$B$1:$B$45"),0)),"?") -> 3 | F15: =IF(ISNUMBER(E15),$D15*E15,0) -> 1.5 | G15: C | H15: 프레스 중 삼두 신전 — 인클라인 벤치프레스 머신(0.5)과 같은 등급 (2026-09-04 신설)
A16: D9_어깨팔B | B16: 인클라인 덤벨 컬 | C16: 전완 | D16: 0.33 | E16: =IFERROR(INDEX(INDIRECT("'"&$A16&"'!$E$1:$E$45"),MATCH($B16,INDIRECT("'"&$A16&"'!$B$1:$B$45"),0)),"?") -> 4 | F16: =IF(ISNUMBER(E16),$D16*E16,0) -> 1.32 | G16: G | H16: 컬 중 상완요골근 동적 굴곡 — 부분 협력
A17: D6_당기기B | B17: 프리쳐 컬 | C17: 전완 | D17: 0.33 | E17: =IFERROR(INDEX(INDIRECT("'"&$A17&"'!$E$1:$E$45"),MATCH($B17,INDIRECT("'"&$A17&"'!$B$1:$B$45"),0)),"?") -> 4 | F17: =IF(ISNUMBER(E17),$D17*E17,0) -> 1.32 | G17: G | H17: 상완요골근 동적 굴곡
A18: D6_당기기B | B18: 트랩바 슈러그 | C18: 전완 | D18: 0 | E18: =IFERROR(INDEX(INDIRECT("'"&$A18&"'!$E$1:$E$45"),MATCH($B18,INDIRECT("'"&$A18&"'!$B$1:$B$45"),0)),"?") -> 4 | F18: =IF(ISNUMBER(E18),$D18*E18,0) -> 0 | G18: G | H18: 순수 그립 유지(스트랩 권장) — 성장 자극 없음
... A75: D6_당기기B | B75: 원암 케이블 로우 | C75: 승모(중부)·능형근 | D75: 0.5 | E75: =IFERROR(INDEX(INDIRECT("'"&$A75&"'!$E$1:$E$45"),MATCH($B75,INDIRECT("'"&$A75&"'!$B$1:$B$45"),0)),"?") -> 2 | F75: =IF(ISNUMBER(E75),$D75*E75,0) -> 1 | G75: G | H75: 견갑 후인 능동 수축 — 시티드 케이블 로우(0.5)와 같은 등급. 한 팔씩이라 몸통 회전이 섞이지만 후인은 그대로 일어난다 (2026-09-05 신설).

Sheet 세트검산
A1: 근육군별 주간 세트 — 검산 | G1: ■ 사이클 총량 예산 — 늘리려면 먼저 어딘가에서 빼라
A2: 세트는 근육군 단위로 센다. '하체 20세트'는 의미 없는 숫자 — 대퇴 18 / 햄스트링 2여도 하체 20이 된다. 집계는 일차 시트 E열(설계 세트) 기준이며 B~D열은 사이클당(주기 길이는 H2) 값이다. 판정(E열)은 J열의 주당 환산(사이클당 × 7/주기)으로 한다 — 볼륨 랜드마크가 주 단위이기 때문이다. 간접·실질은 0.5 단위 반올림으로 표시한다 — 메모의 계산 원값과 ±0.25 이내 차이가 날 수 있다. | G2: 주기(일) | H2: 10 | I2: 총량 상한 | J2: 244 | K2: 현재 총량 | L2: =B25 -> 240
A3: =IF($H$3<0,"⚠ 총량 상한 "&ABS($H$3)&"세트 초과 — 다른 종목에서 그만큼 빼기 전에는 추가 금지. 상한을 올리려면 아래 '상한 변경 이력'에 한 줄 남길 것.","") | G3: 잔여 예산 | H3: =$J$2-$L$2 -> 4 | I3: 실제 주당 | J3: =ROUND($L$2*7/$H$2,1) -> 168 | K3: 상태 | L3: =IF($H$3<0,"INVALID","VALID") -> VALID
A4: 근육군 | B4: 직접 세트 | C4: 간접 추정 | D4: 실질 | E4: 판정 | F4: 간접 출처 / 비고 | J4: ="주당 환산 (×7/"&$H$2&")" -> 주당 환산 (×7/10)
A5: 흉근(상부) | B5: =SUMIFS(D1_당기기A!$E:$E,D1_당기기A!$C:$C,$A5)+SUMIFS(D2_밀기A!$E:$E,D2_밀기A!$C:$C,$A5)+SUMIFS(D3_하체A!$E:$E,D3_하체A!$C:$C,$A5)+SUMIFS(D4_어깨팔A!$E:$E,D4_어깨팔A!$C:$C,$A5)+SUMIFS(D6_당기기B!$E:$E,D6_당기기B!$C:$C,$A5)+SUMIFS(D7_밀기B!$E:$E,D7_밀기B!$C:$C,$A5)+SUMIFS(D8_하체B!$E:$E,D8_하체B!$C:$C,$A5)+SUMIFS(D9_어깨팔B!$E:$E,D9_어깨팔B!$C:$C,$A5) -> 13 | C5: =MROUND(SUMIFS(간접계수맵!$F$7:$F$80,간접계수맵!$C$7:$C$80,$A5),0.5) -> 0 | D5: =B5+C5 -> 13 | E5: =IF(J5>20,"상한",IF(J5>=10,"성장",IF(J5>=8,"유지",IF(J5>=1,"유지 미만","미배치")))) -> 유지 | F5: 플랫 벤치의 쇄골지 관여(0.2)를 2026-09-04에 0으로 내렸다. 흉근 상/하는 H열에서 합산 판정하므로 서로에게 간접을 얹으면 합산이 이중 계상된다. | G5: 흉근 합산(상+중하) | H5: =SUM(D5:D6) -> 31 | I5: =IF(H5*7/$H$2>20,"주당 환산 천장(20) 초과 — 2·4·7·9일차 예외 허용 · 세트 질 관찰","") -> 주당 환산 천장(20) 초과 — 2·4·7·9일차 예외 허용 · 세트 질 관찰 | J5: =ROUND(D5*7/$H$2,1) -> 9.1 | L5: =ROUND(B5*7/$H$2,1) -> 9.1
A6: 흉근(중하부) | B6: =SUMIFS(D1_당기기A!$E:$E,D1_당기기A!$C:$C,$A6)+SUMIFS(D2_밀기A!$E:$E,D2_밀기A!$C:$C,$A6)+SUMIFS(D3_하체A!$E:$E,D3_하체A!$C:$C,$A6)+SUMIFS(D4_어깨팔A!$E:$E,D4_어깨팔A!$C:$C,$A6)+SUMIFS(D6_당기기B!$E:$E,D6_당기기B!$C:$C,$A6)+SUMIFS(D7_밀기B!$E:$E,D7_밀기B!$C:$C,$A6)+SUMIFS(D8_하체B!$E:$E,D8_하체B!$C:$C,$A6)+SUMIFS(D9_어깨팔B!$E:$E,D9_어깨팔B!$C:$C,$A6) -> 18 | C6: =MROUND(SUMIFS(간접계수맵!$F$7:$F$80,간접계수맵!$C$7:$C$80,$A6),0.5) -> 0 | D6: =B6+C6 -> 18 | E6: =IF(J6>20,"상한",IF(J6>=10,"성장",IF(J6>=8,"유지",IF(J6>=1,"유지 미만","미배치")))) -> 성장 | F6: 인클라인 머신의 중하부 관여(0.2)를 2026-09-04에 0으로 내렸다(흉근 상/하 교차 계상 제거). | J6: =ROUND(D6*7/$H$2,1) -> 12.6 | L6: =ROUND(B6*7/$H$2,1) -> 12.6
A7: 광배 | B7: =SUMIFS(D1_당기기A!$E:$E,D1_당기기A!$C:$C,$A7)+SUMIFS(D2_밀기A!$E:$E,D2_밀기A!$C:$C,$A7)+SUMIFS(D3_하체A!$E:$E,D3_하체A!$C:$C,$A7)+SUMIFS(D4_어깨팔A!$E:$E,D4_어깨팔A!$C:$C,$A7)+SUMIFS(D6_당기기B!$E:$E,D6_당기기B!$C:$C,$A7)+SUMIFS(D7_밀기B!$E:$E,D7_밀기B!$C:$C,$A7)+SUMIFS(D8_하체B!$E:$E,D8_하체B!$C:$C,$A7)+SUMIFS(D9_어깨팔B!$E:$E,D9_어깨팔B!$C:$C,$A7) -> 13 | C7: =MROUND(SUMIFS(간접계수맵!$F$7:$F$80,간접계수맵!$C$7:$C$80,$A7),0.5) -> 4 | D7: =B7+C7 -> 17 | E7: =IF(J7>20,"상한",IF(J7>=10,"성장",IF(J7>=8,"유지",IF(J7>=1,"유지 미만","미배치")))) -> 성장 | F7: 직접 12세트: 1일차 친업 4 · 랫풀다운 4 · 6일차 시티드 케이블 로우 4(좁은 그립). 간접은 넓은 그립 로우 2종(바벨 로우 · 해머 로우) 각 0.5 — 2026-09-04에 주동근을 능형·중부승모로 옮기며 협력근으로 내려왔다. 데드리프트의 광배 등척성은 0. | G7: 등 | H7: =SUM(D7:D10) -> 56.5 | J7: =ROUND(D7*7/$H$2,1) -> 11.9 | L7: =ROUND(B7*7/$H$2,1) -> 9.1
A8: 승모(상부) | B8: =SUMIFS(D1_당기기A!$E:$E,D1_당기기A!$C:$C,$A8)+SUMIFS(D2_밀기A!$E:$E,D2_밀기A!$C:$C,$A8)+SUMIFS(D3_하체A!$E:$E,D3_하체A!$C:$C,$A8)+SUMIFS(D4_어깨팔A!$E:$E,D4_어깨팔A!$C:$C,$A8)+SUMIFS(D6_당기기B!$E:$E,D6_당기기B!$C:$C,$A8)+SUMIFS(D7_밀기B!$E:$E,D7_밀기B!$C:$C,$A8)+SUMIFS(D8_하체B!$E:$E,D8_하체B!$C:$C,$A8)+SUMIFS(D9_어깨팔B!$E:$E,D9_어깨팔B!$C:$C,$A8) -> 4 | C8: =MROUND(SUMIFS(간접계수맵!$F$7:$F$80,간접계수맵!$C$7:$C$80,$A8),0.5) -> 1.5 | D8: =B8+C8 -> 5.5 | E8: =IF(J8>20,"상한",IF(J8>=10,"성장",IF(J8>=8,"유지",IF(J8>=1,"유지 미만","미배치")))) -> 유지 미만 | F8: 밀리터리 0.2 · 9일차 와이드 그립 업라이트 로우 0.33. 2026-09-04에 등척성 행(해머 로우 · 데드 본세트 · 백오프, 각 0.2)을 0으로 내렸다 — 견갑대를 버티기만 하는 자극은 세지 않는다. 하한 미달 자체는 증액 근거가 아니다 — 늘리려면 총량 예산(J2) 안에서 다른 종목과 교환한다. | J8: =ROUND(D8*7/$H$2,1) -> 3.9 | L8: =ROUND(B8*7/$H$2,1) -> 2.8
A9: 승모(하부) | B9: =SUMIFS(D1_당기기A!$E:$E,D1_당기기A!$C:$C,$A9)+SUMIFS(D2_밀기A!$E:$E,D2_밀기A!$C:$C,$A9)+SUMIFS(D3_하체A!$E:$E,D3_하체A!$C:$C,$A9)+SUMIFS(D4_어깨팔A!$E:$E,D4_어깨팔A!$C:$C,$A9)+SUMIFS(D6_당기기B!$E:$E,D6_당기기B!$C:$C,$A9)+SUMIFS(D7_밀기B!$E:$E,D7_밀기B!$C:$C,$A9)+SUMIFS(D8_하체B!$E:$E,D8_하체B!$C:$C,$A9)+SUMIFS(D9_어깨팔B!$E:$E,D9_어깨팔B!$C:$C,$A9) -> 12 | C9: =MROUND(SUMIFS(간접계수맵!$F$7:$F$80,간접계수맵!$C$7:$C$80,$A9),0.5) -> 1.5 | D9: =B9+C9 -> 13.5 | E9: =IF(J9>20,"상한",IF(J9>=10,"성장",IF(J9>=8,"유지",IF(J9>=1,"유지 미만","미배치")))) -> 유지 | F9: 친업 0.2×4=0.8 + 해머 로우 0.2×4=0.8 = 1.6 — 견갑 하강은 동작 개시 관여라 약계수 | J9: =ROUND(D9*7/$H$2,1) -> 9.5 | L9: =ROUND(B9*7/$H$2,1) -> 8.4
A10: 승모(중부)·능형근 | B10: =SUMIFS(D1_당기기A!$E:$E,D1_당기기A!$C:$C,$A10)+SUMIFS(D2_밀기A!$E:$E,D2_밀기A!$C:$C,$A10)+SUMIFS(D3_하체A!$E:$E,D3_하체A!$C:$C,$A10)+SUMIFS(D4_어깨팔A!$E:$E,D4_어깨팔A!$C:$C,$A10)+SUMIFS(D6_당기기B!$E:$E,D6_당기기B!$C:$C,$A10)+SUMIFS(D7_밀기B!$E:$E,D7_밀기B!$C:$C,$A10)+SUMIFS(D8_하체B!$E:$E,D8_하체B!$C:$C,$A10)+SUMIFS(D9_어깨팔B!$E:$E,D9_어깨팔B!$C:$C,$A10) -> 15 | C10: =MROUND(SUMIFS(간접계수맵!$F$7:$F$80,간접계수맵!$C$7:$C$80,$A10),0.5) -> 5.5 | D10: =B10+C10 -> 20.5 | E10: =IF(J10>20,"상한",IF(J10>=10,"성장",IF(J10>=8,"유지",IF(J10>=1,"유지 미만","미배치")))) -> 성장 | F10: 직접 15세트: 1일차 넓은 그립 바벨 로우 4 · 페이스풀 3 · 6일차 넓은 그립 해머 로우 4 · 스캡 슈러그 4. 간접은 시티드 케이블 로우 0.5 · 리어델트 계열(리버스 펙덱 · 케이블 리버스 플라이 · 리어 델트 로우) 0.33. 2026-09-04에 넓은 그립 로우 2종이 간접 0.5에서 직접으로 올라왔다 — 팔꿈치를 벌린 수평 로우의 주동근은 견갑 후인근이다. | J10: =ROUND(D10*7/$H$2,1) -> 14.4 | L10: =ROUND(B10*7/$H$2,1) -> 10.5
A11: 기립근 | B11: =SUMIFS(D1_당기기A!$E:$E,D1_당기기A!$C:$C,$A11)+SUMIFS(D2_밀기A!$E:$E,D2_밀기A!$C:$C,$A11)+SUMIFS(D3_하체A!$E:$E,D3_하체A!$C:$C,$A11)+SUMIFS(D4_어깨팔A!$E:$E,D4_어깨팔A!$C:$C,$A11)+SUMIFS(D6_당기기B!$E:$E,D6_당기기B!$C:$C,$A11)+SUMIFS(D7_밀기B!$E:$E,D7_밀기B!$C:$C,$A11)+SUMIFS(D8_하체B!$E:$E,D8_하체B!$C:$C,$A11)+SUMIFS(D9_어깨팔B!$E:$E,D9_어깨팔B!$C:$C,$A11) -> 12 | C11: =MROUND(SUMIFS(간접계수맵!$F$7:$F$80,간접계수맵!$C$7:$C$80,$A11),0.5) -> 1.5 | D11: =B11+C11 -> 13.5 | E11: =IF(J11>20,"상한",IF(J11>=10,"성장",IF(J11>=8,"유지",IF(J11>=1,"유지 미만","미배치")))) -> 유지 | F11: 8일차 RDL 0.5(동적 신전·수축)뿐. 2026-09-04에 스쿼트·트랩바 슈러그의 등척성 행(0.2)을 0으로 내렸다. 기립근은 스쿼트·데드에서 피로는 크게 받지만 버티기만 해서는 자라지 않는다 — 동적 힌지가 유일한 자극원이다. | J11: =ROUND(D11*7/$H$2,1) -> 9.5 | L11: =ROUND(B11*7/$H$2,1) -> 8.4
A12: 삼각근(전면) | B12: =SUMIFS(D1_당기기A!$E:$E,D1_당기기A!$C:$C,$A12)+SUMIFS(D2_밀기A!$E:$E,D2_밀기A!$C:$C,$A12)+SUMIFS(D3_하체A!$E:$E,D3_하체A!$C:$C,$A12)+SUMIFS(D4_어깨팔A!$E:$E,D4_어깨팔A!$C:$C,$A12)+SUMIFS(D6_당기기B!$E:$E,D6_당기기B!$C:$C,$A12)+SUMIFS(D7_밀기B!$E:$E,D7_밀기B!$C:$C,$A12)+SUMIFS(D8_하체B!$E:$E,D8_하체B!$C:$C,$A12)+SUMIFS(D9_어깨팔B!$E:$E,D9_어깨팔B!$C:$C,$A12) -> 9 | C12: =MROUND(SUMIFS(간접계수맵!$F$7:$F$80,간접계수맵!$C$7:$C$80,$A12),0.5) -> 6.5 | D12: =B12+C12 -> 15.5 | E12: =IF(J12>20,"상한",IF(J12>=10,"성장",IF(J12>=8,"유지",IF(J12>=1,"유지 미만","미배치")))) -> 성장 | F12: 인클라인 머신 0.5(전면삼각 편향 큼) · 벤치 0.33 · 헤머 체스트 0.33 · 딥스 0.2. 2026-09-04에 수평 프레스를 0.5→0.33으로 내렸다. [2026-09-04 9일차 머신 숄더 프레스 3세트 신설 — 직접 6→9] 처음에는 2026-08-28 판단(RP 표에 전면 삼각근 행이 없다 · 프레스로 자동 충족)을 근거로 안 넣었는데, 같은 날 벤치·헤머 체스트의 전면삼각 계수를 0.5→0.33으로 내려놓고 그렇게 줄어든 간접을 근거로 직접을 생략한 것이라 앞뒤가 안 맞았다. 나머지 여섯 부위에는 안 쓴 잣대를 여기만 쓴 셈이기도 하다. | J12: =ROUND(D12*7/$H$2,1) -> 10.9 | L12: =ROUND(B12*7/$H$2,1) -> 6.3
A13: 삼각근(측면) | B13: =SUMIFS(D1_당기기A!$E:$E,D1_당기기A!$C:$C,$A13)+SUMIFS(D2_밀기A!$E:$E,D2_밀기A!$C:$C,$A13)+SUMIFS(D3_하체A!$E:$E,D3_하체A!$C:$C,$A13)+SUMIFS(D4_어깨팔A!$E:$E,D4_어깨팔A!$C:$C,$A13)+SUMIFS(D6_당기기B!$E:$E,D6_당기기B!$C:$C,$A13)+SUMIFS(D7_밀기B!$E:$E,D7_밀기B!$C:$C,$A13)+SUMIFS(D8_하체B!$E:$E,D8_하체B!$C:$C,$A13)+SUMIFS(D9_어깨팔B!$E:$E,D9_어깨팔B!$C:$C,$A13) -> 18 | C13: =MROUND(SUMIFS(간접계수맵!$F$7:$F$80,간접계수맵!$C$7:$C$80,$A13),0.5) -> 3 | D13: =B13+C13 -> 21 | E13: =IF(J13>20,"상한",IF(J13>=10,"성장",IF(J13>=8,"유지",IF(J13>=1,"유지 미만","미배치")))) -> 성장 | F13: 오버헤드 프레스 두 종목 모두 0.33 — 밀리터리 본세트(2026-09-04 0.5에서 하향, 5×5라 측면삼각이 자기 실패 근처에 못 간다)와 머신 숄더 프레스(2026-09-04 신설). 머신 숄더만 행이 없었는데, 제외 사유였던 '직접 전면삼각 분류'는 밀리터리에도 똑같이 해당돼 성립하지 않았다 — 보조 종목이라 실패에 더 가까이 가는 쪽이 오히려 0이던 것을 바로잡았다. 직접 세트가 두터워 판정에는 영향 없음. | J13: =ROUND(D13*7/$H$2,1) -> 14.7 | L13: =ROUND(B13*7/$H$2,1) -> 12.6
A14: 삼각근(후면) | B14: =SUMIFS(D1_당기기A!$E:$E,D1_당기기A!$C:$C,$A14)+SUMIFS(D2_밀기A!$E:$E,D2_밀기A!$C:$C,$A14)+SUMIFS(D3_하체A!$E:$E,D3_하체A!$C:$C,$A14)+SUMIFS(D4_어깨팔A!$E:$E,D4_어깨팔A!$C:$C,$A14)+SUMIFS(D6_당기기B!$E:$E,D6_당기기B!$C:$C,$A14)+SUMIFS(D7_밀기B!$E:$E,D7_밀기B!$C:$C,$A14)+SUMIFS(D8_하체B!$E:$E,D8_하체B!$C:$C,$A14)+SUMIFS(D9_어깨팔B!$E:$E,D9_어깨팔B!$C:$C,$A14) -> 17 | C14: =MROUND(SUMIFS(간접계수맵!$F$7:$F$80,간접계수맵!$C$7:$C$80,$A14),0.5) -> 4.5 | D14: =B14+C14 -> 21.5 | E14: =IF(J14>20,"상한",IF(J14>=10,"성장",IF(J14>=8,"유지",IF(J14>=1,"유지 미만","미배치")))) -> 성장 | F14: 페이스풀(1일차) 0.5×3=1.5 + 프론 Y(7일차) 0.5×2=1.0 = 2.5. 후면삼각은 프레스로 안 자라 직접 16세트로 별도 확보 — 2일차 리버스 펙덱 4 · 7일차 벤트오버 3 · 9일차 3종목 9 (케이블 리버스 플라이 3 · 인클라인 프론 리어 레이즈 3 · 리어 델트 로우 3). 사이클당 3회, 주당 환산 14. | J14: =ROUND(D14*7/$H$2,1) -> 15.1 | L14: =ROUND(B14*7/$H$2,1) -> 11.9
A15: 대퇴사두 | B15: =SUMIFS(D1_당기기A!$E:$E,D1_당기기A!$C:$C,$A15)+SUMIFS(D2_밀기A!$E:$E,D2_밀기A!$C:$C,$A15)+SUMIFS(D3_하체A!$E:$E,D3_하체A!$C:$C,$A15)+SUMIFS(D4_어깨팔A!$E:$E,D4_어깨팔A!$C:$C,$A15)+SUMIFS(D6_당기기B!$E:$E,D6_당기기B!$C:$C,$A15)+SUMIFS(D7_밀기B!$E:$E,D7_밀기B!$C:$C,$A15)+SUMIFS(D8_하체B!$E:$E,D8_하체B!$C:$C,$A15)+SUMIFS(D9_어깨팔B!$E:$E,D9_어깨팔B!$C:$C,$A15) -> 15 | C15: =MROUND(SUMIFS(간접계수맵!$F$7:$F$80,간접계수맵!$C$7:$C$80,$A15),0.5) -> 1.5 | D15: =B15+C15 -> 16.5 | E15: =IF(J15>20,"상한",IF(J15>=10,"성장",IF(J15>=8,"유지",IF(J15>=1,"유지 미만","미배치")))) -> 성장 | F15: 불가리안 스플릿 스쿼트 | G15: 하체(대퇴·햄·종아리) | H15: =SUM(D15:D16,D19) -> 43 | J15: =ROUND(D15*7/$H$2,1) -> 11.6 | L15: =ROUND(B15*7/$H$2,1) -> 10.5
A16: 햄스트링 | B16: =SUMIFS(D1_당기기A!$E:$E,D1_당기기A!$C:$C,$A16)+SUMIFS(D2_밀기A!$E:$E,D2_밀기A!$C:$C,$A16)+SUMIFS(D3_하체A!$E:$E,D3_하체A!$C:$C,$A16)+SUMIFS(D4_어깨팔A!$E:$E,D4_어깨팔A!$C:$C,$A16)+SUMIFS(D6_당기기B!$E:$E,D6_당기기B!$C:$C,$A16)+SUMIFS(D7_밀기B!$E:$E,D7_밀기B!$C:$C,$A16)+SUMIFS(D8_하체B!$E:$E,D8_하체B!$C:$C,$A16)+SUMIFS(D9_어깨팔B!$E:$E,D9_어깨팔B!$C:$C,$A16) -> 10 | C16: =MROUND(SUMIFS(간접계수맵!$F$7:$F$80,간접계수맵!$C$7:$C$80,$A16),0.5) -> 3.5 | D16: =B16+C16 -> 13.5 | E16: =IF(J16>20,"상한",IF(J16>=10,"성장",IF(J16>=8,"유지",IF(J16>=1,"유지 미만","미배치")))) -> 유지 | F16: 덤벨 RDL 0.5 · 데드 본세트/백오프 0.33 · 힙 쓰러스트 0.2. 2026-09-04 하향: 힙 쓰러스트는 무릎 90° 고정이라 햄스트링이 짧아진 채 작동(능동부전)해 RDL의 신장 부하와 동급일 수 없고, 컨벤셔널 데드는 ROM이 RDL보다 작다. | J16: =ROUND(D16*7/$H$2,1) -> 9.5 | L16: =ROUND(B16*7/$H$2,1) -> 7
A17: 둔근 | B17: =SUMIFS(D1_당기기A!$E:$E,D1_당기기A!$C:$C,$A17)+SUMIFS(D2_밀기A!$E:$E,D2_밀기A!$C:$C,$A17)+SUMIFS(D3_하체A!$E:$E,D3_하체A!$C:$C,$A17)+SUMIFS(D4_어깨팔A!$E:$E,D4_어깨팔A!$C:$C,$A17)+SUMIFS(D6_당기기B!$E:$E,D6_당기기B!$C:$C,$A17)+SUMIFS(D7_밀기B!$E:$E,D7_밀기B!$C:$C,$A17)+SUMIFS(D8_하체B!$E:$E,D8_하체B!$C:$C,$A17)+SUMIFS(D9_어깨팔B!$E:$E,D9_어깨팔B!$C:$C,$A17) -> 7 | C17: =MROUND(SUMIFS(간접계수맵!$F$7:$F$80,간접계수맵!$C$7:$C$80,$A17),0.5) -> 9 | D17: =B17+C17 -> 16 | E17: =IF(J17>20,"상한",IF(J17>=10,"성장",IF(J17>=8,"유지",IF(J17>=1,"유지 미만","미배치")))) -> 성장 | F17: 스쿼트 0.5×5=2.5 + 데드 본세트 0.5×1=0.5 + 데드 백오프 0.5×2=1 + RDL(8일차) 0.5×3=1.5 + 덤벨 RDL(1일차) 0.5×3=1.5 + 레그 프레스(수·토) 0.33×6=1.98 = 8.98 | G17: 둔근 | H17: =SUM(D17:D18) -> 29 | J17: =ROUND(D17*7/$H$2,1) -> 11.2 | L17: =ROUND(B17*7/$H$2,1) -> 4.9
A18: 중둔근 | B18: =SUMIFS(D1_당기기A!$E:$E,D1_당기기A!$C:$C,$A18)+SUMIFS(D2_밀기A!$E:$E,D2_밀기A!$C:$C,$A18)+SUMIFS(D3_하체A!$E:$E,D3_하체A!$C:$C,$A18)+SUMIFS(D4_어깨팔A!$E:$E,D4_어깨팔A!$C:$C,$A18)+SUMIFS(D6_당기기B!$E:$E,D6_당기기B!$C:$C,$A18)+SUMIFS(D7_밀기B!$E:$E,D7_밀기B!$C:$C,$A18)+SUMIFS(D8_하체B!$E:$E,D8_하체B!$C:$C,$A18)+SUMIFS(D9_어깨팔B!$E:$E,D9_어깨팔B!$C:$C,$A18) -> 12 | C18: =MROUND(SUMIFS(간접계수맵!$F$7:$F$80,간접계수맵!$C$7:$C$80,$A18),0.5) -> 1 | D18: =B18+C18 -> 13 | E18: =IF(J18>20,"상한",IF(J18>=10,"성장",IF(J18>=8,"유지",IF(J18>=1,"유지 미만","미배치")))) -> 유지 | F18: 불가리안 0.33×3=0.99 — 한 다리 지지 관상면 안정화. 스쿼트·레그프레스는 양측 지지라 계수 없음 | J18: =ROUND(D18*7/$H$2,1) -> 9.1 | L18: =ROUND(B18*7/$H$2,1) -> 8.4
A19: 종아리 | B19: =SUMIFS(D1_당기기A!$E:$E,D1_당기기A!$C:$C,$A19)+SUMIFS(D2_밀기A!$E:$E,D2_밀기A!$C:$C,$A19)+SUMIFS(D3_하체A!$E:$E,D3_하체A!$C:$C,$A19)+SUMIFS(D4_어깨팔A!$E:$E,D4_어깨팔A!$C:$C,$A19)+SUMIFS(D6_당기기B!$E:$E,D6_당기기B!$C:$C,$A19)+SUMIFS(D7_밀기B!$E:$E,D7_밀기B!$C:$C,$A19)+SUMIFS(D8_하체B!$E:$E,D8_하체B!$C:$C,$A19)+SUMIFS(D9_어깨팔B!$E:$E,D9_어깨팔B!$C:$C,$A19) -> 13 | C19: =MROUND(SUMIFS(간접계수맵!$F$7:$F$80,간접계수맵!$C$7:$C$80,$A19),0.5) -> 0 | D19: =B19+C19 -> 13 | E19: =IF(J19>20,"상한",IF(J19>=10,"성장",IF(J19>=8,"유지",IF(J19>=1,"유지 미만","미배치")))) -> 유지 | F19: 직접 세트 내역: 3일차 스탠딩 카프 3 (무릎 편 상태 — 비복근) · 8일차 시티드 카프 3 (무릎 굽힘 — 가자미근). 간접 출처는 없음 — 스쿼트·레그프레스의 발목 관여는 실패지점 근처까지 가지 않아 0으로 둔다. | J19: =ROUND(D19*7/$H$2,1) -> 9.1 | L19: =ROUND(B19*7/$H$2,1) -> 9.1
A20: 이두 | B20: =SUMIFS(D1_당기기A!$E:$E,D1_당기기A!$C:$C,$A20)+SUMIFS(D2_밀기A!$E:$E,D2_밀기A!$C:$C,$A20)+SUMIFS(D3_하체A!$E:$E,D3_하체A!$C:$C,$A20)+SUMIFS(D4_어깨팔A!$E:$E,D4_어깨팔A!$C:$C,$A20)+SUMIFS(D6_당기기B!$E:$E,D6_당기기B!$C:$C,$A20)+SUMIFS(D7_밀기B!$E:$E,D7_밀기B!$C:$C,$A20)+SUMIFS(D8_하체B!$E:$E,D8_하체B!$C:$C,$A20)+SUMIFS(D9_어깨팔B!$E:$E,D9_어깨팔B!$C:$C,$A20) -> 11 | C20: =MROUND(SUMIFS(간접계수맵!$F$7:$F$80,간접계수맵!$C$7:$C$80,$A20),0.5) -> 7 | D20: =B20+C20 -> 18 | E20: =IF(J20>20,"상한",IF(J20>=10,"성장",IF(J20>=8,"유지",IF(J20>=1,"유지 미만","미배치")))) -> 성장 | F20: 당기기 5종목을 그립별로 나눠 센다 — 친업(뒤침) 0.5 · 시티드 케이블 로우(좁은 뉴트럴) 0.33 · 랫풀다운 · 해머 로우 · 바벨 로우(모두 엎침) 각 0.2 · 리버스컬 0.2. 2026-09-04 정리: 엎침 그립에서 팔꿈치를 굽히는 건 주로 상완근·상완요골근이라 리버스컬에 쓴 잣대(0.2)를 당기기 전체에 맞췄다. 바벨 로우는 이전에 줄 자체가 없어 이때 신설. 컬은 셋 다 당기기 간접이 안 걸린 자리에 둔다(어깨·팔 A · 당기기 B는 프리쳐만 · 어깨·팔 B — 2026-09-04 4-1-4-1 전환 후). [2026-09-05] 원암 랫풀다운 · 원암 케이블 로우(D핸들 뉴트럴) 0.33 신설 — 랫풀다운 4 → 양팔 2 + 원암 2, 시티드 로우 5 → 양팔 3 + 원암 2로 나누며. | J20: =ROUND(D20*7/$H$2,1) -> 12.6 | L20: =ROUND(B20*7/$H$2,1) -> 7.7
A21: 삼두 | B21: =SUMIFS(D1_당기기A!$E:$E,D1_당기기A!$C:$C,$A21)+SUMIFS(D2_밀기A!$E:$E,D2_밀기A!$C:$C,$A21)+SUMIFS(D3_하체A!$E:$E,D3_하체A!$C:$C,$A21)+SUMIFS(D4_어깨팔A!$E:$E,D4_어깨팔A!$C:$C,$A21)+SUMIFS(D6_당기기B!$E:$E,D6_당기기B!$C:$C,$A21)+SUMIFS(D7_밀기B!$E:$E,D7_밀기B!$C:$C,$A21)+SUMIFS(D8_하체B!$E:$E,D8_하체B!$C:$C,$A21)+SUMIFS(D9_어깨팔B!$E:$E,D9_어깨팔B!$C:$C,$A21) -> 8 | C21: =MROUND(SUMIFS(간접계수맵!$F$7:$F$80,간접계수맵!$C$7:$C$80,$A21),0.5) -> 12 | D21: =B21+C21 -> 20 | E21: =IF(J21>20,"상한",IF(J21>=10,"성장",IF(J21>=8,"유지",IF(J21>=1,"유지 미만","미배치")))) -> 성장 | F21: 딥스 · 인클라인 머신 · 머신 숄더 · 헤머 체스트 각 0.5 · 벤치 본세트 · 밀리터리 본세트 0.33. 2026-09-04에 두 메인 본세트를 0.5→0.33으로 내렸다 — 5×5 저반복이라 주동근이 실패를 결정하고 삼두 유효반복이 적다. 보조 프레스는 0.5 유지. | J21: =ROUND(D21*7/$H$2,1) -> 14 | L21: =ROUND(B21*7/$H$2,1) -> 5.6
A22: 전완 | B22: =SUMIFS(D1_당기기A!$E:$E,D1_당기기A!$C:$C,$A22)+SUMIFS(D2_밀기A!$E:$E,D2_밀기A!$C:$C,$A22)+SUMIFS(D3_하체A!$E:$E,D3_하체A!$C:$C,$A22)+SUMIFS(D4_어깨팔A!$E:$E,D4_어깨팔A!$C:$C,$A22)+SUMIFS(D6_당기기B!$E:$E,D6_당기기B!$C:$C,$A22)+SUMIFS(D7_밀기B!$E:$E,D7_밀기B!$C:$C,$A22)+SUMIFS(D8_하체B!$E:$E,D8_하체B!$C:$C,$A22)+SUMIFS(D9_어깨팔B!$E:$E,D9_어깨팔B!$C:$C,$A22) -> 11 | C22: =MROUND(SUMIFS(간접계수맵!$F$7:$F$80,간접계수맵!$C$7:$C$80,$A22),0.5) -> 3.5 | D22: =B22+C22 -> 14.5 | E22: =IF(J22>20,"상한",IF(J22>=10,"성장",IF(J22>=8,"유지",IF(J22>=1,"유지 미만","미배치")))) -> 성장 | F22: 바벨 컬(2일차) · 프리쳐 컬(6일차) · 인클라인 덤벨 컬(9일차) 0.33×각3 = 2.97. 리버스컬(6일차)은 상완요골근 주동이라 간접이 아니라 직접 전완 3세트로 센다. 순수 그립(데드·로우·친업·트랩바)은 규칙상 0 — 성장 자극 없음 | J22: =ROUND(D22*7/$H$2,1) -> 10.2 | L22: =ROUND(B22*7/$H$2,1) -> 7.7
A23: 복부 | B23: =SUMIFS(D1_당기기A!$E:$E,D1_당기기A!$C:$C,$A23)+SUMIFS(D2_밀기A!$E:$E,D2_밀기A!$C:$C,$A23)+SUMIFS(D3_하체A!$E:$E,D3_하체A!$C:$C,$A23)+SUMIFS(D4_어깨팔A!$E:$E,D4_어깨팔A!$C:$C,$A23)+SUMIFS(D6_당기기B!$E:$E,D6_당기기B!$C:$C,$A23)+SUMIFS(D7_밀기B!$E:$E,D7_밀기B!$C:$C,$A23)+SUMIFS(D8_하체B!$E:$E,D8_하체B!$C:$C,$A23)+SUMIFS(D9_어깨팔B!$E:$E,D9_어깨팔B!$C:$C,$A23) -> 13 | C23: =MROUND(SUMIFS(간접계수맵!$F$7:$F$80,간접계수맵!$C$7:$C$80,$A23),0.5) -> 0 | D23: =B23+C23 -> 13 | E23: =IF(J23>20,"상한",IF(J23>=10,"성장",IF(J23>=8,"유지",IF(J23>=1,"유지 미만","미배치")))) -> 유지 | F23: 직접 13세트: 1일차 라잉 레그 레이즈 4(굴곡 하부) · 케이블 트렁크 로테이션 3(회전) · 3일차 앱휠 롤아웃 3(항신전) · 6일차 중량 크런치 3(굴곡 상부). 네 축이 다 찼다. 스쿼트 · 데드의 코어 브레이싱은 등척성 안정화이며 실패지점 근처까지 가지 않아 간접 0. | J23: =ROUND(D23*7/$H$2,1) -> 9.1 | L23: =ROUND(B23*7/$H$2,1) -> 9.1
A24: 내전근 | B24: =SUMIFS(D1_당기기A!$E:$E,D1_당기기A!$C:$C,$A24)+SUMIFS(D2_밀기A!$E:$E,D2_밀기A!$C:$C,$A24)+SUMIFS(D3_하체A!$E:$E,D3_하체A!$C:$C,$A24)+SUMIFS(D4_어깨팔A!$E:$E,D4_어깨팔A!$C:$C,$A24)+SUMIFS(D6_당기기B!$E:$E,D6_당기기B!$C:$C,$A24)+SUMIFS(D7_밀기B!$E:$E,D7_밀기B!$C:$C,$A24)+SUMIFS(D8_하체B!$E:$E,D8_하체B!$C:$C,$A24)+SUMIFS(D9_어깨팔B!$E:$E,D9_어깨팔B!$C:$C,$A24) -> 9 | C24: =MROUND(SUMIFS(간접계수맵!$F$7:$F$80,간접계수맵!$C$7:$C$80,$A24),0.5) -> 4.5 | D24: =B24+C24 -> 13.5 | E24: =IF(J24>20,"상한",IF(J24>=10,"성장",IF(J24>=8,"유지",IF(J24>=1,"유지 미만","미배치")))) -> 유지 | F24: 스쿼트 · 레그 프레스 · 불가리안 모두 0.33. 2026-09-04에 스쿼트를 0.5→0.33으로 내려 세 종목을 같은 등급으로 맞췄다 — 대내전근이 고관절 신전근인 건 맞지만 둔근(0.5)과 동급은 과하다. 성장이 아닌 유지 목적 항목. | J24: =ROUND(D24*7/$H$2,1) -> 9.5 | L24: =ROUND(B24*7/$H$2,1) -> 6.3
A25: 직접 세트 총계 | B25: =SUM(B5:B24) -> 240 | D25: =SUM(D5:D24) -> 310 | J25: =ROUND(D25*7/$H$2,1) -> 217 | L25: =ROUND(B25*7/$H$2,1) -> 168
A26: 기준선
A27: · 주 10~20세트 = 성장 구간. 사이클당 세트를 그대로 쓰면 안 되고, J열의 주당 환산(×7/주기 · 주기 길이는 H2)으로 판정한다.
A28: · 주 8세트 = 유지 하한 (역시 주당 환산 기준).
A29: · 실패지점 2~3회 이내 세트만 카운트 (웜업 · 여유 세트 제외)
A31: 따로 세야 하는 경우
A32: · 판단 기준은 하나 — 다른 종목이 그 부위를 대신 키워주는가.
A33: · 안 키워주면 따로 센다: 햄스트링(스쿼트로 안 자람), 후면 삼각근(프레스로 안 자람), 종아리
A34: · 키워주면 합쳐 판단한다: 흉근 상/하, 광배 상/하 — 하나의 근육이며 함께 수축한다. 표의 상/하 분리 행은 분포 점검용이며, 총량·상한 판단은 합산 기준으로 본다 (흉근 합산은 H5에 상시 표시 — 현재 직접 16 · 실질 18).
A36: 부위별 이력 · 미결 항목
A37: · 종아리 (2026-08): 3일차 스탠딩 카프 3 + 8일차 시티드 카프 3 = 사이클당 6세트 · 주당 환산 5.3 — 유지 하한(8) 미달. 올리려면 총량 예산 안에서 교환한다. | 후면 삼각근 (2026-08-28 해소): 직접 7 → 10세트. 9일차 어깨 세션 신설로 MEV(8) 통과.
A38: · 9일 주기 (A블록 3일 · 휴식 · B블록 3일 · 어깨+약점 · 휴식). 서술상 계보: 5일 147 → 재편 159 → v17 143 → v18 140 → 6일차 리버스컬 3 → 9일차 어깨 7. 다만 E열 실측은 162다 (2026-08-28 확인).
A39: · 하부 승모: 프론 Y(하강+후인) 2 + 오버헤드 슈러그(상방회전) 3 = 직접 5. 스캡 풀업(하강)은 v18에서 1일차 웜업으로 전환 — 패턴은 매주 유지되나 카운트 제외.
... A57: 상한 변경 이력 — 총량 상한(J2)을 고칠 때마다 한 줄 남긴다
A58: 날짜 | B58: 이전 | C58: 이후 | D58: 근거 | E58: 무엇을 뺐나
A59: 46269 | B59: — | C59: 239 | D59: 최초 설정 — v19 현재 총량을 그대로 예산으로 고정 | E59: —
A60: 46269 | B60: 239 | C60: 239 | D60: 10일 주기(4-1-4-1) 전환 — 상한 불변. 주당 환산 185.9→167.3은 분모가 9→10이 된 산술이지 감축이 아니다 | E60: 없음 — 종목 12개 이동, 세트 0 변동
A61: 46270 | B61: 239 | C61: 244 | D61: 등(광배 · 승모중부) 4종목 각 +1, 흉근상부 인클라인 스미스 +1 — 사용자 판단. 같은 날 15종목 +1을 넣었다가 잠금(잔여 −15)에 걸려 10은 되돌렸다 | E61: 없음
A62: 총량 예산 — 운용 규칙
A63: · 세트를 늘리려면 같은 수를 다른 종목에서 뺀다. 잔여 예산(H3)이 음수면 프로그램 전체가 INVALID다.
A64: · 판정 열의 "유지 미만"은 정보이지 지시가 아니다. 하한 미달은 그 자체로 증액 근거가 되지 못한다.
A65: · 주기를 바꿀 때는 H2 한 칸만 고친다. 모든 판정이 내려앉지만 잔여 예산은 그대로라 세트는 안 붙는다.
A66: · 총량 상한(J2)을 올리는 것은 자유지만 상한 변경 이력에 한 줄 남긴다 — 근거와 무엇을 뺐는지까지.
A67: · 배분은 안 잠근다. 총량이 같다면 부위 간 이동은 자유다 — 문제가 된 것은 배분이 아니라 총량이었다.
A68: · 증액 근거는 기록이다. 증량기록 L·M열(다음날 피로 · 관절)이 3사이클 쌓이기 전에는 근거가 없다.

Sheet 증량기록
A1: 메인 리프트 증량 기록 — 주 단위 (2026-09-13 전환)
A2: 매주 한 줄. 목표 반복을 채우면 다음 주에 오르고, 못 채우면 그 주 칸에 반복수나 X를 적어 그 중량을 한 번 더 든다. 못 끼우는 값(5로 나눈 나머지 4)은 자동으로 1kg 올라가므로 계단이 +2와 +3을 오간다 — 평균이 위 증량 폭이다.
A4: 증량 설정 — 종목별 | E4: 증량 주기(주) | F4: 시작 주차
A5: 데드리프트 주당 증량 (kg) | C5: 2 | D5: 매주 +2 → 못 끼우는 값에서 +3이 되므로 평균 주 2.5kg | E5: 1
A6: 스쿼트 주당 증량 (kg) | C6: 2 | D6: 매주 +2 → 평균 주 2.5kg. 사이클(2주 5kg) 때와 같은 기울기다 | E6: 1
A7: 벤치프레스 주당 증량 (kg) | C7: 1 | D7: 매주 +1 → 평균 주 1.25kg. 한쪽 0.5kg이 봉 전체 1kg이라 이게 최소 계단 | E7: 1 | H7: =SUM(D7:D22) -> 0
A8: 밀리터리 프레스 주당 증량 (kg) | C8: 1 | D8: 격주 +1 → 평균 주 0.6kg. 매주 올리면 1.25kg이라 지금 속도의 2.5배가 된다 | E8: 2
A9: 해머 스트랭스 로우 주당 증량 (kg) | C9: 1 | D9: 매주 +1 → 평균 주 1.25kg. 원판식 기구 · 13주차 60kg에서 출발 (2026-10-23 사용자 결정) | E9: 1 | F9: 13
A10: 인클라인 벤치프레스 머신 주당 증량 (kg) | C10: 1 | D10: 매주 +1 · 13주차 42kg에서 출발. 2주 연속 미달이면 선형 중단 → 8~10 더블 프로그레션 (2026-10-23) | E10: 1 | F10: 13
A11: 레그 프레스 주당 증량 (kg) | C11: 2 | D11: 매주 +2 · 13주차 160kg에서 출발 (2026-10-23 사용자 결정) | E11: 1 | F11: 13
A12: 레그 프레스 (발 높게) 주당 증량 (kg) | C12: 2 | D12: 2주마다 +2 · 13주차 140kg에서 출발 (2026-10-23 사용자 결정) | E12: 2 | F12: 13
A13: 루마니안 데드리프트 주당 증량 (kg) | C13: 1 | D13: 2주마다 +1 · 13주차 50kg에서 출발 (2026-10-23 사용자 결정) | E13: 2 | F13: 13
A14: 힙 쓰러스트 주당 증량 (kg) | C14: 1 | D14: 2주마다 +1 · 13주차 25kg에서 출발 (2026-10-23 사용자 결정) | E14: 2 | F14: 13
A15: 오버헤드 슈러그(스미스) 주당 증량 (kg) | C15: 1 | D15: 3주마다 +1 · 13주차 25kg에서 출발 · 원판만 센 무게(봉 제외) (2026-10-23 사용자 결정) | E15: 3 | F15: 13
A16: 해머 스트랭스 스캡 슈러그(중립 그립) 주당 증량 (kg) | C16: 1 | D16: 2주마다 +1 · 13주차 50kg에서 출발 · 원판만 센 무게(봉 제외) (2026-10-23 사용자 결정) | E16: 2 | F16: 13
A17: 스미스 프로트랙션 주당 증량 (kg) | C17: 1 | D17: 2주마다 +1 · 13주차 0kg에서 출발 · 원판만 센 무게(봉 제외) (2026-10-23 사용자 결정) · [2026-10-26 중단 — 월요일 체스트 프레스 머신 프로트랙션으로 교체 · 토요일과 같은 범위 + 핀 방식 (사용자 결정)] | E17: 2 | F17: 13
A18: 라잉 트라이셉스 익스텐션 주당 증량 (kg) | C18: 1 | D18: 3주마다 +1 · 13주차 15kg에서 출발 · EZ바 봉 포함 총무게 (2026-10-23 사용자 결정) | E18: 3 | F18: 13
A19: 리버스컬 주당 증량 (kg) | C19: 1 | D19: 3주마다 +1 · 13주차 15kg에서 출발 · EZ바 봉 포함 총무게 (2026-10-23 사용자 결정) | E19: 3 | F19: 13
A20: 인클라인 벤치프레스(바벨) 주당 증량 (kg) | C20: 1 | D20: 매주 +1 · 13주차 40kg에서 출발 · 봉 20 포함 총무게 · 벤치와 같은 방식 (2026-10-23 사용자 결정) | E20: 1 | F20: 13
A21: 주차 | B21: 날짜 (토요일) | C21: 스쿼트 목표 | D21: 미달 시 반복수 | E21: 데드 목표 | F21: 미달 시 반복수 | G21: 벤치 목표 | H21: 미달 시 반복수 | I21: 프레스 목표 | J21: 미달 시 반복수 | K21: 메모 | L21: 다음날 피로 0~5 | M21: 관절 이상 | N21: 해머 로우 목표 | O21: 미달 시 반복수 | P21: 인클라인 머신 목표 | Q21: 미달 시 반복수 | R21: 레그 프레스 목표 | S21: 미달 시 반복수 | T21: 레그 프레스 발 높게 목표 | U21: 미달 시 반복수 | V21: 루마니안 목표 | W21: 미달 시 반복수 | X21: 힙 쓰러스트 목표 | Y21: 미달 시 반복수 | Z21: 오버헤드 슈러그 목표 | AA21: 미달 시 반복수 | AB21: 스캡 슈러그 목표 | AC21: 미달 시 반복수 | AD21: 프로트랙션 목표 | AE21: 미달 시 반복수 | AF21: 라잉 트라이셉스 목표 | AG21: 미달 시 반복수 | AH21: 리버스컬 목표 | AI21: 미달 시 반복수 | AJ21: 인클라인 바벨 목표 | AK21: 미달 시 반복수
A22: 6주차 | B22: 46263 | C22: =시작중량_설정!$D$7 -> 62 | E22: =시작중량_설정!$D$8 -> 67 | G22: =시작중량_설정!$D$9 -> 35 | I22: =시작중량_설정!$D$10 -> 28 | K22: [2026-09-13] 사이클(2주에 5kg) → 주 단위(매주 2~3kg) 전환. 이 줄이 전환 시점 중량이다. 1~5주차는 재택 사이클로 지나간 구간이라 표에 없다. [이전 기록] [2026-09-05] 6일차를 하루 미룸 — 늦게 일어나 갔더니 헬스장이 닫혀 있었다. 실제 1일차는 08-31이었으나 앱 달력 기준을 09-01로 당겨 적어 09-06이 6일차가 되게 했다(이 사이클만 11일, 다음 사이클 1일차 09-11). | N22: — | P22: — | R22: — | T22: — | V22: — | X22: — | Z22: — | AB22: — | AD22: — | AF22: — | AH22: — | AJ22: —
A23: 7주차 | B23: 46270 | C23: =IF(OR(D22="",D22="O"),IF(MOD(ROW()-22,$E$6)=0,C22+$C$6+(MOD(C22+$C$6,5)=4),C22),C22) -> 65 | E23: =IF(OR(F22="",F22="O"),IF(MOD(ROW()-22,$E$5)=0,E22+$C$5+(MOD(E22+$C$5,5)=4),E22),E22) -> 70 | G23: =IF(OR(H22="",H22="O"),IF(MOD(ROW()-22,$E$7)=0,G22+$C$7+(MOD(G22+$C$7,5)=4),G22),G22) -> 36 | I23: =IF(OR(J22="",J22="O"),IF(MOD(ROW()-22,$E$8)=0,I22+$C$8+(MOD(I22+$C$8,5)=4),I22),I22) -> 28 | N23: — | P23: — | R23: — | T23: — | V23: — | X23: — | Z23: — | AB23: — | AD23: — | AF23: — | AH23: — | AJ23: —
A24: 8주차 | B24: 46277 | C24: =IF(OR(D23="",D23="O"),IF(MOD(ROW()-22,$E$6)=0,C23+$C$6+(MOD(C23+$C$6,5)=4),C23),C23) -> 67 | E24: =IF(OR(F23="",F23="O"),IF(MOD(ROW()-22,$E$5)=0,E23+$C$5+(MOD(E23+$C$5,5)=4),E23),E23) -> 72 | G24: =IF(OR(H23="",H23="O"),IF(MOD(ROW()-22,$E$7)=0,G23+$C$7+(MOD(G23+$C$7,5)=4),G23),G23) -> 37 | I24: =IF(OR(J23="",J23="O"),IF(MOD(ROW()-22,$E$8)=0,I23+$C$8+(MOD(I23+$C$8,5)=4),I23),I23) -> 30 | N24: — | P24: — | R24: — | T24: — | V24: — | X24: — | Z24: — | AB24: — | AD24: — | AF24: — | AH24: — | AJ24: —
A25: 9주차 | B25: 46284 | C25: =IF(OR(D24="",D24="O"),IF(MOD(ROW()-22,$E$6)=0,C24+$C$6+(MOD(C24+$C$6,5)=4),C24),C24) -> 70 | E25: =IF(OR(F24="",F24="O"),IF(MOD(ROW()-22,$E$5)=0,E24+$C$5+(MOD(E24+$C$5,5)=4),E24),E24) -> 75 | G25: =IF(OR(H24="",H24="O"),IF(MOD(ROW()-22,$E$7)=0,G24+$C$7+(MOD(G24+$C$7,5)=4),G24),G24) -> 38 | I25: =IF(OR(J24="",J24="O"),IF(MOD(ROW()-22,$E$8)=0,I24+$C$8+(MOD(I24+$C$8,5)=4),I24),I24) -> 30 | N25: — | P25: — | R25: — | T25: — | V25: — | X25: — | Z25: — | AB25: — | AD25: — | AF25: — | AH25: — | AJ25: —
A26: 10주차 | B26: 46291 | C26: =IF(OR(D25="",D25="O"),IF(MOD(ROW()-22,$E$6)=0,C25+$C$6+(MOD(C25+$C$6,5)=4),C25),C25) -> 72 | E26: =IF(OR(F25="",F25="O"),IF(MOD(ROW()-22,$E$5)=0,E25+$C$5+(MOD(E25+$C$5,5)=4),E25),E25) -> 77 | G26: =IF(OR(H25="",H25="O"),IF(MOD(ROW()-22,$E$7)=0,G25+$C$7+(MOD(G25+$C$7,5)=4),G25),G25) -> 40 | I26: =IF(OR(J25="",J25="O"),IF(MOD(ROW()-22,$E$8)=0,I25+$C$8+(MOD(I25+$C$8,5)=4),I25),I25) -> 31 | N26: — | P26: — | R26: — | T26: — | V26: — | X26: — | Z26: — | AB26: — | AD26: — | AF26: — | AH26: — | AJ26: —
A27: 11주차 | B27: 46298 | C27: =IF(OR(D26="",D26="O"),IF(MOD(ROW()-22,$E$6)=0,C26+$C$6+(MOD(C26+$C$6,5)=4),C26),C26) -> 75 | E27: =IF(OR(F26="",F26="O"),IF(MOD(ROW()-22,$E$5)=0,E26+$C$5+(MOD(E26+$C$5,5)=4),E26),E26) -> 80 | G27: =IF(OR(H26="",H26="O"),IF(MOD(ROW()-22,$E$7)=0,G26+$C$7+(MOD(G26+$C$7,5)=4),G26),G26) -> 41 | I27: =IF(OR(J26="",J26="O"),IF(MOD(ROW()-22,$E$8)=0,I26+$C$8+(MOD(I26+$C$8,5)=4),I26),I26) -> 31 | N27: — | P27: — | R27: — | T27: — | V27: — | X27: — | Z27: — | AB27: — | AD27: — | AF27: — | AH27: — | AJ27: —
A28: 12주차 | B28: 46305 | C28: =IF(OR(D27="",D27="O"),IF(MOD(ROW()-22,$E$6)=0,C27+$C$6+(MOD(C27+$C$6,5)=4),C27),C27) -> 77 | E28: =IF(OR(F27="",F27="O"),IF(MOD(ROW()-22,$E$5)=0,E27+$C$5+(MOD(E27+$C$5,5)=4),E27),E27) -> 82 | G28: =IF(OR(H27="",H27="O"),IF(MOD(ROW()-22,$E$7)=0,G27+$C$7+(MOD(G27+$C$7,5)=4),G27),G27) -> 42 | I28: =IF(OR(J27="",J27="O"),IF(MOD(ROW()-22,$E$8)=0,I27+$C$8+(MOD(I27+$C$8,5)=4),I27),I27) -> 32 | N28: — | P28: — | R28: — | T28: — | V28: — | X28: — | Z28: — | AB28: — | AD28: — | AF28: — | AH28: — | AJ28: —
A29: 13주차 | B29: 46312 | C29: =IF(OR(D28="",D28="O"),IF(MOD(ROW()-22,$E$6)=0,C28+$C$6+(MOD(C28+$C$6,5)=4),C28),C28) -> 80 | E29: =IF(OR(F28="",F28="O"),IF(MOD(ROW()-22,$E$5)=0,E28+$C$5+(MOD(E28+$C$5,5)=4),E28),E28) -> 85 | G29: =IF(OR(H28="",H28="O"),IF(MOD(ROW()-22,$E$7)=0,G28+$C$7+(MOD(G28+$C$7,5)=4),G28),G28) -> 43 | I29: =IF(OR(J28="",J28="O"),IF(MOD(ROW()-22,$E$8)=0,I28+$C$8+(MOD(I28+$C$8,5)=4),I28),I28) -> 32 | N29: =시작중량_설정!$D$11 -> 60 | P29: =시작중량_설정!$D$12 -> 42 | R29: =시작중량_설정!$D$13 -> 160 | T29: =시작중량_설정!$D$14 -> 140 | V29: =시작중량_설정!$D$15 -> 50 | X29: =시작중량_설정!$D$16 -> 25 | Z29: =시작중량_설정!$D$17 -> 25 | AB29: =시작중량_설정!$D$18 -> 50 | AD29: =시작중량_설정!$D$19 -> 0 | AF29: =시작중량_설정!$D$20 -> 15 | AH29: =시작중량_설정!$D$21 -> 15 | AJ29: =시작중량_설정!$D$22 -> 40
A30: 14주차 | B30: 46319 | C30: =IF(OR(D29="",D29="O"),IF(MOD(ROW()-22,$E$6)=0,C29+$C$6+(MOD(C29+$C$6,5)=4),C29),C29) -> 82 | E30: =IF(OR(F29="",F29="O"),IF(MOD(ROW()-22,$E$5)=0,E29+$C$5+(MOD(E29+$C$5,5)=4),E29),E29) -> 87 | G30: =IF(OR(H29="",H29="O"),IF(MOD(ROW()-22,$E$7)=0,G29+$C$7+(MOD(G29+$C$7,5)=4),G29),G29) -> 45 | I30: =IF(OR(J29="",J29="O"),IF(MOD(ROW()-22,$E$8)=0,I29+$C$8+(MOD(I29+$C$8,5)=4),I29),I29) -> 33 | N30: =IF(OR(O29="",O29="O"),IF(MOD(ROW()-29,$E$9)=0,N29+$C$9+(MOD(N29+$C$9,5)=4),N29),N29) -> 61 | P30: =IF(OR(Q29="",Q29="O"),IF(MOD(ROW()-29,$E$10)=0,P29+$C$10+(MOD(P29+$C$10,5)=4),P29),P29) -> 43 | R30: =IF(OR(S29="",S29="O"),IF(MOD(ROW()-29,$E$11)=0,R29+$C$11+(MOD(R29+$C$11,5)=4),R29),R29) -> 162 | T30: =IF(OR(U29="",U29="O"),IF(MOD(ROW()-29,$E$12)=0,T29+$C$12+(MOD(T29+$C$12,5)=4),T29),T29) -> 140 | V30: =IF(OR(W29="",W29="O"),IF(MOD(ROW()-29,$E$13)=0,V29+$C$13+(MOD(V29+$C$13,5)=4),V29),V29) -> 50 | X30: =IF(OR(Y29="",Y29="O"),IF(MOD(ROW()-29,$E$14)=0,X29+$C$14+(MOD(X29+$C$14,5)=4),X29),X29) -> 25 | Z30: =IF(OR(AA29="",AA29="O"),IF(MOD(ROW()-29,$E$15)=0,Z29+$C$15+(MOD(Z29+$C$15,5)=4),Z29),Z29) -> 25 | AB30: =IF(OR(AC29="",AC29="O"),IF(MOD(ROW()-29,$E$16)=0,AB29+$C$16+(MOD(AB29+$C$16,5)=4),AB29),AB29) -> 50 | AD30: =IF(OR(AE29="",AE29="O"),IF(MOD(ROW()-29,$E$17)=0,AD29+$C$17+(MOD(AD29+$C$17,5)=4),AD29),AD29) -> 0 | AF30: =IF(OR(AG29="",AG29="O"),IF(MOD(ROW()-29,$E$18)=0,AF29+$C$18+(MOD(AF29+$C$18,5)=4),AF29),AF29) -> 15 | AH30: =IF(OR(AI29="",AI29="O"),IF(MOD(ROW()-29,$E$19)=0,AH29+$C$19+(MOD(AH29+$C$19,5)=4),AH29),AH29) -> 15 | AJ30: =IF(OR(AK29="",AK29="O"),IF(MOD(ROW()-29,$E$20)=0,AJ29+$C$20+(MOD(AJ29+$C$20,5)=4),AJ29),AJ29) -> 41
A31: 15주차 | B31: 46326 | C31: =IF(OR(D30="",D30="O"),IF(MOD(ROW()-22,$E$6)=0,C30+$C$6+(MOD(C30+$C$6,5)=4),C30),C30) -> 85 | E31: =IF(OR(F30="",F30="O"),IF(MOD(ROW()-22,$E$5)=0,E30+$C$5+(MOD(E30+$C$5,5)=4),E30),E30) -> 90 | G31: =IF(OR(H30="",H30="O"),IF(MOD(ROW()-22,$E$7)=0,G30+$C$7+(MOD(G30+$C$7,5)=4),G30),G30) -> 46 | I31: =IF(OR(J30="",J30="O"),IF(MOD(ROW()-22,$E$8)=0,I30+$C$8+(MOD(I30+$C$8,5)=4),I30),I30) -> 33 | N31: =IF(OR(O30="",O30="O"),IF(MOD(ROW()-29,$E$9)=0,N30+$C$9+(MOD(N30+$C$9,5)=4),N30),N30) -> 62 | P31: =IF(OR(Q30="",Q30="O"),IF(MOD(ROW()-29,$E$10)=0,P30+$C$10+(MOD(P30+$C$10,5)=4),P30),P30) -> 45 | R31: =IF(OR(S30="",S30="O"),IF(MOD(ROW()-29,$E$11)=0,R30+$C$11+(MOD(R30+$C$11,5)=4),R30),R30) -> 165 | T31: =IF(OR(U30="",U30="O"),IF(MOD(ROW()-29,$E$12)=0,T30+$C$12+(MOD(T30+$C$12,5)=4),T30),T30) -> 142 | V31: =IF(OR(W30="",W30="O"),IF(MOD(ROW()-29,$E$13)=0,V30+$C$13+(MOD(V30+$C$13,5)=4),V30),V30) -> 51 | X31: =IF(OR(Y30="",Y30="O"),IF(MOD(ROW()-29,$E$14)=0,X30+$C$14+(MOD(X30+$C$14,5)=4),X30),X30) -> 26 | Z31: =IF(OR(AA30="",AA30="O"),IF(MOD(ROW()-29,$E$15)=0,Z30+$C$15+(MOD(Z30+$C$15,5)=4),Z30),Z30) -> 25 | AB31: =IF(OR(AC30="",AC30="O"),IF(MOD(ROW()-29,$E$16)=0,AB30+$C$16+(MOD(AB30+$C$16,5)=4),AB30),AB30) -> 51 | AD31: =IF(OR(AE30="",AE30="O"),IF(MOD(ROW()-29,$E$17)=0,AD30+$C$17+(MOD(AD30+$C$17,5)=4),AD30),AD30) -> 1 | AF31: =IF(OR(AG30="",AG30="O"),IF(MOD(ROW()-29,$E$18)=0,AF30+$C$18+(MOD(AF30+$C$18,5)=4),AF30),AF30) -> 15 | AH31: =IF(OR(AI30="",AI30="O"),IF(MOD(ROW()-29,$E$19)=0,AH30+$C$19+(MOD(AH30+$C$19,5)=4),AH30),AH30) -> 15 | AJ31: =IF(OR(AK30="",AK30="O"),IF(MOD(ROW()-29,$E$20)=0,AJ30+$C$20+(MOD(AJ30+$C$20,5)=4),AJ30),AJ30) -> 42
A32: 16주차 | B32: 46333 | C32: =IF(OR(D31="",D31="O"),IF(MOD(ROW()-22,$E$6)=0,C31+$C$6+(MOD(C31+$C$6,5)=4),C31),C31) -> 87 | E32: =IF(OR(F31="",F31="O"),IF(MOD(ROW()-22,$E$5)=0,E31+$C$5+(MOD(E31+$C$5,5)=4),E31),E31) -> 92 | G32: =IF(OR(H31="",H31="O"),IF(MOD(ROW()-22,$E$7)=0,G31+$C$7+(MOD(G31+$C$7,5)=4),G31),G31) -> 47 | I32: =IF(OR(J31="",J31="O"),IF(MOD(ROW()-22,$E$8)=0,I31+$C$8+(MOD(I31+$C$8,5)=4),I31),I31) -> 35 | N32: =IF(OR(O31="",O31="O"),IF(MOD(ROW()-29,$E$9)=0,N31+$C$9+(MOD(N31+$C$9,5)=4),N31),N31) -> 63 | P32: =IF(OR(Q31="",Q31="O"),IF(MOD(ROW()-29,$E$10)=0,P31+$C$10+(MOD(P31+$C$10,5)=4),P31),P31) -> 46 | R32: =IF(OR(S31="",S31="O"),IF(MOD(ROW()-29,$E$11)=0,R31+$C$11+(MOD(R31+$C$11,5)=4),R31),R31) -> 167 | T32: =IF(OR(U31="",U31="O"),IF(MOD(ROW()-29,$E$12)=0,T31+$C$12+(MOD(T31+$C$12,5)=4),T31),T31) -> 142 | V32: =IF(OR(W31="",W31="O"),IF(MOD(ROW()-29,$E$13)=0,V31+$C$13+(MOD(V31+$C$13,5)=4),V31),V31) -> 51 | X32: =IF(OR(Y31="",Y31="O"),IF(MOD(ROW()-29,$E$14)=0,X31+$C$14+(MOD(X31+$C$14,5)=4),X31),X31) -> 26 | Z32: =IF(OR(AA31="",AA31="O"),IF(MOD(ROW()-29,$E$15)=0,Z31+$C$15+(MOD(Z31+$C$15,5)=4),Z31),Z31) -> 26 | AB32: =IF(OR(AC31="",AC31="O"),IF(MOD(ROW()-29,$E$16)=0,AB31+$C$16+(MOD(AB31+$C$16,5)=4),AB31),AB31) -> 51 | AD32: =IF(OR(AE31="",AE31="O"),IF(MOD(ROW()-29,$E$17)=0,AD31+$C$17+(MOD(AD31+$C$17,5)=4),AD31),AD31) -> 1 | AF32: =IF(OR(AG31="",AG31="O"),IF(MOD(ROW()-29,$E$18)=0,AF31+$C$18+(MOD(AF31+$C$18,5)=4),AF31),AF31) -> 16 | AH32: =IF(OR(AI31="",AI31="O"),IF(MOD(ROW()-29,$E$19)=0,AH31+$C$19+(MOD(AH31+$C$19,5)=4),AH31),AH31) -> 16 | AJ32: =IF(OR(AK31="",AK31="O"),IF(MOD(ROW()-29,$E$20)=0,AJ31+$C$20+(MOD(AJ31+$C$20,5)=4),AJ31),AJ31) -> 43
A33: 17주차 | B33: 46340 | C33: =IF(OR(D32="",D32="O"),IF(MOD(ROW()-22,$E$6)=0,C32+$C$6+(MOD(C32+$C$6,5)=4),C32),C32) -> 90 | E33: =IF(OR(F32="",F32="O"),IF(MOD(ROW()-22,$E$5)=0,E32+$C$5+(MOD(E32+$C$5,5)=4),E32),E32) -> 95 | G33: =IF(OR(H32="",H32="O"),IF(MOD(ROW()-22,$E$7)=0,G32+$C$7+(MOD(G32+$C$7,5)=4),G32),G32) -> 48 | I33: =IF(OR(J32="",J32="O"),IF(MOD(ROW()-22,$E$8)=0,I32+$C$8+(MOD(I32+$C$8,5)=4),I32),I32) -> 35 | N33: =IF(OR(O32="",O32="O"),IF(MOD(ROW()-29,$E$9)=0,N32+$C$9+(MOD(N32+$C$9,5)=4),N32),N32) -> 65 | P33: =IF(OR(Q32="",Q32="O"),IF(MOD(ROW()-29,$E$10)=0,P32+$C$10+(MOD(P32+$C$10,5)=4),P32),P32) -> 47 | R33: =IF(OR(S32="",S32="O"),IF(MOD(ROW()-29,$E$11)=0,R32+$C$11+(MOD(R32+$C$11,5)=4),R32),R32) -> 170 | T33: =IF(OR(U32="",U32="O"),IF(MOD(ROW()-29,$E$12)=0,T32+$C$12+(MOD(T32+$C$12,5)=4),T32),T32) -> 145 | V33: =IF(OR(W32="",W32="O"),IF(MOD(ROW()-29,$E$13)=0,V32+$C$13+(MOD(V32+$C$13,5)=4),V32),V32) -> 52 | X33: =IF(OR(Y32="",Y32="O"),IF(MOD(ROW()-29,$E$14)=0,X32+$C$14+(MOD(X32+$C$14,5)=4),X32),X32) -> 27 | Z33: =IF(OR(AA32="",AA32="O"),IF(MOD(ROW()-29,$E$15)=0,Z32+$C$15+(MOD(Z32+$C$15,5)=4),Z32),Z32) -> 26 | AB33: =IF(OR(AC32="",AC32="O"),IF(MOD(ROW()-29,$E$16)=0,AB32+$C$16+(MOD(AB32+$C$16,5)=4),AB32),AB32) -> 52 | AD33: =IF(OR(AE32="",AE32="O"),IF(MOD(ROW()-29,$E$17)=0,AD32+$C$17+(MOD(AD32+$C$17,5)=4),AD32),AD32) -> 2 | AF33: =IF(OR(AG32="",AG32="O"),IF(MOD(ROW()-29,$E$18)=0,AF32+$C$18+(MOD(AF32+$C$18,5)=4),AF32),AF32) -> 16 | AH33: =IF(OR(AI32="",AI32="O"),IF(MOD(ROW()-29,$E$19)=0,AH32+$C$19+(MOD(AH32+$C$19,5)=4),AH32),AH32) -> 16 | AJ33: =IF(OR(AK32="",AK32="O"),IF(MOD(ROW()-29,$E$20)=0,AJ32+$C$20+(MOD(AJ32+$C$20,5)=4),AJ32),AJ32) -> 45
A34: 18주차 | B34: 46347 | C34: =IF(OR(D33="",D33="O"),IF(MOD(ROW()-22,$E$6)=0,C33+$C$6+(MOD(C33+$C$6,5)=4),C33),C33) -> 92 | E34: =IF(OR(F33="",F33="O"),IF(MOD(ROW()-22,$E$5)=0,E33+$C$5+(MOD(E33+$C$5,5)=4),E33),E33) -> 97 | G34: =IF(OR(H33="",H33="O"),IF(MOD(ROW()-22,$E$7)=0,G33+$C$7+(MOD(G33+$C$7,5)=4),G33),G33) -> 50 | I34: =IF(OR(J33="",J33="O"),IF(MOD(ROW()-22,$E$8)=0,I33+$C$8+(MOD(I33+$C$8,5)=4),I33),I33) -> 36 | N34: =IF(OR(O33="",O33="O"),IF(MOD(ROW()-29,$E$9)=0,N33+$C$9+(MOD(N33+$C$9,5)=4),N33),N33) -> 66 | P34: =IF(OR(Q33="",Q33="O"),IF(MOD(ROW()-29,$E$10)=0,P33+$C$10+(MOD(P33+$C$10,5)=4),P33),P33) -> 48 | R34: =IF(OR(S33="",S33="O"),IF(MOD(ROW()-29,$E$11)=0,R33+$C$11+(MOD(R33+$C$11,5)=4),R33),R33) -> 172 | T34: =IF(OR(U33="",U33="O"),IF(MOD(ROW()-29,$E$12)=0,T33+$C$12+(MOD(T33+$C$12,5)=4),T33),T33) -> 145 | V34: =IF(OR(W33="",W33="O"),IF(MOD(ROW()-29,$E$13)=0,V33+$C$13+(MOD(V33+$C$13,5)=4),V33),V33) -> 52 | X34: =IF(OR(Y33="",Y33="O"),IF(MOD(ROW()-29,$E$14)=0,X33+$C$14+(MOD(X33+$C$14,5)=4),X33),X33) -> 27 | Z34: =IF(OR(AA33="",AA33="O"),IF(MOD(ROW()-29,$E$15)=0,Z33+$C$15+(MOD(Z33+$C$15,5)=4),Z33),Z33) -> 26 | AB34: =IF(OR(AC33="",AC33="O"),IF(MOD(ROW()-29,$E$16)=0,AB33+$C$16+(MOD(AB33+$C$16,5)=4),AB33),AB33) -> 52 | AD34: =IF(OR(AE33="",AE33="O"),IF(MOD(ROW()-29,$E$17)=0,AD33+$C$17+(MOD(AD33+$C$17,5)=4),AD33),AD33) -> 2 | AF34: =IF(OR(AG33="",AG33="O"),IF(MOD(ROW()-29,$E$18)=0,AF33+$C$18+(MOD(AF33+$C$18,5)=4),AF33),AF33) -> 16 | AH34: =IF(OR(AI33="",AI33="O"),IF(MOD(ROW()-29,$E$19)=0,AH33+$C$19+(MOD(AH33+$C$19,5)=4),AH33),AH33) -> 16 | AJ34: =IF(OR(AK33="",AK33="O"),IF(MOD(ROW()-29,$E$20)=0,AJ33+$C$20+(MOD(AJ33+$C$20,5)=4),AJ33),AJ33) -> 46
A35: 19주차 | B35: 46354 | C35: =IF(OR(D34="",D34="O"),IF(MOD(ROW()-22,$E$6)=0,C34+$C$6+(MOD(C34+$C$6,5)=4),C34),C34) -> 95 | E35: =IF(OR(F34="",F34="O"),IF(MOD(ROW()-22,$E$5)=0,E34+$C$5+(MOD(E34+$C$5,5)=4),E34),E34) -> 100 | G35: =IF(OR(H34="",H34="O"),IF(MOD(ROW()-22,$E$7)=0,G34+$C$7+(MOD(G34+$C$7,5)=4),G34),G34) -> 51 | I35: =IF(OR(J34="",J34="O"),IF(MOD(ROW()-22,$E$8)=0,I34+$C$8+(MOD(I34+$C$8,5)=4),I34),I34) -> 36 | N35: =IF(OR(O34="",O34="O"),IF(MOD(ROW()-29,$E$9)=0,N34+$C$9+(MOD(N34+$C$9,5)=4),N34),N34) -> 67 | P35: =IF(OR(Q34="",Q34="O"),IF(MOD(ROW()-29,$E$10)=0,P34+$C$10+(MOD(P34+$C$10,5)=4),P34),P34) -> 50 | R35: =IF(OR(S34="",S34="O"),IF(MOD(ROW()-29,$E$11)=0,R34+$C$11+(MOD(R34+$C$11,5)=4),R34),R34) -> 175 | T35: =IF(OR(U34="",U34="O"),IF(MOD(ROW()-29,$E$12)=0,T34+$C$12+(MOD(T34+$C$12,5)=4),T34),T34) -> 147 | V35: =IF(OR(W34="",W34="O"),IF(MOD(ROW()-29,$E$13)=0,V34+$C$13+(MOD(V34+$C$13,5)=4),V34),V34) -> 53 | X35: =IF(OR(Y34="",Y34="O"),IF(MOD(ROW()-29,$E$14)=0,X34+$C$14+(MOD(X34+$C$14,5)=4),X34),X34) -> 28 | Z35: =IF(OR(AA34="",AA34="O"),IF(MOD(ROW()-29,$E$15)=0,Z34+$C$15+(MOD(Z34+$C$15,5)=4),Z34),Z34) -> 27 | AB35: =IF(OR(AC34="",AC34="O"),IF(MOD(ROW()-29,$E$16)=0,AB34+$C$16+(MOD(AB34+$C$16,5)=4),AB34),AB34) -> 53 | AD35: =IF(OR(AE34="",AE34="O"),IF(MOD(ROW()-29,$E$17)=0,AD34+$C$17+(MOD(AD34+$C$17,5)=4),AD34),AD34) -> 3 | AF35: =IF(OR(AG34="",AG34="O"),IF(MOD(ROW()-29,$E$18)=0,AF34+$C$18+(MOD(AF34+$C$18,5)=4),AF34),AF34) -> 17 | AH35: =IF(OR(AI34="",AI34="O"),IF(MOD(ROW()-29,$E$19)=0,AH34+$C$19+(MOD(AH34+$C$19,5)=4),AH34),AH34) -> 17 | AJ35: =IF(OR(AK34="",AK34="O"),IF(MOD(ROW()-29,$E$20)=0,AJ34+$C$20+(MOD(AJ34+$C$20,5)=4),AJ34),AJ34) -> 47
A36: 20주차 | B36: 46361 | C36: =IF(OR(D35="",D35="O"),IF(MOD(ROW()-22,$E$6)=0,C35+$C$6+(MOD(C35+$C$6,5)=4),C35),C35) -> 97 | E36: =IF(OR(F35="",F35="O"),IF(MOD(ROW()-22,$E$5)=0,E35+$C$5+(MOD(E35+$C$5,5)=4),E35),E35) -> 102 | G36: =IF(OR(H35="",H35="O"),IF(MOD(ROW()-22,$E$7)=0,G35+$C$7+(MOD(G35+$C$7,5)=4),G35),G35) -> 52 | I36: =IF(OR(J35="",J35="O"),IF(MOD(ROW()-22,$E$8)=0,I35+$C$8+(MOD(I35+$C$8,5)=4),I35),I35) -> 37 | N36: =IF(OR(O35="",O35="O"),IF(MOD(ROW()-29,$E$9)=0,N35+$C$9+(MOD(N35+$C$9,5)=4),N35),N35) -> 68 | P36: =IF(OR(Q35="",Q35="O"),IF(MOD(ROW()-29,$E$10)=0,P35+$C$10+(MOD(P35+$C$10,5)=4),P35),P35) -> 51 | R36: =IF(OR(S35="",S35="O"),IF(MOD(ROW()-29,$E$11)=0,R35+$C$11+(MOD(R35+$C$11,5)=4),R35),R35) -> 177 | T36: =IF(OR(U35="",U35="O"),IF(MOD(ROW()-29,$E$12)=0,T35+$C$12+(MOD(T35+$C$12,5)=4),T35),T35) -> 147 | V36: =IF(OR(W35="",W35="O"),IF(MOD(ROW()-29,$E$13)=0,V35+$C$13+(MOD(V35+$C$13,5)=4),V35),V35) -> 53 | X36: =IF(OR(Y35="",Y35="O"),IF(MOD(ROW()-29,$E$14)=0,X35+$C$14+(MOD(X35+$C$14,5)=4),X35),X35) -> 28 | Z36: =IF(OR(AA35="",AA35="O"),IF(MOD(ROW()-29,$E$15)=0,Z35+$C$15+(MOD(Z35+$C$15,5)=4),Z35),Z35) -> 27 | AB36: =IF(OR(AC35="",AC35="O"),IF(MOD(ROW()-29,$E$16)=0,AB35+$C$16+(MOD(AB35+$C$16,5)=4),AB35),AB35) -> 53 | AD36: =IF(OR(AE35="",AE35="O"),IF(MOD(ROW()-29,$E$17)=0,AD35+$C$17+(MOD(AD35+$C$17,5)=4),AD35),AD35) -> 3 | AF36: =IF(OR(AG35="",AG35="O"),IF(MOD(ROW()-29,$E$18)=0,AF35+$C$18+(MOD(AF35+$C$18,5)=4),AF35),AF35) -> 17 | AH36: =IF(OR(AI35="",AI35="O"),IF(MOD(ROW()-29,$E$19)=0,AH35+$C$19+(MOD(AH35+$C$19,5)=4),AH35),AH35) -> 17 | AJ36: =IF(OR(AK35="",AK35="O"),IF(MOD(ROW()-29,$E$20)=0,AJ35+$C$20+(MOD(AJ35+$C$20,5)=4),AJ35),AJ35) -> 48
A37: 21주차 | B37: 46368 | C37: =IF(OR(D36="",D36="O"),IF(MOD(ROW()-22,$E$6)=0,C36+$C$6+(MOD(C36+$C$6,5)=4),C36),C36) -> 100 | E37: =IF(OR(F36="",F36="O"),IF(MOD(ROW()-22,$E$5)=0,E36+$C$5+(MOD(E36+$C$5,5)=4),E36),E36) -> 105 | G37: =IF(OR(H36="",H36="O"),IF(MOD(ROW()-22,$E$7)=0,G36+$C$7+(MOD(G36+$C$7,5)=4),G36),G36) -> 53 | I37: =IF(OR(J36="",J36="O"),IF(MOD(ROW()-22,$E$8)=0,I36+$C$8+(MOD(I36+$C$8,5)=4),I36),I36) -> 37 | N37: =IF(OR(O36="",O36="O"),IF(MOD(ROW()-29,$E$9)=0,N36+$C$9+(MOD(N36+$C$9,5)=4),N36),N36) -> 70 | P37: =IF(OR(Q36="",Q36="O"),IF(MOD(ROW()-29,$E$10)=0,P36+$C$10+(MOD(P36+$C$10,5)=4),P36),P36) -> 52 | R37: =IF(OR(S36="",S36="O"),IF(MOD(ROW()-29,$E$11)=0,R36+$C$11+(MOD(R36+$C$11,5)=4),R36),R36) -> 180 | T37: =IF(OR(U36="",U36="O"),IF(MOD(ROW()-29,$E$12)=0,T36+$C$12+(MOD(T36+$C$12,5)=4),T36),T36) -> 150 | V37: =IF(OR(W36="",W36="O"),IF(MOD(ROW()-29,$E$13)=0,V36+$C$13+(MOD(V36+$C$13,5)=4),V36),V36) -> 55 | X37: =IF(OR(Y36="",Y36="O"),IF(MOD(ROW()-29,$E$14)=0,X36+$C$14+(MOD(X36+$C$14,5)=4),X36),X36) -> 30 | Z37: =IF(OR(AA36="",AA36="O"),IF(MOD(ROW()-29,$E$15)=0,Z36+$C$15+(MOD(Z36+$C$15,5)=4),Z36),Z36) -> 27 | AB37: =IF(OR(AC36="",AC36="O"),IF(MOD(ROW()-29,$E$16)=0,AB36+$C$16+(MOD(AB36+$C$16,5)=4),AB36),AB36) -> 55 | AD37: =IF(OR(AE36="",AE36="O"),IF(MOD(ROW()-29,$E$17)=0,AD36+$C$17+(MOD(AD36+$C$17,5)=4),AD36),AD36) -> 5 | AF37: =IF(OR(AG36="",AG36="O"),IF(MOD(ROW()-29,$E$18)=0,AF36+$C$18+(MOD(AF36+$C$18,5)=4),AF36),AF36) -> 17 | AH37: =IF(OR(AI36="",AI36="O"),IF(MOD(ROW()-29,$E$19)=0,AH36+$C$19+(MOD(AH36+$C$19,5)=4),AH36),AH36) -> 17 | AJ37: =IF(OR(AK36="",AK36="O"),IF(MOD(ROW()-29,$E$20)=0,AJ36+$C$20+(MOD(AJ36+$C$20,5)=4),AJ36),AJ36) -> 50
A38: 22주차 | B38: 46375 | C38: =IF(OR(D37="",D37="O"),IF(MOD(ROW()-22,$E$6)=0,C37+$C$6+(MOD(C37+$C$6,5)=4),C37),C37) -> 102 | E38: =IF(OR(F37="",F37="O"),IF(MOD(ROW()-22,$E$5)=0,E37+$C$5+(MOD(E37+$C$5,5)=4),E37),E37) -> 107 | G38: =IF(OR(H37="",H37="O"),IF(MOD(ROW()-22,$E$7)=0,G37+$C$7+(MOD(G37+$C$7,5)=4),G37),G37) -> 55 | I38: =IF(OR(J37="",J37="O"),IF(MOD(ROW()-22,$E$8)=0,I37+$C$8+(MOD(I37+$C$8,5)=4),I37),I37) -> 38 | N38: =IF(OR(O37="",O37="O"),IF(MOD(ROW()-29,$E$9)=0,N37+$C$9+(MOD(N37+$C$9,5)=4),N37),N37) -> 71 | P38: =IF(OR(Q37="",Q37="O"),IF(MOD(ROW()-29,$E$10)=0,P37+$C$10+(MOD(P37+$C$10,5)=4),P37),P37) -> 53 | R38: =IF(OR(S37="",S37="O"),IF(MOD(ROW()-29,$E$11)=0,R37+$C$11+(MOD(R37+$C$11,5)=4),R37),R37) -> 182 | T38: =IF(OR(U37="",U37="O"),IF(MOD(ROW()-29,$E$12)=0,T37+$C$12+(MOD(T37+$C$12,5)=4),T37),T37) -> 150 | V38: =IF(OR(W37="",W37="O"),IF(MOD(ROW()-29,$E$13)=0,V37+$C$13+(MOD(V37+$C$13,5)=4),V37),V37) -> 55 | X38: =IF(OR(Y37="",Y37="O"),IF(MOD(ROW()-29,$E$14)=0,X37+$C$14+(MOD(X37+$C$14,5)=4),X37),X37) -> 30 | Z38: =IF(OR(AA37="",AA37="O"),IF(MOD(ROW()-29,$E$15)=0,Z37+$C$15+(MOD(Z37+$C$15,5)=4),Z37),Z37) -> 28 | AB38: =IF(OR(AC37="",AC37="O"),IF(MOD(ROW()-29,$E$16)=0,AB37+$C$16+(MOD(AB37+$C$16,5)=4),AB37),AB37) -> 55 | AD38: =IF(OR(AE37="",AE37="O"),IF(MOD(ROW()-29,$E$17)=0,AD37+$C$17+(MOD(AD37+$C$17,5)=4),AD37),AD37) -> 5 | AF38: =IF(OR(AG37="",AG37="O"),IF(MOD(ROW()-29,$E$18)=0,AF37+$C$18+(MOD(AF37+$C$18,5)=4),AF37),AF37) -> 18 | AH38: =IF(OR(AI37="",AI37="O"),IF(MOD(ROW()-29,$E$19)=0,AH37+$C$19+(MOD(AH37+$C$19,5)=4),AH37),AH37) -> 18 | AJ38: =IF(OR(AK37="",AK37="O"),IF(MOD(ROW()-29,$E$20)=0,AJ37+$C$20+(MOD(AJ37+$C$20,5)=4),AJ37),AJ37) -> 51
A39: 23주차 | B39: 46382 | C39: =IF(OR(D38="",D38="O"),IF(MOD(ROW()-22,$E$6)=0,C38+$C$6+(MOD(C38+$C$6,5)=4),C38),C38) -> 105 | E39: =IF(OR(F38="",F38="O"),IF(MOD(ROW()-22,$E$5)=0,E38+$C$5+(MOD(E38+$C$5,5)=4),E38),E38) -> 110 | G39: =IF(OR(H38="",H38="O"),IF(MOD(ROW()-22,$E$7)=0,G38+$C$7+(MOD(G38+$C$7,5)=4),G38),G38) -> 56 | I39: =IF(OR(J38="",J38="O"),IF(MOD(ROW()-22,$E$8)=0,I38+$C$8+(MOD(I38+$C$8,5)=4),I38),I38) -> 38 | N39: =IF(OR(O38="",O38="O"),IF(MOD(ROW()-29,$E$9)=0,N38+$C$9+(MOD(N38+$C$9,5)=4),N38),N38) -> 72 | P39: =IF(OR(Q38="",Q38="O"),IF(MOD(ROW()-29,$E$10)=0,P38+$C$10+(MOD(P38+$C$10,5)=4),P38),P38) -> 55 | R39: =IF(OR(S38="",S38="O"),IF(MOD(ROW()-29,$E$11)=0,R38+$C$11+(MOD(R38+$C$11,5)=4),R38),R38) -> 185 | T39: =IF(OR(U38="",U38="O"),IF(MOD(ROW()-29,$E$12)=0,T38+$C$12+(MOD(T38+$C$12,5)=4),T38),T38) -> 152 | V39: =IF(OR(W38="",W38="O"),IF(MOD(ROW()-29,$E$13)=0,V38+$C$13+(MOD(V38+$C$13,5)=4),V38),V38) -> 56 | X39: =IF(OR(Y38="",Y38="O"),IF(MOD(ROW()-29,$E$14)=0,X38+$C$14+(MOD(X38+$C$14,5)=4),X38),X38) -> 31 | Z39: =IF(OR(AA38="",AA38="O"),IF(MOD(ROW()-29,$E$15)=0,Z38+$C$15+(MOD(Z38+$C$15,5)=4),Z38),Z38) -> 28 | AB39: =IF(OR(AC38="",AC38="O"),IF(MOD(ROW()-29,$E$16)=0,AB38+$C$16+(MOD(AB38+$C$16,5)=4),AB38),AB38) -> 56 | AD39: =IF(OR(AE38="",AE38="O"),IF(MOD(ROW()-29,$E$17)=0,AD38+$C$17+(MOD(AD38+$C$17,5)=4),AD38),AD38) -> 6 | AF39: =IF(OR(AG38="",AG38="O"),IF(MOD(ROW()-29,$E$18)=0,AF38+$C$18+(MOD(AF38+$C$18,5)=4),AF38),AF38) -> 18 | AH39: =IF(OR(AI38="",AI38="O"),IF(MOD(ROW()-29,$E$19)=0,AH38+$C$19+(MOD(AH38+$C$19,5)=4),AH38),AH38) -> 18 | AJ39: =IF(OR(AK38="",AK38="O"),IF(MOD(ROW()-29,$E$20)=0,AJ38+$C$20+(MOD(AJ38+$C$20,5)=4),AJ38),AJ38) -> 52
A40: 24주차 | B40: 46389 | C40: =IF(OR(D39="",D39="O"),IF(MOD(ROW()-22,$E$6)=0,C39+$C$6+(MOD(C39+$C$6,5)=4),C39),C39) -> 107 | E40: =IF(OR(F39="",F39="O"),IF(MOD(ROW()-22,$E$5)=0,E39+$C$5+(MOD(E39+$C$5,5)=4),E39),E39) -> 112 | G40: =IF(OR(H39="",H39="O"),IF(MOD(ROW()-22,$E$7)=0,G39+$C$7+(MOD(G39+$C$7,5)=4),G39),G39) -> 57 | I40: =IF(OR(J39="",J39="O"),IF(MOD(ROW()-22,$E$8)=0,I39+$C$8+(MOD(I39+$C$8,5)=4),I39),I39) -> 40 | N40: =IF(OR(O39="",O39="O"),IF(MOD(ROW()-29,$E$9)=0,N39+$C$9+(MOD(N39+$C$9,5)=4),N39),N39) -> 73 | P40: =IF(OR(Q39="",Q39="O"),IF(MOD(ROW()-29,$E$10)=0,P39+$C$10+(MOD(P39+$C$10,5)=4),P39),P39) -> 56 | R40: =IF(OR(S39="",S39="O"),IF(MOD(ROW()-29,$E$11)=0,R39+$C$11+(MOD(R39+$C$11,5)=4),R39),R39) -> 187 | T40: =IF(OR(U39="",U39="O"),IF(MOD(ROW()-29,$E$12)=0,T39+$C$12+(MOD(T39+$C$12,5)=4),T39),T39) -> 152 | V40: =IF(OR(W39="",W39="O"),IF(MOD(ROW()-29,$E$13)=0,V39+$C$13+(MOD(V39+$C$13,5)=4),V39),V39) -> 56 | X40: =IF(OR(Y39="",Y39="O"),IF(MOD(ROW()-29,$E$14)=0,X39+$C$14+(MOD(X39+$C$14,5)=4),X39),X39) -> 31 | Z40: =IF(OR(AA39="",AA39="O"),IF(MOD(ROW()-29,$E$15)=0,Z39+$C$15+(MOD(Z39+$C$15,5)=4),Z39),Z39) -> 28 | AB40: =IF(OR(AC39="",AC39="O"),IF(MOD(ROW()-29,$E$16)=0,AB39+$C$16+(MOD(AB39+$C$16,5)=4),AB39),AB39) -> 56 | AD40: =IF(OR(AE39="",AE39="O"),IF(MOD(ROW()-29,$E$17)=0,AD39+$C$17+(MOD(AD39+$C$17,5)=4),AD39),AD39) -> 6 | AF40: =IF(OR(AG39="",AG39="O"),IF(MOD(ROW()-29,$E$18)=0,AF39+$C$18+(MOD(AF39+$C$18,5)=4),AF39),AF39) -> 18 | AH40: =IF(OR(AI39="",AI39="O"),IF(MOD(ROW()-29,$E$19)=0,AH39+$C$19+(MOD(AH39+$C$19,5)=4),AH39),AH39) -> 18 | AJ40: =IF(OR(AK39="",AK39="O"),IF(MOD(ROW()-29,$E$20)=0,AJ39+$C$20+(MOD(AJ39+$C$20,5)=4),AJ39),AJ39) -> 53
A41: 25주차 | B41: 46396 | C41: =IF(OR(D40="",D40="O"),IF(MOD(ROW()-22,$E$6)=0,C40+$C$6+(MOD(C40+$C$6,5)=4),C40),C40) -> 110 | E41: =IF(OR(F40="",F40="O"),IF(MOD(ROW()-22,$E$5)=0,E40+$C$5+(MOD(E40+$C$5,5)=4),E40),E40) -> 115 | G41: =IF(OR(H40="",H40="O"),IF(MOD(ROW()-22,$E$7)=0,G40+$C$7+(MOD(G40+$C$7,5)=4),G40),G40) -> 58 | I41: =IF(OR(J40="",J40="O"),IF(MOD(ROW()-22,$E$8)=0,I40+$C$8+(MOD(I40+$C$8,5)=4),I40),I40) -> 40 | N41: =IF(OR(O40="",O40="O"),IF(MOD(ROW()-29,$E$9)=0,N40+$C$9+(MOD(N40+$C$9,5)=4),N40),N40) -> 75 | P41: =IF(OR(Q40="",Q40="O"),IF(MOD(ROW()-29,$E$10)=0,P40+$C$10+(MOD(P40+$C$10,5)=4),P40),P40) -> 57 | R41: =IF(OR(S40="",S40="O"),IF(MOD(ROW()-29,$E$11)=0,R40+$C$11+(MOD(R40+$C$11,5)=4),R40),R40) -> 190 | T41: =IF(OR(U40="",U40="O"),IF(MOD(ROW()-29,$E$12)=0,T40+$C$12+(MOD(T40+$C$12,5)=4),T40),T40) -> 155 | V41: =IF(OR(W40="",W40="O"),IF(MOD(ROW()-29,$E$13)=0,V40+$C$13+(MOD(V40+$C$13,5)=4),V40),V40) -> 57 | X41: =IF(OR(Y40="",Y40="O"),IF(MOD(ROW()-29,$E$14)=0,X40+$C$14+(MOD(X40+$C$14,5)=4),X40),X40) -> 32 | Z41: =IF(OR(AA40="",AA40="O"),IF(MOD(ROW()-29,$E$15)=0,Z40+$C$15+(MOD(Z40+$C$15,5)=4),Z40),Z40) -> 30 | AB41: =IF(OR(AC40="",AC40="O"),IF(MOD(ROW()-29,$E$16)=0,AB40+$C$16+(MOD(AB40+$C$16,5)=4),AB40),AB40) -> 57 | AD41: =IF(OR(AE40="",AE40="O"),IF(MOD(ROW()-29,$E$17)=0,AD40+$C$17+(MOD(AD40+$C$17,5)=4),AD40),AD40) -> 7 | AF41: =IF(OR(AG40="",AG40="O"),IF(MOD(ROW()-29,$E$18)=0,AF40+$C$18+(MOD(AF40+$C$18,5)=4),AF40),AF40) -> 20 | AH41: =IF(OR(AI40="",AI40="O"),IF(MOD(ROW()-29,$E$19)=0,AH40+$C$19+(MOD(AH40+$C$19,5)=4),AH40),AH40) -> 20 | AJ41: =IF(OR(AK40="",AK40="O"),IF(MOD(ROW()-29,$E$20)=0,AJ40+$C$20+(MOD(AJ40+$C$20,5)=4),AJ40),AJ40) -> 55
... A51: 35주차 | B51: 46466 | C51: =IF(OR(D50="",D50="O"),IF(MOD(ROW()-22,$E$6)=0,C50+$C$6+(MOD(C50+$C$6,5)=4),C50),C50) -> 135 | E51: =IF(OR(F50="",F50="O"),IF(MOD(ROW()-22,$E$5)=0,E50+$C$5+(MOD(E50+$C$5,5)=4),E50),E50) -> 140 | G51: =IF(OR(H50="",H50="O"),IF(MOD(ROW()-22,$E$7)=0,G50+$C$7+(MOD(G50+$C$7,5)=4),G50),G50) -> 71 | I51: =IF(OR(J50="",J50="O"),IF(MOD(ROW()-22,$E$8)=0,I50+$C$8+(MOD(I50+$C$8,5)=4),I50),I50) -> 46 | N51: =IF(OR(O50="",O50="O"),IF(MOD(ROW()-29,$E$9)=0,N50+$C$9+(MOD(N50+$C$9,5)=4),N50),N50) -> 87 | P51: =IF(OR(Q50="",Q50="O"),IF(MOD(ROW()-29,$E$10)=0,P50+$C$10+(MOD(P50+$C$10,5)=4),P50),P50) -> 70 | R51: =IF(OR(S50="",S50="O"),IF(MOD(ROW()-29,$E$11)=0,R50+$C$11+(MOD(R50+$C$11,5)=4),R50),R50) -> 215 | T51: =IF(OR(U50="",U50="O"),IF(MOD(ROW()-29,$E$12)=0,T50+$C$12+(MOD(T50+$C$12,5)=4),T50),T50) -> 167 | V51: =IF(OR(W50="",W50="O"),IF(MOD(ROW()-29,$E$13)=0,V50+$C$13+(MOD(V50+$C$13,5)=4),V50),V50) -> 63 | X51: =IF(OR(Y50="",Y50="O"),IF(MOD(ROW()-29,$E$14)=0,X50+$C$14+(MOD(X50+$C$14,5)=4),X50),X50) -> 38 | Z51: =IF(OR(AA50="",AA50="O"),IF(MOD(ROW()-29,$E$15)=0,Z50+$C$15+(MOD(Z50+$C$15,5)=4),Z50),Z50) -> 33 | AB51: =IF(OR(AC50="",AC50="O"),IF(MOD(ROW()-29,$E$16)=0,AB50+$C$16+(MOD(AB50+$C$16,5)=4),AB50),AB50) -> 63 | AD51: =IF(OR(AE50="",AE50="O"),IF(MOD(ROW()-29,$E$17)=0,AD50+$C$17+(MOD(AD50+$C$17,5)=4),AD50),AD50) -> 13 | AF51: =IF(OR(AG50="",AG50="O"),IF(MOD(ROW()-29,$E$18)=0,AF50+$C$18+(MOD(AF50+$C$18,5)=4),AF50),AF50) -> 23 | AH51: =IF(OR(AI50="",AI50="O"),IF(MOD(ROW()-29,$E$19)=0,AH50+$C$19+(MOD(AH50+$C$19,5)=4),AH50),AH50) -> 23 | AJ51: =IF(OR(AK50="",AK50="O"),IF(MOD(ROW()-29,$E$20)=0,AJ50+$C$20+(MOD(AJ50+$C$20,5)=4),AJ50),AJ50) -> 67
A53: · 공란 또는 O = 계획대로 증량. 그 밖의 입력(반복수 · X) = 그 중량을 다음 주에도 유지.
A54: · 6주차 중량은 '시작중량_설정' 시트 D열과 연동됨. 여기서 직접 수정하지 말 것.
A55: · 같은 종목에 X가 3주 연속이면 그 종목만 10%% 디로드 후 재상승.
A57: · 증량폭을 종목별로 나눈 이유: 절대값이 같아도 부담이 전혀 다르다.
A58: · 26kg 프레스에 1kg은 3.8% 증가지만, 105kg 데드에 2.5kg은 2.4%다. 프레스만 격주인 것이 그 때문이다 — 매주 올리면 주 1.25kg으로 지금의 2.5배가 된다.
A59: · 균일 증량을 쓰면 작은 종목만 비현실적으로 빨리 오르고 큰 종목은 제자리에 머문다.
A60: · 하체 주 2.5kg이 커 보이지만 복귀 구간 첫 두세 달은 정상 범위다. 근력을 새로 만드는 것이 아니라 되찾는 구간이기 때문.
A61: · 이 속도가 버거워지면(X가 반복되면) 위 증량 폭을 절반으로 내리거나 증량 주기를 2로 바꾼다.
A62: · 미달 시 반복수: X 대신 마지막 세트에서 실제로 나온 횟수를 적는다. 5회 목표에 4와 2는 전혀 다른 신호다.
A63: · 다음날 피로 0~5 (L열): 0 가뿐 · 3 뻐근하지만 훈련 가능 · 5 탈진. 다음 세션 아침에 적는다.
A64: · 관절 이상 (M열): 없으면 비워둔다. 있을 때만 부위와 0~10 (예: 무릎 3).
A65: · 기억으로 소급해 채우지 말 것 — 없는 데이터보다 지어낸 데이터가 나쁘다. 모르는 주는 비워둔다.
A66: · 이 두 칸이 3주 쌓이기 전에는 볼륨을 올릴 근거가 없다. 검산표의 하한 미달은 근거가 아니다.

Sheet 9월이후조정
A1: 9월 이후 — 현장 복귀 시 조정
A2: 이 프로그램은 재택 = 생활 부하 0 전제. 현장 복귀 시 그대로 쓰면 과부하 — 다만 목표는 유지가 아니라 완만한 성장이다.
A4: 부위 / 항목 | B4: 조정 | C4: 이유
A5: 등 | B5: 감축 | C5: 일이 하루 종일 채움 — 들고 · 당기고 · 버티는 동작 전부
A6: 하체 | B6: 감축 | C6: 서 있기 · 걷기로 이미 볼륨 누적
A7: 기립근 | B7: 대폭 감축 | C7: 데드 주 1회 유지가 상한. 현장 일이 허리를 이미 소모시킴
A8: 프레싱 (벤치 · 프레스) | B8: 유지 | C8: 현장 일이 채워주지 않는 유일한 영역
A9: 후면 삼각근 · 코어 | B9: 유지 | C9: 당기고 버티는 동작만으로는 안 채워짐
A10: 빈도 | B10: 주 6회 → 주 4회 | C10: 12시간 근무일과 그 다음날은 회피. 요일이 유동이라 토 · 일만 고정한다
A11: 메인 리프트 배치 | B11: 12시간 근무일 회피 | C11: 허리가 안 돌아온 상태에서 치는 것이 가장 위험
A12: 판단 기준 | B12: 다음 근무일 아침 허리 상태 | C12: 뻐근하면 그 주 무게가 과했던 것. 어떤 프로그램 표보다 정확
A15: · 같은 프로그램이라도 생활 부하에 따라 적정선이 움직인다.
A16: · 지금은 빠르게 쌓는 시기, 복귀 후는 느리게 쌓는 시기다. 멈추는 시기가 아니다.
A17: · 재택 기간에 근력 베이스를 만들어두면 복귀 후에는 좁은 자리(벤치 · 스쿼트)만 밀어도 3대가 올라간다.
A19: · 헬스보다 중요한 것: 일하는 중간의 움직임. 50분 앉으면 5분 일어나기, 하루 30분 걷기.
A20: · 헬스는 하루 1시간이고 앉아 있는 건 8시간 — 총량으로 보면 앉은 시간이 이긴다.
A22: → 실제 요일 배치와 종목표는 '복귀_주간계획' 이하 4개 탭에 작성됨.
A24: 9월 전 완충 구간 (v15 추가)
A25: · 재택 161세트 → 복귀 120세트 (75%). 유지 하한 밴드(54~80) 위에 두어 성장 여지를 남겼다.
A26: · 복귀 2~3주 전을 완충 구간으로 둘 것 — 주 4회 · 약 130세트로 한 단계 걸치고 내려간다.
A27: · 감축 순서: 팔 전용 → 전완 → 등 · 하체 보조 종목. 메인 리프트와 프레싱은 마지막까지 유지.
A28: · 완충 구간에서 중량은 내리지 않는다. 볼륨만 줄이고 강도를 유지해야 근력이 남는다.
A30: · 복귀_주간계획의 현재 수치: 161 → 120세트 · 주 296분. 주 4회 2분할 · 성장선 · 6~8주마다 디로드.

Sheet 복귀_주간계획
A1: 복귀 버전 — 주간 계획 (주 6회 · 요일 고정 · 성장선)
A2: 토요일 시작 · 금요일 하루 휴식 · 큰 부위는 세션 앞에, 어깨와 팔은 세션 후반부에
A3: 어깨는 토 · 월 · 수 · 팔은 일 · 화 · 목 — 이틀 간격으로 엇갈린다
A5: 요일 | B5: 블록 | C5: 고정 | D5: 훈련 | E5: 세트 | F5: 예상 시간 | G5: 비고
A6: 토 | B6: 하체 전면 | C6: 고정 | D6: 하체 전면(사두) · 어깨 전/측/후 | E6: =복귀_토_하체전면!$E$31 -> 47 | F6: 약 111분 | G6: 스쿼트 5×5가 앞, 어깨 블록이 4~7번(프레스 · 업라이트 로우 · 레터럴 · 리버스 펙덱). 금요일 휴식 다음날이라 주 전체에서 가장 신선하다. 레그 컬 · 이너 · 아우터 · 카프는 어깨와 경쟁하지 않아 뒤로 보냈다 — 햄스트링 중량은 이 날이 가장 잘 나온다
A7: 일 | B7: 당기기 수평 | C7: 고정 | D7: 등 수평 당기기 · 팔 삼두/이두 | E7: =복귀_일_수평당기기!$E$23 -> 39 | F7: 약 89분 | G7: [2026-10-25] 스캡 슈러그 다음 하이로우(언더그립) 3 — 늘어난 위치 마무리. 무거운 로우 넷을 신선할 때 치는 날. 토요일 하체 전면 다음날이라 등 · 그립 · 기립근이 온전하다 — 스쿼트는 그 셋을 쓰지 않는다. 등 19 · 팔 6 · 전완 6(슈퍼세트) · 백 익스텐션 3이고 가슴이 없다
A8: 월 | B8: 가슴 A | C8: 고정 | D8: 가슴(상부 중심) · 어깨 측/후 · 복근 | E8: =복귀_월_가슴!$E$29 -> 37 | F8: 약 84분 | G8: 벤치 4×8이 앞(벤치만 8회다). 전면 삼각은 밀기 간접으로 5세트치가 차므로 어깨 블록에 프레스를 얹지 않는다. [2026-10-10] 화요일 복근 6(크런치 · 레그 레이즈)을 맨 뒤로 받았다 — 데드 전날을 비우려고
A9: 화 | B9: 팔 | C9: 고정 | D9: 고관절 고립(둔근 · 중둔근 · 내전근) · 사두 고립 · 팔 삼두/이두/전완 · 목 | E9: =복귀_화_팔!$E$24 -> 43 | F9: 약 88분 | G9: 사용자 지정으로 구성을 그대로 둔 날. 팔이 메인인 유일한 자리라 늘어난 구간 종목을 여기 뒀다. 전완 6(손등 아래는 2026-10-04부터 0 · 보류) · 목 6이 전부 이 날이고(복근 6은 2026-10-10 월요일로), 리스트 컬 손등 아래 ↔ 위는 슈퍼세트다. [2026-10-07] 수요일 고관절 고립 14세트(힙 쓰러스트 · 케이블 힙 외전 · 이너/아우터 SS)를 세션 맨 앞(1~4번)에 뒀다 — 처음엔 팔 뒤였고 같은 날 사용자 요청으로 앞으로 — 데드 전날이라 힙 쓰러스트 · 이너는 RIR 1~2
A10: 수 | B10: 하체 후면 | C10: 고정 | D10: 하체 후면(햄 · 둔) · 어깨 전/측/후 | E10: =복귀_수_하체후면!$E$39 -> 34 | F10: 약 89분 | G10: 데드 톱1 + 백오프2 · 레그 프레스는 발을 발판 위쪽에(둔근) · 원 레그 컬로 좌우 균형. 시티드 바벨 밀리터리 프레스가 어깨 블록 첫 종목 — 앞의 13세트가 전부 하체다. 2026-10-07 고관절 고립 14세트를 화요일로 보내 어깨 뒤엔 카프만 남았다
A11: 목 | B11: 당기기 수직 + 가슴 B | C11: 고정 | D11: 등 수직 당기기 · 가슴(상부 + 중하부) · 팔 | E11: =복귀_목_수직당기기!$E$25 -> 42 | F11: 약 95분 | G11: 데드 다음날이라 척추 부하가 거의 0인 수직 당기기만 둔다 — 친업은 매달리고 랫풀다운은 앉아서 고정된다. 그립이 지쳐 있으면 친업을 어시스트 머신으로. 가슴은 인클라인 벤치프레스(바벨) 3 + 플라이 7로 10이다. [2026-10-10] 등 · 가슴을 종목 단위로 번갈아 한다(1~6번) — 같은 근육에 종목 사이 휴식을 주려고. 맨 뒤에 전완 슈퍼세트 6 + 백 익스텐션 3 (데드 다음날이라 일요일보다 중량이 낮게 나오는 것이 정상 — 금지는 아니다)
A12: 금 | B12: 휴식 | C12: 고정 | D12: 휴식 | E12: 0 | F12: — | G12: 유일한 휴식일. 토요일에 스쿼트가 있으므로 휴식을 그 앞에 둔다
A13: 합계 | E13: =SUM(E6:E12) -> 242 | F13: 약 550분 (9시간 10분)
A15: [배치 논리]
A16: · 사용자 지정은 두 줄이다 — 토요일부터 출발하고, 어깨 · 팔을 세션 후반부에 둔다. 나머지는 그 두 줄에서 따라 나왔다.
A17: · 어깨는 토 · 월 · 수, 팔은 일 · 화 · 목. 이틀 간격으로 정확히 엇갈려 어느 쪽도 이틀 연속이 되지 않는다.
A18: · 큰 부위 셋을 둘로 쪼갰다 — 하체는 전면(토) / 후면(수), 등은 수평(일) / 수직(목), 가슴은 상부(월) / 중하부(목).
A19: · [2026-10-02 정정] 등을 가른 축은 움직임 평면이다 — 재택 1일차 '당기기 A (수직)' · 6일차 '당기기 B (수평)'과 같다(사용자 지정). 초안에서는 근육군으로 갈랐고(일=광배 전담 · 목=승모중부 전담) 그 근거로 2026-09-04 '주동근은 팔꿈치 경로가 정한다'를 들었는데, 그 원칙은 세트검산의 근육군 분류 규칙이고 날을 어떻게 가르라는 말이 아니었다 — 두 축을 뒤섞은 것이다.
A20: · 평면 분할이 실제로 더 맞다. 근육군으로 가르면 '광배 주 1회'로 적히지만 목요일 로우 셋이 전부 광배를 쓴다(간접계수맵에 광배 0.5가 달려 있다) — 어느 쪽도 쉬지 못하면서 장부상으로만 주 1회가 된다. 평면으로 가르면 어깨 신전 ↔ 수평 외전 + 견갑 후인이라는 실제로 다른 관절 동작이 갈린다.
A21: · 그래서 두 날 모두 광배와 승모 중부가 섞여 있다 — 광배 일 3 / 목 11 · 승모 중부 일 10 / 목 3. 근육군은 여전히 팔꿈치 경로로 매긴다 — 날 분할과 근육군 분류는 다른 축이고 둘을 섞지 않는다. 발 높은 레그 프레스가 햄스트링이 아니라 둔근으로 계상되는 것이 후자의 예다.
A22: · [2026-10-02 같은 날 재배치] 어느 평면을 어느 날에 둘지는 사용자가 정했다 — '수평이 강도가 더 쎈 것 같아서 집중적으로 공략하고 싶다'. 일요일 = 수평 · 목요일 = 수직이다(재택은 순서가 반대다).
A23: · 근거가 전날에 있다. 일요일은 토요일(하체 전면) 다음날이고 스쿼트는 등 · 그립 · 기립근을 쓰지 않아 등이 온전하다. 목요일은 수요일(데드 + 루마니안) 다음날이라 그 셋이 전부 지쳐 있다 — 거기서 무거운 로우를 치면 등이 아니라 그립과 허리가 먼저 막힌다.
A24: · 결과로 무거운 로우 7세트(바벨 4 · 해머 3)가 데드 다음날에서 완전히 빠졌고, 목요일에 남은 당기기는 척추 부하가 거의 0이다. 주간 척추 부하 순서 — 토 스쿼트(높음) → 일 0(2026-10-11 인클라인 덤벨 로우 — 가슴 지지) → 월 · 화 0 → 수 데드 + 루마니안(최고) → 목 수직 당기기(거의 0) → 금 휴식.
A25: · 페이스풀만 수직 날에 남겼다 — 재택도 수직 날에 두고, 이것이 없으면 승모 중부가 일요일 주 1회가 된다.
A26: · [2026-10-02 보강] 햄스트링도 주 2회로 쪼갰다 — 토요일 4(레그 컬) + 수요일 6(루마니안 3 · 원 레그 컬 3). 사두만 주 1회로 남는데 스쿼트 5×5가 한 날을 다 쓰기 때문이다. 대신 수요일 레그 프레스가 사두에 간접 1.5세트치를 얹어 노출은 주 2회가 됐다.
... A105: · 디로드는 6~8주마다 한 주. 세트를 절반으로 내리고 중량은 그대로 둔다 (복귀_증량원칙 참조).

Sheet 복귀_토_하체전면
A1: 토요일 — 하체 전면 · 어깨 (전/측/후)
A4: 메인: 스쿼트
A5: 중량(Kg) | B5: 반복 | C5: 세트
A6: =MAX(20,(MROUND(시작중량_설정!$E$7*0.4,1)+(MOD(MROUND(시작중량_설정!$E$7*0.4,1),5)=4))) -> 30 | B6: 5 | C6: 2
A7: =IF(MAX(20,(MROUND(시작중량_설정!$E$7*0.6,1)+(MOD(MROUND(시작중량_설정!$E$7*0.6,1),5)=4)))<=MAX(20,(MROUND(시작중량_설정!$E$7*0.4,1)+(MOD(MROUND(시작중량_설정!$E$7*0.4,1),5)=4))),"생략",MAX(20,(MROUND(시작중량_설정!$E$7*0.6,1)+(MOD(MROUND(시작중량_설정!$E$7*0.6,1),5)=4)))) -> 45 | B7: 5 | C7: 1
A8: =IF(MAX(20,(MROUND(시작중량_설정!$E$7*0.75,1)+(MOD(MROUND(시작중량_설정!$E$7*0.75,1),5)=4)))<=MAX(20,(MROUND(시작중량_설정!$E$7*0.6,1)+(MOD(MROUND(시작중량_설정!$E$7*0.6,1),5)=4))),"생략",MAX(20,(MROUND(시작중량_설정!$E$7*0.75,1)+(MOD(MROUND(시작중량_설정!$E$7*0.75,1),5)=4)))) -> 56 | B8: 3 | C8: 1
A9: =IF(MAX(20,(MROUND(시작중량_설정!$E$7*0.9,1)+(MOD(MROUND(시작중량_설정!$E$7*0.9,1),5)=4)))<=MAX(20,(MROUND(시작중량_설정!$E$7*0.75,1)+(MOD(MROUND(시작중량_설정!$E$7*0.75,1),5)=4))),"생략",MAX(20,(MROUND(시작중량_설정!$E$7*0.9,1)+(MOD(MROUND(시작중량_설정!$E$7*0.9,1),5)=4)))) -> 68 | B9: 2 | C9: 1
A10: =시작중량_설정!$E$7 -> 75 | B10: 5 | C10: 5
A12: 웜업 — 회전근개 (세트 카운트 제외 · 어깨 블록 직전에)
A13: · 스쿼트 램프와 따로다. 하체 3종목을 끝내고 어깨 블록(4~6번)에 들어가기 직전에 넣는다 — 그래야 식지 않는다.
A14: · 케이블 외회전 2세트 × 12~15회. 팔꿈치 90도로 접어 옆구리에 붙이고 바깥으로만 회전. 매우 가볍게 — 2.5~5kg. 무거우면 광배와 후면 삼각근이 대신 일하며 목적을 잃는다.
A15: · [2026-10-02 보충] 어깨 보조가 11세트 이어지는 날인데 이 블록이 빠져 있었다. 일 · 월 · 목에는 있었다.
A16: · 근비대 항목이 아니라 관절 준비 항목이므로 세트 합계에 넣지 않는다.
A18: 운동 구성
A19: # | B19: 종목 | C19: 근육군 | D19: 중량(Kg) | E19: 세트 | F19: 횟수 | G19: 수행(초) | H19: 휴식(초) | I19: 종목 분 | J19: 메모 | K19: 대체 종목 | L19: 세트별 휴식(초) | M19: 슈퍼세트 | N19: 드롭(초)
A20: 1 | B20: 스쿼트 | C20: 대퇴사두 | D20: =시작중량_설정!$E$7 -> 75 | E20: 5 | F20: 5 | G20: 30 | H20: 180 | I20: =IF(E20=0,0,ROUND((E20*(G20+H20)+N20)/60,1)) -> 17.5 | J20: 매주 미는 세 리프트 중 하나. 금요일 휴식 다음날이라 주 전체에서 가장 신선한 자리다. 실패지점 3~4회 남기고 멈춘다. | K20: 레그 프레스 (허리 부담 시 1순위) / 스미스 스쿼트 / 핵 스쿼트 | L20: 150/165/180/195/210
A21: 2 | B21: 레그 프레스 | C21: 대퇴사두 | D21: =시작중량_설정!$E$13 -> 160 | E21: 4 | F21: 10 | G21: 45 | H21: 150 | I21: =IF(E21=0,0,ROUND((E21*(G21+H21)+N21)/60,1)) -> 13 | J21: [2026-10-23 사용자 결정] 10회 × 4세트 고정 · 매주 +2kg 자동(13주차 160kg에서 출발 · 증량기록 R열). 10회를 못 채운 주는 S열에 마지막 세트 반복수를 적고 같은 무게를 한 번 더. 2주 연속 미달이면 선형을 멈추고 범위 방식으로 돌아간다. 스쿼트 바로 뒤라 다리가 신선하다 — 무게가 커서 +1은 0.6%라 +2. 스쿼트 뒤 사두 볼륨. 발 위치를 높이면 둔근 쪽으로, 낮추면 사두 쪽으로 간다 — 이 자리는 낮게 둔다. | K21: 핵 스쿼트 / 45도 레그 프레스 / 스미스 스쿼트
A22: 3 | B22: 머신 숄더 프레스 | C22: 삼각근(전면) | D22: 30 | E22: 4 | F22: 8~12 | G22: 40 | H22: 120 | I22: =IF(E22=0,0,ROUND((E22*(G22+H22)+N22)/60,1)) -> 10.7 | J22: 어깨 블록 첫째. 궤도 고정이라 하체 12세트 뒤에도 안정화 부담이 없다. 증량을 추적하는 쪽은 수요일 시티드 바벨 밀리터리 프레스이고 이 자리는 볼륨용이다. | K22: 덤벨 숄더 프레스 / 스미스 오버헤드 프레스
A23: 4 | B23: 와이드 그립 업라이트 로우 | C23: 삼각근(측면) | D23: 20 | E23: 3 | F23: 10~12 | G23: 40 | H23: 90 | I23: =IF(E23=0,0,ROUND((E23*(G23+H23)+N23)/60,1)) -> 6.5 | J23: [동작] 오버그립 · 어깨너비 1.5배(좁으면 승모 · 어깨 충돌) · 꼿꼿이 서서 바를 몸에 붙인 채 · 팔꿈치가 손보다 먼저 · 늘 손보다 높게 올라간다 · 팔꿈치가 어깨 높이(상완이 바닥과 수평)에서 멈춘다 — 바는 명치~가슴 아래 · 으쓱 금지 · 손목은 꺾지 않고 일자 · 반동 없이, 내릴 때 2초로 팔이 다 펴질 때까지. 자극이 어깨 옆이면 맞고, 목 · 승모면 그립이 좁거나 너무 높이 올린 것이다. 어깨 앞 · 위가 찝히는 통증이면 바로 멈추고 그립을 넓히거나 높이를 낮춘다 — 그래도 찝히면 케이블 업라이트 로우로. [2026-10-06 사용자 결정 — 다양성] 덤벨 레터럴 6세트 중 3을 이 종목으로 — 측면 중 가장 무겁게 다룰 수 있는 다관절이라 주 전체에서 가장 신선한 토요일에 둔다. 그립은 어깨너비의 1.5배, 팔꿈치가 손보다 먼저 올라가고 **어깨 높이에서 멈춘다** — 그 위로 들면 어깨 충돌 위험이 커지고 승모 상부로 넘어간다. 복합이라 고립(레터럴)보다 앞에 둔다. 중량 20은 출발값 — 첫 세션에 10~12회에 맞춰 적는다. | K23: 케이블 업라이트 로우 (일자 바) / 스미스 업라이트 로우 / 덤벨 업라이트 로우
A24: 5 | B24: 시티드 레터럴 레이즈 | C24: 삼각근(측면) | D24: 8 | E24: 3 | F24: 12~15 | G24: 40 | H24: 60 | I24: =IF(E24=0,0,ROUND((E24*(G24+H24)+N24)/60,1)) -> 6 | J24: [2026-10-06 사용자 결정 — 다양성] 6 → 3 — 앞 3세트를 와이드 그립 업라이트 로우로 나눴다. 측면 토 6 · 월 7 · 수 6 · 주 19 그대로. 업라이트 로우 뒤라 중량이 평소보다 한 칸 낮게 나와도 정상이다. 마지막 세트 드롭(+60초)은 이 종목에 남긴다. [2026-10-06 세션당 6세트 기준] 측면 삼각은 간접 자극이 2.0세트뿐이라 직접 세트로만 채워진다. | K24: 케이블 레터럴 레이즈 / 머신 레터럴 | N24: 60
A25: 6 | B25: 리버스 펙덱 | C25: 삼각근(후면) | D25: 30 | E25: 6 | F25: 12~15 | G25: 40 | H25: 60 | I25: =IF(E25=0,0,ROUND((E25*(G25+H25)+N25)/60,1)) -> 11 | J25: [2026-10-06 사용자 결정] 4 → 6 — 후면 직접 14 → 16 · 실질 18 → 20. 세션당 6세트 기준으로 6 아래인 날 중 금요일 휴식 다음날이라 가장 신선한 토요일을 골랐다(수요일은 데드 뒤 · 이미 가장 긴 날). 마지막 세트 드롭(+60초)은 그대로. 후면 삼각. 월요일 원암 케이블 리버스 플라이와 저항곡선이 갈린다 — 머신은 중간 구간, 케이블은 수축 끝단. 팔을 편 채 수평 외전만 한다 — 견갑 후인 · 외회전은 일요일 페이스풀이 맡는다. | K25: 케이블 리버스 플라이 / 리어 델트 로우 (로프) / 페이스풀 (로프) | N25: 60
A26: 7 | B26: 체스트 프레스 머신 프로트랙션 | C26: 전거근 | D26: — | E26: 2 | F26: 10~12 | G26: 40 | H26: 60 | I26: =IF(E26=0,0,ROUND((E26*(G26+H26)+N26)/60,1)) -> 3.3 | J26: [2026-10-24 사용자 결정 · 원암 케이블 서라투스 펀치에서 교체] 양팔 · 앉아서 · 궤도 고정. [동작] 손잡이가 가슴 한가운데 오게 시트 높이를 맞춘다 · 팔을 끝까지 편 채 시작 · 팔꿈치는 편 채로 고정하고 견갑골만 앞으로 밀어 손잡이가 3~5cm 더 나가게 · 끝에서 1초 · 날개뼈가 등에 붙을 때까지 천천히 돌아온다(팔꿈치 굽히면 체스트 프레스가 된다) · 어깨 으쓱 금지. 가동 범위가 짧은 게 정상이다. 첫날 12회가 되는 무게를 찾아 적는다 — 프레스 작업 무게보다 무겁게 나와도 이상하지 않다. ── 이전 메모: [2026-10-23 신설 · 사용자 결정] 전거근 직접 — 키우기 · 견갑골 안정화가 목적이다. 토 2 · 월 4 · 수 3 = 주 9(토요일은 이미 가장 무거운 날이라 2). 수평 · 서서. [동작] 도르래를 어깨 높이에 · 케이블을 등지고 한 팔을 앞으로 편 채 시작 · 팔꿈치는 끝까지 편 채로 견갑골만 앞으로 더 내민다 · 끝에서 1초 · 날개뼈가 등에 붙을 때까지 천천히 돌아온다 · 어깨를 으쓱하면 상부 승모가 일을 가져간다. 어깨 블록 뒤에 둔다 — 프레스 앞에서 전거근을 지치게 하면 프레스 중 견갑골이 흔들린다. | K26: 원암 케이블 서라투스 펀치 / 스미스 프로트랙션 / 인클라인 덤벨 프로트랙션
A27: 8 | B27: 이너 타이 | C27: 내전근 | D27: 41 | E27: 4 | F27: 12~15 | G27: 40 | H27: 10 | I27: =IF(E27=0,0,ROUND((E27*(G27+H27)+N27)/60,1)) -> 3.3 | J27: 아우터와 슈퍼세트. 같은 머신에서 핀만 옮기므로 휴식 10초가 전환 시간이다. | K27: 와이드 스탠스 레그 프레스 / 케이블 어덕션 | M27: A
A28: 9 | B28: 아우터 타이 (힙 외전) | C28: 중둔근 | D28: 59 | E28: 4 | F28: 12~15 | G28: 40 | H28: 120 | I28: =IF(E28=0,0,ROUND((E28*(G28+H28)+N28)/60,1)) -> 10.7 | J28: 관상면 외전. 어깨와 경쟁하지 않는 고립이라 어깨 블록 뒤로 보냈다. | K28: 힙 어브덕션 머신 (겸용 머신이 없을 때) / 케이블 힙 외전 | M28: A
A29: 10 | B29: 시티드 카프 레이즈 | C29: 종아리 | D29: 16 | E29: 6 | F29: 12~15 | G29: 40 | H29: 75 | I29: =IF(E29=0,0,ROUND((E29*(G29+H29)+N29)/60,1)) -> 11.5 | J29: 앉아서 하는 쪽 — 무릎이 굽어 가자미근 비중이 커진다. 수요일 스탠딩과 각도를 나눈다. | K29: 스탠딩 카프 레이즈 머신 / 레그 프레스 카프 레이즈
A30: 11 | B30: 시티드 레그 컬 | C30: 햄스트링 | D30: — | E30: 6 | F30: 10~12 | G30: 40 | H30: 120 | I30: =IF(E30=0,0,ROUND((E30*(G30+H30)+N30)/60,1)) -> 17.3 | J30: [2026-10-26 사용자 결정 · 라잉 레그 컬에서 교체 · 8번 → 맨 끝] 옆 센터(걸어서 2~3분)의 시티드 레그 컬. 고관절이 굽어 햄스트링이 늘어난 위치에서 일한다 — 같은 사람 다리 비교(Maeo 2021)에서 라잉보다 비대가 컸다(대퇴이두 장두 · 반건양근). 옆 센터를 한 번만 가려고 카프 뒤 맨 끝에 두고 거기서 끝낸다. 이너 · 아우터 · 시티드 카프(무릎 굽힘 → 가자미근)는 햄스트링을 거의 안 써서 뒤로 가도 중량 손해가 적다. 무게는 라잉 50과 이어지지 않는다 — 첫날 10~12회 무게를 찾아 적는다. 드롭 · 미세 단계(핀)는 그대로. [셋업] 무릎 축을 기구 회전축에 맞춘다 · 허벅지 패드를 꽉 눌러 엉덩이가 들리지 않게 · 상체를 살짝 앞으로 숙이면 더 늘어난다 · 올라올 때 2초로 끝까지 편다. 수요일은 원 레그 라잉 컬 그대로 — 고관절 편 자세라 서로 다른 길이에서 자극한다. ── 이전 메모: [2026-10-26 4 → 6 · 사용자 결정] 남은 세트 여유를 햄스트링에 — 세션당 6 기준까지. 불가리안 스플릿 스쿼트도 검토했으나 햄스트링 길이가 거의 안 바뀌고 세트당 전신 피로가 커서 고립으로 채웠다. 수요일은 루마니안 3 · 원 레그 컬 3으로 이미 6이라 토요일에 얹는다. [2026-10-02 추가 — 사용자 지적, 같은 날 수요일 원 레그 컬과 자리 교환] 전면 하체만 12세트인 날에 햄스트링이 0이었다. 이 4세트로 햄스트링이 주 1회 → 2회가 된다(여기 4 + 수요일 6). 이 날이 중량을 밀기에 가장 좋은 자리다 — 토요일엔 햄스트링을 직접 쓰는 종목이 하나도 없어 누적 24세트를 지나도 햄스트링 자체는 국소로 신선하다. 중량은 전신 피로가 아니라 국소 피로가 정한다. 그래서 후반 고립 블록의 첫 자리를 줬다. | K30: 라잉 레그 컬 (본 센터 · 이동 없이) / 노르딕 햄 컬 (맨몸) | N30: 75
D31: 세트 합계 | E31: =SUM(E20:E30) -> 47 | I31: =ROUND(SUM(I20:I30),0) -> 111
A33: [배치 이유]
A34: · 어깨 · 팔을 세션 후반부에 두는 것이 이 개편의 전제다 (2026-10-02 사용자 지정). 큰 부위를 신선할 때 먼저 치고, 어깨 · 팔은 그 뒤에 붙인다.
A35: · 하체를 전면 · 후면으로 갈라 토요일이 사두 전담이 됐다. 스쿼트 · 레그 프레스 · 익스텐션 12세트로 사두 주간 세트가 한 날에 다 들어간다. [2026-10-09] 레그 익스텐션 3은 화요일로 갔다(사용자 결정) — 사두 직접이 토 9 · 화 3으로 주 2회가 됐다.
A36: · 어깨 블록을 4~7번에 둔 이유 — 레그 컬 · 이너 · 아우터 타이 · 카프는 어깨와 경쟁하지 않는 고립이라 뒤로 보냈다. 어깨가 세션 맨 끝에 오면 하체 고립 15세트를 더 지나야 하고, 그 자리에서는 레터럴 중량이 먼저 떨어진다.
A37: · 토요일에 어깨 세 방향(전 · 측 · 후)을 다 넣는 것이 사용자 지정이다. 전면은 머신 숄더, 측면은 덤벨 레터럴, 후면은 리버스 펙덱. 페이스풀은 2026-10-02에 여기 넣었다가 같은 날 일요일(당기기 수직)로 옮겼다 — 재택도 페이스풀을 당기기 날에 둔다.
A38: · [2026-10-02] 햄스트링 4세트를 더했다. 사두는 스쿼트 5×5 때문에 쪼갤 수 없어 주 1회지만 햄스트링은 쪼갤 수 있고, 전면 하체 날에 햄스트링이 0이면 무릎을 한쪽으로만 때리는 날이 된다.
A39: · [2026-10-02 같은 날 교환] 처음엔 원 레그 컬 3을 뒀는데 사용자 제안으로 수요일 양측 레그 컬과 바꿨다. 토요일엔 햄스트링을 직접 쓰는 종목이 없어 국소로 신선하므로 중량 종목(양측)이 맞고, 편측은 주의력이 필요해 누적이 적은 수요일 5번이 맞다. 둘 다 반대로 놓여 있었다.
A41: [세션 크기]
A42: · 45세트 · 약 109분. 세션 상한 26세트를 넘지만 고립 소근육 33세트(익스텐션 3 · 업라이트 로우 3 · 레터럴 3 · 리버스 펙덱 6 · 레그 컬 4 · 이너 4 · 아우터 4 · 카프 6)는 예외로 본다 — 실질 12세트다. 카프가 3 → 6으로 올라 38 → 41이 됐다 (2026-10-02 사용자가 엑셀에서 직접 조정). 2026-10-06 레터럴 4 → 6으로 43이 됐다(사용자 결정). 같은 날 리버스 펙덱 4 → 6으로 45가 됐다(사용자 결정). [2026-10-09] 레그 익스텐션 3을 화요일로 보내 43세트 · 약 102분이다(사용자 결정).
A43: · 세트로는 수요일(42)에 이어 둘째다. 그래도 주 4회 시절 토요일(43세트 · 107분)보다는 작다.
A44: · 웜업은 별도다. 스쿼트가 있는 날이므로 10~15분을 더 잡는다.
A46: 드롭 세트 (2026-10-02)
... A49: · N열 '드롭(초)'는 마지막 세트에 더해지는 시간이다. I열 종목 분에 합산되고, 앱 타이머는 마지막 세트를 그만큼 늘린 뒤 '드롭세트'라고 읊는다. E열 세트 수와 복귀_세트검산은 건드리지 않는다.
C51: [요청 원문 2026-10-02] 토요일부터 출발 · 토 하체 · 어깨 전면/후면/측면을 세트 후반부에 · 하체는 전면 후면 나누고 / 그래도 하체하는 날에 원레그컬 하나 정도는 있어야하는거 아냐??? / 아 원 레그 컬이랑 토요일 레그컬 자리 바꾸는거 어떻게 생각해? / 토요일 페이스풀 넣는게 안 낫겠나?

Sheet 복귀_일_수평당기기
A1: 일요일 — 당기기 (수평) · 팔
A4: 웜업 (세트 카운트 제외)
A5: · 이 날은 증량을 추적하는 메인 리프트가 없다. 첫 종목(해머 스트랭스 로우) 작업중량의 50%로 10회 · 75%로 5회, 두 세트면 램프가 끝난다.
A6: · 케이블 외회전 2세트 × 12~15회. 팔꿈치 90도로 접어 옆구리에 붙이고 바깥으로만 회전. 매우 가볍게 — 2.5~5kg. 무거우면 광배와 후면 삼각근이 대신 일하며 목적을 잃는다.
A7: · 둘 다 근비대 항목이 아니라 관절 준비 항목이므로 세트 합계에 넣지 않는다.
A9: 운동 구성
A10: # | B10: 종목 | C10: 근육군 | D10: 중량(Kg) | E10: 세트 | F10: 횟수 | G10: 수행(초) | H10: 휴식(초) | I10: 종목 분 | J10: 메모 | K10: 대체 종목 | L10: 세트별 휴식(초) | M10: 슈퍼세트 | N10: 드롭(초)
A11: 1 | B11: 해머 스트랭스 로우(오버그립) | C11: 승모(중부)·능형근 | D11: =시작중량_설정!$E$11 -> 60 | E11: 4 | F11: 8 | G11: 40 | H11: 150 | I11: =IF(E11=0,0,ROUND((E11*(G11+H11)+N11)/60,1)) -> 12.7 | J11: [2026-10-23 사용자 결정] 4×8 고정 · 매주 +1kg 자동(13주차 60kg에서 출발 · 증량기록 N열). 8회를 못 채운 주는 증량기록 O열에 마지막 세트 반복수를 적고 같은 무게를 한 번 더 든다. [2026-10-11 사용자 결정 · 1번으로] 늘어난 구간 담당 — 레버가 늘어난 위치에서도 팔을 앞으로 끌어 부하가 유지된다(덤벨은 바닥에서 부하가 거의 0). 내릴 때 견갑을 끝까지 빼서(전인) 1초 버틴 뒤, 견갑부터 모으며 당긴다. 6~8회 고중량 — 원판 1kg 격자로 증량을 추적하는 자리. [2026-10-11 실제 수행으로 정정] 상단 그립을 최대한 넓게 잡는다(오버그립). 팔꿈치가 몸통에서 70~80° 벌어진 채 뒤로 빠지고, 손잡이는 가슴 높이로 온다 — 주동근 승모 중부 · 능형근에 후면삼각 비중이 크다(계수 0.33). 패드는 가슴이 패드에서 떨어지지 않는 거리. (이전 메모 '손잡이가 아래쪽 갈비뼈~명치 · 팔꿈치는 몸통 옆을 지나 뒤로'는 팔꿈치를 붙이는 광배 경로라 분류와 어긋나 있었다.) | K11: 시티드 케이블 로우 (넓은 그립) / 머신 로우 / 티바 로우 | L11: 135/145/155/165
A12: 2 | B12: 인클라인 덤벨 로우(오버그립) | C12: 승모(중부)·능형근 | D12: 18 | E12: 3 | F12: 10~12 | G12: 40 | H12: 150 | I12: =IF(E12=0,0,ROUND((E12*(G12+H12)+N12)/60,1)) -> 9.5 | J12: [2026-10-11 사용자 결정 · 2번으로] 끝 수축 담당 — 덤벨은 팔이 수직으로 매달린 바닥에서 부하가 거의 0이고 당긴 끝에서 가장 무겁다 → 끝에서 1초 멈춘다. 10~12회. 1번 Iso-Lateral(팔꿈치 70~80°)과 각도 차이가 10°뿐이라 근육 배분은 같고 부하 구간만 다르다(사용자 지적). 벤치는 30°(20~30°) — 낮을수록 당기는 방향이 몸통에 수직인 진짜 수평 로우가 되고 수축 끝 부하가 커진다. 45° 이상이면 위로 끌어올리는 하이 로우가 되어 승모 상부가 끼어든다. 바닥에서 덤벨이 땅에 닿으면 벤치 다리를 원판 위에 올린다. [2026-10-11 사용자 결정] 스미스 바벨 로우(오버그립) → 인클라인 덤벨 로우(오버그립). 벤치에 가슴을 대고 턱은 벤치 끝 위로. 덤벨을 '- -'처럼 가로로 나란히 잡고(오버그립) 팔꿈치를 몸통에서 60~70° 벌려 당긴다 — 이 경로라야 주동근이 승모 중부 · 능형근으로 남는다. 팔꿈치를 옆구리에 붙이면 광배 종목이 되어(일요일 광배 6 → 10 · 승모 중부 −4) 이 자리의 의미가 바뀐다. 90°까지 벌리면 후면삼각 비중이 커진다. 팔꿈치가 몸통 선을 지날 때까지 당겨 1초 멈추고, 내릴 때 날개뼈를 앞으로 벌린다 — 바가 몸에 닿아 멈추던 스미스보다 수축 끝이 길다. 손목은 곧게. 어깨 앞이 찝히면 덤벨을 45°로 튼다. 바꾼 이유 — 가슴 지지라 상체를 숙여 버티는 햄스트링 · 기립근 부하가 0이다(데드 백오프 중 엉덩이 뒤 팝 관찰 중 · 전날 토요일 스쿼트). 중량은 한 손 기준 출발값이고 첫 세션에 10~12회로 맞춘다. 덤벨은 한 손 2kg씩 뛰므로 고정 증량 대신 12회를 채우면 다음 무게로(더블 프로그레션). 계수는 스미스 오버그립과 같다 — 이두 0.2 · 광배 0.5 · 후면 0.33 · 승모 상부 0.2 · 기립근 0. 무거워지면 스트랩 — 뒤로 해머 · 시티드 · 원암 로우 · 리스트 컬이 이어진다. | K12: 스미스 바벨 로우(오버그립) / 티바 로우 머신 (넓은 오버그립 핸들 · 엉덩이 뒤가 정리된 뒤) / 체스트 서포티드 로우 머신 | L12: 135/150/165
A13: 3 | B13: 시티드 케이블 로우 | C13: 광배 | D13: 55 | E13: 2 | F13: 8~12 | G13: 40 | H13: 120 | I13: =IF(E13=0,0,ROUND((E13*(G13+H13)+N13)/60,1)) -> 5.3 | J13: [2026-10-11 시험] 다음 일요일 이 2세트를 가운데가 솟은 각도 그립 바(손목 10°쯤 틀어진 거의 오버그립 · 어깨너비보다 살짝 좁게)로 해 본다. 10/11 원암 케이블 로우 마지막 세트에 이 바를 두 손으로 썼더니 겨드랑이 뒤 · 날개뼈 아래 모서리(대원근)에 처음 느끼는 자극이 왔다. 대원근은 원래 모든 당기기에서 광배와 같이 일한다 — 이 바는 위팔 내회전이 고정되고, 바가 몸에 늦게 닿아 팔꿈치가 몸통 뒤로 더 넘어가서 대원근 몫이 커질 뿐이다. 큐: 팔꿈치를 몸통 뒤로 끝까지. 고정 여부는 느낌이 다시 오느냐가 아니라 이 바로 중량 · 반복이 오르느냐로 정한다. 고정하면 계상은 광배 직접 그대로, 그립이 엎침에 가까우니 이두 계수만 0.33 → 0.2로 내린다. [2026-10-07 사용자 결정] 1 → 2 — 4번 원암 3 → 4와 함께 일요일 광배 직접 4 → 6(세션당 한 근육 6세트 기준 — 6 아래인 날만 6까지). 대원근 점검에서 나온 증설이다 — 대원근은 광배와 같은 관절 동작(어깨 신전 · 내전)이라 광배 줄로 같이 센다. [2026-10-04 사용자 요청] 원암 케이블 로우 4세트를 양팔 2 + 원암 2로 나눴다 — 재택 6일차(양팔 3 + 원암 2)와 같은 구조다. 양팔로 무게를 싣고, 이어지는 원암으로 좌우 차를 본다. 좁은 뉴트럴 그립(V바) · 팔꿈치를 몸에 붙여 당기므로 주동근은 광배다(팔꿈치 경로 원칙). 중량 50은 원암 25의 두 배에서 잡은 출발값이라 첫 세션에 8~12회에 맞춰 조정한다. 같은 스테이션에서 원암(D핸들)까지 이어지고, 5번 스캡 슈러그는 1번 해머 머신으로 돌아간다(2026-10-11). | K13: 머신 로우 (뉴트럴 그립) / 체스트 서포티드 로우 (뉴트럴) / 원암 케이블 로우 4세트로 합치기
A14: 4 | B14: 원암 케이블 로우 | C14: 광배 | D14: 32 | E14: 4 | F14: 8~12 (좌우) | G14: 60 | H14: 120 | I14: =IF(E14=0,0,ROUND((E14*(G14+H14)+N14)/60,1)) -> 12 | J14: [2026-10-07 사용자 결정] 3 → 4 — 3번 시티드 1 → 2와 함께 일요일 광배 직접 4 → 6. [2026-10-04 4 → 2] 앞 2세트를 3번 시티드 케이블 로우(양팔)로 나눴다 — 사용자 요청. 같은 스테이션에서 바를 D핸들로 바꿔 한 팔씩, 무게는 양팔의 절반에서 시작해 약한 쪽 기준으로 올린다. 반대 손은 기구를 잡아 몸통을 고정한다. 팔꿈치를 몸에 붙여 당기는 경로라 주동근이 광배다 — 평면으로 날을 가르고 근육군은 팔꿈치 경로로 매긴다(2026-09-04 원칙). 좌우 독립이라 약한 쪽이 드러난다. 이 날 광배 직접은 이것과 3번 시티드 케이블 로우(합 6)이고 나머지 12세트는 목요일(수직)에 있다. | K14: 원암 해머 스트랭스 로우 / 원암 덤벨 로우 (벤치 지지) / 머신 로우
A15: 5 | B15: 해머 스트랭스 스캡 슈러그(중립 그립) | C15: 승모(중부)·능형근 | D15: =시작중량_설정!$E$18 -> 50 | E15: 3 | F15: 15 | G15: 40 | H15: 75 | I15: =IF(E15=0,0,ROUND((E15*(G15+H15)+N15)/60,1)) -> 6.8 | J15: [2026-10-23 사용자 결정] 15회 × 3세트 고정 · 2주마다 +1kg 자동(13주차 50kg에서 출발 · 증량기록 AB열). 15회를 못 채운 주는 AC열에 마지막 세트 반복수를 적고 같은 무게를 한 번 더. 2주 연속 미달이면 선형을 멈추고 범위 방식으로 돌아간다. 무게는 원판만 센 값이다 — 봉 무게를 몰라도 1kg 격자 규칙이 맞는다. [2026-10-11 실제 수행으로 정정] 1번 해머 스트랭스(Iso-Lateral) 머신에서 손잡이를 옆으로(중립 그립) 잡고 한다. 가슴 패드가 몸통 반동을 막고, 레버가 팔을 앞으로 끌어 날개뼈를 끝까지 벌린 위치에서도 부하가 걸린다. 큐: 날개뼈를 앞으로 끝까지 벌린다 → 팔꿈치를 잠근 채 날개뼈만 등 가운데로 모은다 → 1초 멈췄다가 천천히 벌린다. 중립 그립은 팔꿈치가 굽기 쉽다 — 굽으면 로우가 된다. 드롭 유지: 마지막 세트 뒤 한쪽 원판을 빼고 바로 이어 간다. 중량은 원판식이라 케이블 45와 다르다 — 첫 세션에 12~15회로 맞춘다. 팔을 편 채 견갑만 후인한다 — 로우의 간접만으로는 능형근이 실패지점에 안 간다. | K15: 시티드 케이블 로우 스캡 슈러그(두번째 크기 바) / 페이스풀 (로프) / 리버스 펙덱 (팔 편 채로) | N15: 60
A16: 6 | B16: 하이로우 머신(언더그립) | C16: 광배 | D16: 60 | E16: 3 | F16: 12~15 | G16: 40 | H16: 90 | I16: =IF(E16=0,0,ROUND((E16*(G16+H16)+N16)/60,1)) -> 6.5 | J16: [2026-10-25 사용자 결정] 스캡 슈러그 다음 마무리 3세트 — 무게를 미는 종목이 아니라, 앞의 로우 넷이 무게를 맡고 지친 광배 · 대원근을 늘어난 위치에서 한 번 더 긁는 자리다(앞쪽 순서 · 강도는 그대로). 일요일에 손바닥이 천장을 보는 유일한 당기기: 어깨가 외회전된 채 팔이 위로 올라가, 내회전근인 광배 · 대원근이 길이와 회전 양쪽으로 늘어난다 — 10/25 첫 수행에서 스트레치 구간 대원근 신장감이 확실했다. 팔꿈치가 옆구리에 붙어 몸 옆으로 내려오는 경로라 주동근은 광배다(대원근은 광배 줄로 같이 센다 — 팔꿈치 경로 원칙). 큐: 위 스트레치에서 1~2초 멈춤 · 내릴 때 2~3초 · 팔이 아니라 팔꿈치로 끌어내린다(끝에서 팔로 당기면 이두가 먼저 지친다). RIR 1~2 · 드롭 없음 — 스트레치를 지키는 게 목적이라 폼이 무너지면 의미가 없다. 전 세트 15회면 한 칸. 60kg은 10/25 첫날 무게 — 이 자리(로우 다섯 뒤)에선 덜 나와도 정상이니 첫 세션에 12~15회로 맞춘다. 언더그립 + 하중이라 첫 2주는 팔꿈치 안쪽(이두 힘줄) 느낌을 확인. 그립이 지친 자리라 다음 트랩바 슈러그는 스트랩. 이 날 광배 직접 6 → 9 — 세션당 6세트 기준의 예외(사용자 결정 · 목요일까지 밤 4번이라 회복은 충분). 확인: 목요일 랫풀다운 · 친업 무게/반복이 떨어지거나 목요일까지 광배 뻐근함이 남으면 다시 본다(2주). | K16: 랫풀다운 (언더그립 · 좁게) / 원암 하이 케이블 로우 (손바닥 위) / 시티드 케이블 로우 (언더그립)
A17: 7 | B17: 트랩바 슈러그 | C17: 승모(상부) | D17: 20 | E17: 3 | F17: 10~12 | G17: 40 | H17: 90 | I17: =IF(E17=0,0,ROUND((E17*(G17+H17)+N17)/60,1)) -> 6.5 | J17: [2026-10-02 신설] 복귀판에 승모 상부 직접이 0이었다. 현장 근무가 하루치를 얹어주던 것이 끝났으므로 재택 6일차 종목을 그대로 가져왔다 — 재택도 수평 날에 둔다. 트랩바라 손이 몸 옆에 와 견갑 거상이 수직으로 나온다. | K17: 덤벨 슈러그 / 바벨 슈러그 (몸 앞 — 궤도가 약간 앞으로 간다) / 머신 슈러그
A18: 8 | B18: 케이블 오버헤드 익스텐션 (로프) | C18: 삼두 | D18: 20 | E18: 5 | F18: 8~12 | G18: 40 | H18: 75 | I18: =IF(E18=0,0,ROUND((E18*(G18+H18)+N18)/60,1)) -> 10.6 | J18: [동작] 도르래는 가슴~어깨 높이(최하단이면 등 뒤로 끌어올리기 어색하다) · 로프를 잡고 케이블을 등진 채 머리 위로 넘겨 머리 뒤에 · 한 발 앞으로 엇갈려 서고 상체 20~30도 앞으로(케이블이 몸을 뒤로 끌지 않게) · 복근을 잠가 허리를 젖히지 않는다 · 팔꿈치를 굽혀 로프가 뒤통수 뒤로 깊이 — 삼두 뒤쪽이 당기면 맞다 · 팔꿈치 위치는 그대로 두고 팔꿈치 아래만 앞쪽 위로 쭉 편다 · 끝에서 로프 끝을 살짝 벌린다 · 내릴 때 2초로 처음 깊이까지(가장 중요). 실수 — 팔꿈치가 바깥으로 벌어지면 무거운 것 · 팔꿈치가 앞뒤로 움직이면 광배 · 가슴이 끼어든다 · 허리가 젖혀지면 무게를 줄인다 · 무거워져 아래 구간을 끊으면 이 종목을 하는 이유가 사라진다. 마지막 세트 — 1~2회 남기고 로프를 쥔 채 돌아서서 같은 무게로 푸쉬다운(팔꿈치는 옆구리) 실패 근처까지. 무게 — 깊은 가동범위로 12회를 넘기면 다음 주 한 칸 올리고, 8회 아래거나 깊이가 줄면 한 칸 내린다. [2026-10-08 드롭 = 기계적 드롭 · 사용자 결정] 마지막(5번째 · 2026-10-23 3 → 5) 세트만 — 오버헤드로 실패 근처까지 간 뒤 무게를 내리지 않고 로프를 그대로 쥔 채 돌아서서 같은 무게로 푸쉬다운을 실패 근처까지 잇는다. 짧아진 구간이 더 강해서 오버헤드로 못 펴는 무게도 푸쉬다운으로는 반복이 이어진다. 같은 케이블 · 같은 로프라 전환이 몇 초다. 드롭이라 세트로 세지 않는다(N열 +60초 그대로). 슈퍼세트 3라운드로 하면 실제로는 직접 6세트라 삼두 실질 21.5로 천장을 넘어서 이 형태로 했다. [2026-10-08 로프 푸쉬다운에서 교체 · 사용자 결정] 늘어난 구간 — 장두. 케이블을 등지고 서서 로프를 머리 뒤로 내렸다가 위로 편다. 팔꿈치는 머리 옆에 고정하고 벌어지지 않게 한다. 삼두 세 갈래 중 장두만 어깨를 넘기 때문에 팔이 머리 위로 가야 늘어난 위치에서 부하를 받는다. 프레스 간접(주 9.5)은 대부분 외측두 · 내측두로 가므로 장두는 라잉 익스텐션 3이 전부였다 — 이 교체로 장두 늘어난 구간이 주 2회(일 · 화) 6세트가 된다. 짧아진 구간은 목요일 로프 푸쉬다운이 맡는다. 당기기 뒤라 삼두가 신선한 상태로 들어온다. 중량 20은 푸쉬다운 25에서 낮춰 잡은 출발값이라 첫 세션에 8~12회에 맞춘다. | K18: 케이블 푸쉬다운 (로프 · 짧아진 구간 — 이전 종목) / 덤벨 오버헤드 익스텐션 / EZ바 오버헤드 익스텐션 | N18: 60
A19: 9 | B19: 프리쳐 컬 | C19: 이두 | D19: 30 | E19: 3 | F19: 8~12 | G19: 40 | H19: 75 | I19: =IF(E19=0,0,ROUND((E19*(G19+H19)+N19)/60,1)) -> 6.8 | J19: 당기기 17세트 뒤라 이두가 이미 간접을 받았다. 중량이 평소보다 낮게 나오는 것이 정상이다. | K19: 케이블 컬 (전 구간 장력) / 머신 컬 / EZ바 프리쳐 컬 | N19: 60
A20: 10 | B20: 시티드 리스트 컬(손등 아래) | C20: 전완 | D20: 15 | E20: 3 | F20: 15~20 | G20: 40 | H20: 10 | I20: =IF(E20=0,0,ROUND((E20*(G20+H20)+N20)/60,1)) -> 2.5 | J20: [2026-10-24 사용자 결정] 15회 고정 → 15~20 더블 프로그레션 · 무게 고정 바 → 원판 끼우는 봉으로 바꾼다(봉 무게 모름 — 봉 포함 총무게로 적고 첫날 지금 무게에 가깝게 맞춘다). 전 세트 20회면 앱 ▲ +1kg — 못 끼우는 무게면 무게 칸을 눌러 고친다. [2026-10-04 생수배송 대비 — 일 3 그대로(같은 날 2로 내렸다가 사용자 결정으로 복귀) · 목 3 → 2 · 화 3 → 0(보류)] 캐리 · 스텝박스이 굴근을 쥐고 버티는 쪽으로 채운다. 일요일은 다음 캐리(수)까지 이틀이 비어 3세트를 둔다 — 목요일은 토요일 캐리까지 하루뿐이라 2. 배달 일을 안 하게 되면 3으로 되돌린다. [2026-10-02 사용자 지정 — 팔 하는 날마다] 손바닥을 위로 — 손목 굴곡, 전완 앞면 굴근군. 손등 위와 길항근 슈퍼세트 — 그립만 뒤집으므로 휴식 10초가 전환 시간이다. 중량을 화요일(10)보다 낮게 잡았다: 이 날 당기기 17세트가 굴근을 등척성으로 이미 다 썼다. 더블 프로그레션은 날마다 따로 본다. | K20: 바벨 리스트 컬 / 케이블 리스트 컬 | M20: A
A21: 11 | B21: 시티드 리스트 컬(손등 위) | C21: 전완 | D21: 15 | E21: 3 | F21: 15~20 | G21: 40 | H21: 60 | I21: =IF(E21=0,0,ROUND((E21*(G21+H21)+N21)/60,1)) -> 5 | J21: [2026-10-24 사용자 결정] 15회 고정 → 15~20 더블 프로그레션 · 무게 고정 바 → 원판 끼우는 봉으로 바꾼다(봉 무게 모름 — 봉 포함 총무게로 적고 첫날 지금 무게에 가깝게 맞춘다). 전 세트 20회면 앱 ▲ +1kg — 못 끼우는 무게면 무게 칸을 눌러 고친다. 손등을 위로 — 손목 신전, 전완 뒷면 신근군(요측 · 척측수근신근 + 지신근). 굴근과 앞뒤로 갈린 다른 근육 묶음이다. 당기기가 신근을 전혀 쓰지 않으므로 이쪽은 세 날 다 같은 중량이다 — 깎이는 것은 굴근뿐이다. 라운드 간 휴식 60초. | K21: 바벨 리버스 리스트 컬 / 케이블 리스트 익스텐션 | M21: A
A22: 12 | B22: 백 익스텐션 (45도) | C22: 기립근 | D22: 20 | E22: 3 | F22: 12~15 | G22: 40 | H22: 60 | I22: =IF(E22=0,0,ROUND((E22*(G22+H22)+N22)/60,1)) -> 5 | J22: [2026-10-02 사용자 요청 — 등 하는 날마다 3세트] 복귀판 기립근 직접이 데드 3세트뿐이라 실질 6.0 '보완 필요'였다. 이 6세트(일 · 목)로 9 · 실질 12.0이 된다. 재택도 당기기 두 날에 3세트씩 둔다. **척추 신전을 강조해서 한다** — 등을 편 채 고관절만 접는 힌지식으로 하면 둔근 · 햄스트링이 주동근이 되고 기립근은 버티기만 한다. 그러면 09-04 규칙상 등척성이라 계수 0이고, 검산표의 기립근 직접 9가 거짓이 된다. 재택 메모의 핵심 문장이 이것이다. 중량은 더블 프로그레션 — 맨몸 15회를 전 세트에서 채우면 원판 5~10kg을 안는다. '맨몸'은 시작값이지 상한이 아니다(재택 대체 종목 칸에도 '원판 5~10kg 안고 (맨몸이 쉬워지면)'으로 적혀 있다). 이 날이 중량을 올리기에 좋은 쪽이다 — 다음 데드(수)까지 사흘이 남는다. 앞쪽 로우가 그립 · 등을 먼저 쓰므로 세션 맨 뒤가 맞다(2026-10-11 스미스 바벨 로우 → 인클라인 덤벨 로우로 앞쪽 기립근 등척성 부하는 없어졌다). | K22: 원판 5~10kg 안고 (맨몸 15회가 쉬워지면) / 굿모닝(스미스) / 덤벨 루마니안 데드 / 글루트 햄 레이즈
D23: 세트 합계 | E23: =SUM(E11:E22) -> 39 | I23: =ROUND(SUM(I11:I22),0) -> 89
A25: [무거운 수평 당기기를 이 날에 둔 이유 — 2026-10-02 사용자 지정]
A26: · 사용자 판단 — '수평이 강도가 더 쎈 것 같아서 집중적으로 공략하고 싶다'. 맞는 감각이고 근거가 있다.
A27: · 수평 로우가 실제로 무겁다(바벨 35 · 해머 45 vs 랫풀다운 · 친업). 그리고 **전날이 무엇이냐**가 더 크게 갈린다 — 일요일은 토요일(하체 전면) 다음날이고 스쿼트는 등 · 그립 · 기립근을 쓰지 않는다. 등이 온전한 상태로 들어온다.
A28: · 반대로 목요일은 수요일(데드 + 루마니안) 다음날이라 그립 · 광배 · 기립근이 전부 지쳐 있다. 거기서 무거운 로우를 치면 등이 아니라 그립과 허리가 먼저 막힌다.
A29: · 그래서 무거운 로우 7세트(해머 4 · 인클라인 덤벨 3)가 데드 다음날에서 완전히 빠졌다. 목요일에 남은 당기기는 수직(친업 · 랫풀다운)이고 척추 부하가 거의 0이다.
A30: · 가슴은 목요일에 남겼다(사용자 지정 '목요일 가슴/등'). 이 날은 수평 등 17 · 팔 6 · 전완 6 · 기립근 3이다.
A32: [등을 가른 축 — 움직임 평면이다]
A33: · 일요일은 수평, 목요일은 수직이다. 재택 1일차 '당기기 A (수직)' · 6일차 '당기기 B (수평)'과 같은 축이고 순서만 반대다(2026-10-02 사용자 지정).
A34: · 날 분할은 평면으로, 근육군은 팔꿈치 경로로 매긴다 — 다른 축이고 섞지 않는다. 그래서 수평 날에 광배(시티드 · 원암 케이블 로우)가 있고 수직 날에 승모 중부(페이스풀)가 있다.
A35: · 광배 일 4 / 목 12 · 승모 중부 일 10 / 목 3 — 둘 다 주 2회다. 근육군으로 날을 가르면 '주 1회'로 적히지만 실제로는 로우가 광배를 쓰고 랫풀다운이 능형근을 쓴다.
A37: [세션 크기]
A38: · [2026-10-25] 39세트 · 약 89분 — 6번 하이로우 머신(언더그립) 3 신설(스캡 슈러그 다음 마무리). 이전 기록: [2026-10-07] 34세트 · 약 79분 — 시티드 · 원암 케이블 로우 각 +1. 이전 기록: · 32세트 · 약 73분. 전완 슈퍼세트 6 + 백 익스텐션 3이 들어오고 원암 케이블 로우가 3 → 4로 올라 22 → 32가 됐다 (2026-10-02 사용자가 엑셀에서 직접 조정). 복합 11 / 고립 21이다.
... A48: · N열 '드롭(초)'는 마지막 세트에 더해지는 시간이다. I열 종목 분에 합산되고, 앱 타이머는 마지막 세트를 그만큼 늘린 뒤 '드롭세트'라고 읊는다. E열 세트 수와 복귀_세트검산은 건드리지 않는다.
C50: [요청 원문 2026-10-02] 일요일 등 · 팔 삼두/이두/전완을 세트 후반부에 · 등도 나누고 / 일요일로 옮기는데, 그 전에 나 등도 수평/수직으로 재택처럼 나뉘었으면 한다는거야 / 근데 나 일요일을 수평으로 바꿔줘. 뭔가 수평이 강도가 더 쎈거 같아서. 집중적으로 공략하고 싶다고나 할까? / 그냥 다 넣어. 팔하는 날에는 슈퍼세트로 묶어서 (전완)

Sheet 복귀_집계단
A1: 집 — 진짜 생수팩 + 아파트 계단 (생수배송 대비 · 2026-10-05 신설, 사용자 제안)
A2: 아침에 일어나서 한 번, 저녁 먹고 산책 뒤 한 번. 실제 배달처럼 한쪽 3팩 — 2 · 3번 팩 손잡이에 푸쉬업바를 끼워 손에 들고, 1번 팩은 옆구리와 2번 팩 위에 걸친다. 1번 무게가 일부 손으로 내려와 손 하중은 한쪽 30~36kg이다. 푸쉬업바에 스트랩을 감는다. 세트 카운트 · 세트검산에는 넣지 않는다.
A4: 단계 (시작일부터 다음 줄 전날까지)
A5: 시작일 | B5: 한쪽 | C5: 아침 | D5: 저녁 | E5: 양
A6: 46301 | B6: 바에 2팩(24kg) · 1번 팩 없이 · 스트랩 | C6: 토 · 일 · 월 · 수 · 목 | D6: 없음 | E6: 지하 1층 → 7층 1~2왕복
A7: 46307 | B7: 3팩(6팩 전부 · 손 30~36kg) · 스트랩 | C7: 토 · 일 · 월 · 수 · 목 | D7: 없음 | E7: 지하 1층 → 7층 1~2왕복
A8: 46319 | B8: 3팩(6팩 전부 · 손 30~36kg) · 스트랩 | C8: 토 · 일 · 월 · 수 · 목 | D8: 일 · 월 · 목 | E8: 지하 1층 → 7층 1~2왕복
A10: 규칙
A11: · 스트랩은 푸쉬업바에 감는다 — 손은 쉬고 다리 · 숨 · 어깨만 쓴다. 맨손으로 무겁게 쥐는 건 헬스장 메인 날(토 · 수)뿐이다. 손 하중이 30kg을 넘으니 하루 2번 맨손이면 팔꿈치가 못 버틴다.
A12: · 메인 날(토 · 수) 저녁은 쉰다 — 헬스장에서 맨손 캐리 + 스텝박스로 손을 이미 다 썼다.
A13: · 화 · 금은 아침 · 저녁 다 쉰다 — 다음 날 데드 · 스쿼트다.
A14: · 1번 팩 없이 한 주 먼저 — 옆구리에 끼우는 힘(팔을 몸통에 붙여 조이기)은 처음 쓰는 부담이라 한 단계씩. 저녁 추가는 6팩에 익숙해진 뒤(10/24~).
A15: · 6팩 처음 들기 전: 평지에서 들고 30초 서서 흔들어 본다. 바가 휘거나 손잡이가 헛돌면 쓰지 않는다 — 계단에서 부러지면 생수와 같이 넘어진다.
A16: · 자세: 어깨를 으쓱 올리지 말고 내린 채로 걷는다. 몸이 한쪽으로 기울거나 허리가 비틀리면 그날은 거기서 끝.
A17: · 계단 손잡이를 못 잡으니 내려올 때 천천히, 발 디딜 곳을 보면서.
A18: · 디로드 주(10/17 ~ 10/23)는 왕복 1번만.
A19: · 먼저 빼는 신호: 팔꿈치 바깥쪽 통증 4/10 초과 · 아침에 허리나 무릎이 뻐근함 · 스쿼트나 데드 무게가 떨어짐 → 집부터 줄인다(저녁 → 아침 순). 헬스장 표가 우선이다.

Sheet 복귀_월_가슴
A1: 월요일 — 가슴 · 어깨 (측/후) · 복근
A4: 메인: 벤치프레스
A5: 중량(Kg) | B5: 반복 | C5: 세트
A6: =MAX(20,(MROUND(시작중량_설정!$E$9*0.4,1)+(MOD(MROUND(시작중량_설정!$E$9*0.4,1),5)=4))) -> 20 | B6: 5 | C6: 2
A7: =IF(MAX(20,(MROUND(시작중량_설정!$E$9*0.6,1)+(MOD(MROUND(시작중량_설정!$E$9*0.6,1),5)=4)))<=MAX(20,(MROUND(시작중량_설정!$E$9*0.4,1)+(MOD(MROUND(시작중량_설정!$E$9*0.4,1),5)=4))),"생략",MAX(20,(MROUND(시작중량_설정!$E$9*0.6,1)+(MOD(MROUND(시작중량_설정!$E$9*0.6,1),5)=4)))) -> 25 | B7: 5 | C7: 1
A8: =IF(MAX(20,(MROUND(시작중량_설정!$E$9*0.75,1)+(MOD(MROUND(시작중량_설정!$E$9*0.75,1),5)=4)))<=MAX(20,(MROUND(시작중량_설정!$E$9*0.6,1)+(MOD(MROUND(시작중량_설정!$E$9*0.6,1),5)=4))),"생략",MAX(20,(MROUND(시작중량_설정!$E$9*0.75,1)+(MOD(MROUND(시작중량_설정!$E$9*0.75,1),5)=4)))) -> 31 | B8: 3 | C8: 1
A9: =IF(MAX(20,(MROUND(시작중량_설정!$E$9*0.9,1)+(MOD(MROUND(시작중량_설정!$E$9*0.9,1),5)=4)))<=MAX(20,(MROUND(시작중량_설정!$E$9*0.75,1)+(MOD(MROUND(시작중량_설정!$E$9*0.75,1),5)=4))),"생략",MAX(20,(MROUND(시작중량_설정!$E$9*0.9,1)+(MOD(MROUND(시작중량_설정!$E$9*0.9,1),5)=4)))) -> 37 | B9: 2 | C9: 1
A10: =시작중량_설정!$E$9 -> 41 | B10: 8 | C10: 4
A12: 웜업 — 회전근개 (세트 카운트 제외)
A13: · 케이블 외회전 2세트 × 12~15회. 팔꿈치 90도로 접어 옆구리에 붙이고 바깥으로만 회전. 매우 가볍게 — 2.5~5kg. 무거우면 광배와 후면 삼각근이 대신 일하며 목적을 잃는다.
A14: · 근비대 항목이 아니라 관절 준비 항목이므로 세트 합계에 넣지 않는다.
A16: 운동 구성
A17: # | B17: 종목 | C17: 근육군 | D17: 중량(Kg) | E17: 세트 | F17: 횟수 | G17: 수행(초) | H17: 휴식(초) | I17: 종목 분 | J17: 메모 | K17: 대체 종목 | L17: 세트별 휴식(초) | M17: 슈퍼세트 | N17: 드롭(초)
A18: 1 | B18: 벤치프레스 | C18: 흉근(중하부) | D18: =시작중량_설정!$E$9 -> 41 | E18: 4 | F18: 8 | G18: 50 | H18: 180 | I18: =IF(E18=0,0,ROUND((E18*(G18+H18)+N18)/60,1)) -> 15.3 | J18: 매주 미는 네 리프트 중 하나. 이 날은 하체 · 힌지가 없어 코어와 기립근이 가장 신선하다. [벤치만 4×8 (2026-10-02 사용자 지정)] 스쿼트 · 데드는 5회 고정이고 벤치와 오버헤드 프레스(2026-10-21 3×5 → 3×8)는 8회다. 반복이 고정인 것은 같으므로 증량은 그대로 선형이다 — 증량기록 표가 매주 1kg을 올리고, 8회를 못 채운 주에는 X를 넣어 그 칸을 유지시킨다. 수행 50초는 8회에 맞춘 값이고 세트별 휴식 램프도 4칸(150/170/190/210 · 평균 180)으로 줄였다. | K18: 스미스 벤치 / 체스트 프레스 머신 | L18: 150/170/190/210
A19: 2 | B19: 인클라인 벤치프레스 머신 | C19: 흉근(상부) | D19: =시작중량_설정!$E$12 -> 42 | E19: 3 | F19: 10 | G19: 40 | H19: 150 | I19: =IF(E19=0,0,ROUND((E19*(G19+H19)+N19)/60,1)) -> 9.5 | J19: [2026-10-23 사용자 결정] 3×10 고정 · 매주 +1kg 자동(13주차 42kg에서 출발 · 증량기록 P열). 10회를 못 채운 주는 Q열에 반복수를 적고 같은 무게를 한 번 더. 2주 연속 미달이면 선형을 멈추고 8~10 더블 프로그레션으로 돌아간다 — 벤치 바로 뒤라 벤치 피로 때문인지 근력이 막힌 건지 구분이 안 된다. 상부지 복합. 복합이라 플라이보다 앞에 둔다. | K19: 인클라인 스미스 프레스 / 인클라인 덤벨 프레스
A20: 3 | B20: 인클라인 덤벨 플라이 | C20: 흉근(상부) | D20: 10 | E20: 3 | F20: 10~12 | G20: 40 | H20: 105 | I20: =IF(E20=0,0,ROUND((E20*(G20+H20)+N20)/60,1)) -> 7.3 | J20: 상부지를 프레스와 플라이 둘로 나눠 각 3세트 (2026-10-02 사용자가 엑셀에서 직접 조정) — 흉근 합산을 25.0 → 22.5로 내리려고 둘에서 하나씩 뺐다. 각도는 30~45도. | K20: 펙덱 플라이 머신 (인클라인 각도) / 인클라인 케이블 플라이
A21: 4 | B21: 딥스 | C21: 흉근(중하부) | D21: 55 | E21: 3 | F21: 8~12 | G21: 40 | H21: 120 | I21: =IF(E21=0,0,ROUND((E21*(G21+H21)+N21)/60,1)) -> 8 | J21: 하방 벡터 — 벤치(수평)와 각도를 나눈다. 몸을 앞으로 기울이면 가슴, 세우면 삼두로 간다. | K21: 어시스트 딥스 머신 / 헤머스트랭스 체스트 프레스 / 디클라인 벤치 | L21: 105/120/135
A22: 5 | B22: 원암 케이블 레터럴 레이즈 | C22: 삼각근(측면) | D22: 5 | E22: 4 | F22: 12~15 (좌우) | G22: 60 | H22: 60 | I22: =IF(E22=0,0,ROUND((E22*(G22+H22)+N22)/60,1)) -> 8 | J22: 케이블이라 전 구간 장력이 걸린다 — 덤벨 레터럴이 약한 하단 구간을 맡는다. [2026-10-04] 3 → 4 — 측면을 MAV 하단(실질 16)까지 올리며 가장 작은 날인 월요일에 넣었다. | K22: 리닝 케이블 레터럴 / 머신 레터럴
A23: 6 | B23: 원암 케이블 리버스 플라이 | C23: 삼각근(후면) | D23: 10 | E23: 3 | F23: 12~15 (좌우) | G23: 60 | H23: 60 | I23: =IF(E23=0,0,ROUND((E23*(G23+H23)+N23)/60,1)) -> 6 | J23: [2026-10-04 사용자 지정] 양팔 → 원암 — '집중이 더 잘 된다'. 반대쪽 케이블을 잡고 팔을 편 채 수평 외전만 한다. 빈손으로 몸통을 고정할 수 있어 승모가 끼어들기 어렵다. 케이블이라 수축 끝단이 살아 있다 — 토요일 리버스 펙덱(중간 구간)과 갈린다. 편측이라 수행 60초. | K23: 리버스 펙덱 / 리어 델트 로우 (로프) / 페이스풀 (로프)
A24: 7 | B24: 레터럴 레이즈 | C24: 삼각근(측면) | D24: 8 | E24: 3 | F24: 12~15 | G24: 40 | H24: 60 | I24: =IF(E24=0,0,ROUND((E24*(G24+H24)+N24)/60,1)) -> 6 | J24: [2026-10-04 신설] 측면 직접 10 → 14(실질 12 → 16, MAV 하단). 궤도가 고정된 머신이라 바로 앞 원암 케이블(편측 · 전 구간 장력)과 저항곡선이 갈리고, 핀만 옮기면 되므로 마지막 세트 2단 드롭을 건다(+60초). 첫날 15회가 되는 무게를 찾아 적는다. | K24: 원암 케이블 레터럴 / 덤벨 레터럴 | N24: 60
A25: 8 | B25: 리버스 펙덱 | C25: 삼각근(후면) | D25: 35 | E25: 4 | F25: 12~15 | G25: 40 | H25: 60 | I25: =IF(E25=0,0,ROUND((E25*(G25+H25)+N25)/60,1)) -> 6.7 | J25: [2026-10-05 2 → 4 · 사용자 엑셀 조정] [2026-10-04 사용자 요청] 후면 마무리. 토요일과 같은 머신 · 같은 동작이다 — 팔을 편 채 수평 외전만. 앞에 원암 리버스 플라이 3세트가 있어 토요일보다 덜 나오는 것이 정상이다. 어깨 블록은 측 → 후 → 측 → 후로 교대한다(사용자 지정) — 같은 머리를 연달아 치지 않아 종목 사이가 서로의 휴식이 된다. | K25: 케이블 리버스 플라이 / 리어 델트 로우 (로프)
A26: 9 | B26: 체스트 프레스 머신 프로트랙션 | C26: 전거근 | D26: — | E26: 4 | F26: 12~15 | G26: 40 | H26: 60 | I26: =IF(E26=0,0,ROUND((E26*(G26+H26)+N26)/60,1)) -> 6.7 | J26: [2026-10-26 사용자 결정 · 스미스 프로트랙션에서 교체] 토요일과 같은 머신 · 같은 방식 — 4 × 12~15 범위 + 핀 미세 단계(전 세트 15회면 앱 ▲). 선형 자동 증량(2주 +1kg)은 멈췄다 — 증량기록 AD열 · 시작중량_설정 19행은 기록만 남긴다. 양팔 · 앉아서 · 궤도 고정. [동작] 손잡이가 가슴 한가운데 오게 시트 높이를 맞춘다 · 팔을 끝까지 편 채 시작 · 팔꿈치는 편 채로 고정하고 견갑골만 앞으로 밀어 손잡이가 3~5cm 더 나가게 · 끝에서 1초 · 날개뼈가 등에 붙을 때까지 천천히 돌아온다(팔꿈치 굽히면 체스트 프레스가 된다) · 어깨 으쓱 금지. 첫날 12~15회가 되는 무게를 찾아 적는다 — 토요일(10~12회) 무게보다 한두 칸 가볍게 나오는 게 정상이다. ── 이전 메모: [2026-10-23 사용자 결정] 15회 × 4세트 고정 · 2주마다 +1kg 자동(13주차 0kg에서 출발 · 증량기록 AD열). 15회를 못 채운 주는 AE열에 마지막 세트 반복수를 적고 같은 무게를 한 번 더. 2주 연속 미달이면 선형을 멈추고 범위 방식으로 돌아간다. 무게는 원판만 센 값이다 — 봉 무게를 몰라도 1kg 격자 규칙이 맞는다. 빈 바(원판 0)에서 출발 — 처음 2주가 적응이고 15주차에 원판 1kg(한쪽 0.5)부터. [2026-10-23 신설 · 사용자 결정] 전거근 직접 주 9 중 4 — 하중을 제대로 거는 자리다(원판 1kg 단위 증량 · 궤도 고정이라 무거워져도 자세가 유지된다). 스캡 푸시업은 등에 원판을 올리는 데서 하중이 막혀 이것으로 정했다(사용자). 수평 · 누워서. [동작] 플랫 벤치를 스미스 안에 · 팔을 가슴 위로 편 채 바를 잡는다 · 팔꿈치는 굽히지 않고 견갑골만 벌려 바를 5~8cm 밀어 올린다 · 끝에서 1초 · 날개뼈가 벤치에 붙을 때까지 천천히 내린다. 첫 2주는 빈 바나 가벼운 원판 — 끝 범위 1초를 먼저 익힌다(무게가 먼저 늘면 으쓱하거나 팔꿈치를 굽혀 밀게 된다). 움직이는 거리가 짧아 그 뒤로는 생각보다 무겁게 올라간다. | K26: 스미스 프로트랙션 / 스캡 푸시업 (등에 원판) / 원암 케이블 서라투스 펀치
A27: 10 | B27: 중량 크런치 | C27: 복부 | D27: 20 | E27: 3 | F27: 12 | G27: 40 | H27: 60 | I27: =IF(E27=0,0,ROUND((E27*(G27+H27)+N27)/60,1)) -> 5 | J27: [2026-10-10 화 → 월 · 사용자 결정] 월 67분 · 화 90분을 77 / 80으로 맞추려 옮겼다. 화요일은 데드 전날이라 복부 피로를 남기지 않는 자리가 낫고, 월요일은 하체 · 힌지가 없어 코어가 신선하다. 벤치 브레이싱은 등척성이라 맨 뒤에 붙여도 경쟁하지 않는다. 직접 굴곡. 스쿼트 · 데드의 브레이싱은 등척성이라 복부 간접이 0이다 — 여기서만 채워진다. | K27: 케이블 크런치 (머신) / 앱스 머신
A28: 11 | B28: 라잉 레그 레이즈 | C28: 복부 | D28: 맨몸 | E28: 3 | F28: 12~15 | G28: 40 | H28: 60 | I28: =IF(E28=0,0,ROUND((E28*(G28+H28)+N28)/60,1)) -> 5 | J28: [2026-10-10 화 → 월 · 사용자 결정] 하복부 쪽 — 크런치(상복부)와 갈린다. 재택 1일차 종목이다. | K28: 캡틴 체어 니 레이즈 / 행잉 레그 레이즈 / 리버스 크런치
D29: 세트 합계 | E29: =SUM(E18:E28) -> 37 | I29: =ROUND(SUM(I18:I28),0) -> 84
A31: [어깨 전면이 이 날에 없는 이유]
A32: · 어깨 · 팔을 세션 후반부에 두는 것이 이 개편의 전제다 (2026-10-02 사용자 지정). 큰 부위를 신선할 때 먼저 치고, 어깨 · 팔은 그 뒤에 붙인다.
A33: · 벤치 4 + 인클라인 머신 3 + 딥스 3 + 인클라인 플라이 3이 전면 삼각에 간접으로 4.5세트치를 얹는다. 그 위에 프레스를 더 얹으면 전면만 혼자 과다가 된다.
A34: · 그래서 월요일 어깨 블록은 측면 · 후면 둘뿐이다. 전면 직접은 토요일 머신 숄더 3 · 수요일 스미스 오버헤드 3으로 주 6세트다.
A35: · 전면 삼각 실질 12.5세트 — 직접 6 + 간접 6.5. 성장 구간 안이다.
A37: [가슴을 둘로 가른 축]
A38: · 월요일은 상부(인클라인 프레스 3 + 인클라인 플라이 3), 목요일은 중하부(펙덱 4 + 디클라인 플라이 3)다. 벤치와 딥스는 수평 · 하방이라 월요일에 함께 둔다. 상부 둘을 4 → 3으로 내려 흉근 합산이 22.5가 됐다 (2026-10-02 사용자가 엑셀에서 직접 조정).
A39: · 흉근 합산 실질 27.5세트로 천장(20)을 크게 넘는다. 2026-09-14 사용자 지정 — 가슴은 되돌리는 자리가 아니다. 판단 기준은 세트 수가 아니라 벤치 진행이다. 벤치가 2주 연속 안 오르면 그때 이 숫자를 본다.
A41: [세션 크기]
A42: · 33세트 · 약 77분. [2026-10-10] 화요일 복근 2종(중량 크런치 3 · 라잉 레그 레이즈 3 · 10분)이 맨 뒤(9 · 10번)로 들어왔다(사용자 결정) — 월 67 · 화 90을 77 / 80으로 맞췄다. 그 전: 27세트 · 약 67분. 가슴 하나만 맡고 어깨가 측면 7 · 후면 7이다. 2026-10-04에 어깨 6 → 12(측면 +4 · 후면 +2)를 이 날에 넣은 것도 가장 작은 날이어서다. 2026-10-05 리버스 펙덱 2 → 4(사용자 조정)로 후면 7이 됐다. 어깨 블록은 측 → 후 → 측 → 후로 교대한다(사용자 지정).
A43: · 벤치가 있는 날이므로 웜업 10~15분을 따로 잡는다.
A44: · 세션 상한 26 — 메인 리프트가 있는 날이지만 복근 6은 고립 소근육이라 예외로 센다. 고립 23을 빼면 실질 10으로 그 전과 같다. 크런치 ↔ 레그 레이즈는 묶지 않는다 — 둘 다 복부 굴곡이라 길항이 아니라 같은 근육을 겹쳐 쓴다.
... A48: · 흉근 드롭은 목요일 디클라인 케이블 플라이 한 곳에 몰아 뒀다 — 핀만 옮기면 되는 자리다.
C50: [요청 원문 2026-10-02] 월요일 가슴 · 월요일 다시 어깨를 세트 후반부에 / 벤치만 4x8이야 (사용자 엑셀 조정 · 램프 · 시작중량_설정까지 맞췄다) / [2026-10-04] 측면 MAV 하단까지 · 나 월요일에하는 후면운동도 원암으로 진행하고 싶어. 뭔가 집중이 더 잘 되더라고 / 뒤에 백덱플라이 2세트도 넣어줘 후면으로 · 패턴을 측면, 후면, 측면, 후면으로

Sheet 복귀_화_팔
A1: 화요일 — 고관절 고립 · 사두 고립 · 팔 · 목
A4: 웜업 (세트 카운트 제외)
A5: · 메인 리프트가 없고 전부 고립이다. 세션이 고관절 블록(1~4번)으로 시작하므로 맨몸 글루트 브릿지 15회 한 세트로 둔근을 먼저 깨우고, 힙 쓰러스트는 작업중량의 50%로 12회 한 세트면 램프가 끝난다.
A6: · 팔꿈치와 손목이 이 날의 관절이다. 팔 블록(5번) 들어가기 전에 가벼운 케이블 푸쉬다운 15회로 팔꿈치를 데운다.
A7: · 근비대 항목이 아니라 관절 준비 항목이므로 세트 합계에 넣지 않는다.
A9: 운동 구성
A10: # | B10: 종목 | C10: 근육군 | D10: 중량(Kg) | E10: 세트 | F10: 횟수 | G10: 수행(초) | H10: 휴식(초) | I10: 종목 분 | J10: 메모 | K10: 대체 종목 | L10: 세트별 휴식(초) | M10: 슈퍼세트 | N10: 드롭(초)
A11: 1 | B11: 힙 쓰러스트 | C11: 둔근 | D11: =시작중량_설정!$E$16 -> 25 | E11: 4 | F11: 12 | G11: 40 | H11: 120 | I11: =IF(E11=0,0,ROUND((E11*(G11+H11)+N11)/60,1)) -> 10.7 | J11: [2026-10-23 사용자 결정] 12회 × 4세트 고정 · 2주마다 +1kg 자동(13주차 25kg에서 출발 · 증량기록 X열). 12회를 못 채운 주는 Y열에 마지막 세트 반복수를 적고 같은 무게를 한 번 더. 2주 연속 미달이면 선형을 멈추고 범위 방식으로 돌아간다. 데드 전날이라 RIR 1~2를 지킨 채 12회가 나와야 달성. [2026-10-07 수 → 화 · 사용자 요청] 수요일이 45세트 109분이었고 10/7 첫 수요일에 어깨 블록 뒤 마지막 자리라 이 종목이 먼저 빠졌다. 둔근 직접. 짧아진 구간에서 최대 장력이 걸려 수요일 데드 · 루마니안(늘어난 구간)과 갈린다. 화요일은 데드 전날이라 실패 직전 1~2회 남기고 끊는다(RIR 1~2) — 둔근은 데드의 고관절 신전 주동근이다. [2026-10-07 3 → 4 · 사용자 요청] 맨 앞으로 와 신선할 때 하는 자리라 한 세트를 더했다 — 화요일 둔근 3 → 4로 세션당 6 아래. 수요일 데드에서 둔근이 무겁게 느껴지면 줄이는 순서: ① 이 4번째 세트부터 뺀다 → ② 그래도 반복되면 이 종목만 일요일로(데드까지 3일). 12회가 4~5회 넘게 남는 무게면 세트보다 중량을 먼저 올린다. | K11: 머신 힙 쓰러스트 / 글루트 브릿지 / 케이블 풀스루
A12: 2 | B12: 케이블 힙 외전 | C12: 중둔근 | D12: 15 | E12: 3 | F12: 12~15 (좌우) | G12: 60 | H12: 75 | I12: =IF(E12=0,0,ROUND((E12*(G12+H12)+N12)/60,1)) -> 6.8 | J12: [2026-10-07 수 → 화 · 사용자 요청] 중둔근은 데드와 거의 관계없어 강도는 평소대로 간다. 선 자세 · 편측이라 고관절이 펴진 각도에서 외전한다 — 앉아서 하는 아우터 타이(고관절 굽힘)와 각도가 갈린다. 둘 중 이쪽이 좌우 차가 드러나므로 아우터 타이 앞에 둬 더 신선한 자리를 줬다. | K12: 머신 힙 어브덕션 / 밴드 사이드 워크
A13: 3 | B13: 이너 타이 | C13: 내전근 | D13: 40 | E13: 4 | F13: 12~15 | G13: 40 | H13: 10 | I13: =IF(E13=0,0,ROUND((E13*(G13+H13)+N13)/60,1)) -> 3.3 | J13: [2026-10-07 수 → 화 · 사용자 요청] 데드 전날이라 RIR 1~2로 끊는다 — 대내전근은 데드의 고관절 신전 협력근이다. [2026-10-02 사용자 요청 — 토요일과 같은 슈퍼세트를 이 날에도] 내전근 직접이 주 4세트뿐이라 실질 6.5로 하한(8) 아래였다. 이 4세트로 8 → 실질 10.5가 된다. 아우터와 슈퍼세트 — 같은 머신에서 핀만 옮기므로 휴식 10초가 전환 시간이다. | K13: 와이드 스탠스 레그 프레스 / 케이블 어덕션 | M13: A
A14: 4 | B14: 아우터 타이 (힙 외전) | C14: 중둔근 | D14: 60 | E14: 4 | F14: 12~15 | G14: 40 | H14: 120 | I14: =IF(E14=0,0,ROUND((E14*(G14+H14)+N14)/60,1)) -> 10.7 | J14: [2026-10-02 사용자 요청] 중둔근 실질 7.0도 하한 아래였다 — 이 4세트로 11이 된다. 앞의 케이블 힙 외전과 같은 근육이므로 중량이 토요일보다 낮게 나오는 것이 정상이다. [2026-10-07 수 → 화] 화요일 첫 블록이다 — 중둔근은 데드와 거의 관계없어 강도는 평소대로 간다. | K14: 힙 어브덕션 머신 (겸용 머신이 없을 때) / 케이블 힙 외전 | M14: A
A15: 5 | B15: 레그 익스텐션 | C15: 대퇴사두 | D15: 47 | E15: 5 | F15: 10~12 | G15: 40 | H15: 120 | I15: =IF(E15=0,0,ROUND((E15*(G15+H15)+N15)/60,1)) -> 13.3 | J15: [2026-10-26 3 → 5 · 사용자 결정] 남은 세트 여유를 사두에 — 사두 직접 토 9 · 화 5. 건강한 무릎에서 10~12회 중간 무게 5세트는 관절 부담이 작다: 회전축을 무릎에 맞추고 · 위에서 잠그지 말고 1초 멈춤 · 2초 내리기. 슬개골 앞 시큰함이 다음 날까지 남으면 세트를 줄인다. 데드 전날이라 RIR 1~2 그대로. [2026-10-09 토 → 화 · 사용자 결정] 사두 직접 12세트가 토요일 한 날에 몰려 주 1회였다 — 이 3세트로 토 9 · 화 3, 주 2회가 된다. 간격은 토 → 화 3일 · 화 → 토 4일로 여섯 날 중 가장 고르다. 토요일(46세트 111분)이 부담이라 덜어낸 것이기도 하다. 고관절 블록 바로 뒤에 둬 하체 기구를 한 번에 끝내고 팔로 넘어간다. 화요일은 데드 전날이라 RIR 1~2로 끊고 드롭은 걸지 않는다(토요일에선 +75초였다) — 사두는 데드 바닥 출발에만 관여해 3세트의 영향은 작다. 사두 고립. 더블 프로그레션 — 전 세트에서 12회를 채우면 다음 주에 올린다. | K15: 시시 스쿼트 머신 / 레그 프레스 (고립은 아니나 궤도 고정)
A16: 6 | B16: 라잉 트라이셉스 익스텐션 | C16: 삼두 | D16: =시작중량_설정!$E$20 -> 15 | E16: 4 | F16: 10 | G16: 40 | H16: 75 | I16: =IF(E16=0,0,ROUND((E16*(G16+H16)+N16)/60,1)) -> 8.7 | J16: [2026-10-23 사용자 결정] 10회 × 4세트 고정 · 3주마다 +1kg 자동(13주차 15kg에서 출발 · 증량기록 AF열). 봉만 있는 EZ바 + 원판으로 바꾼다(고정 EZ바는 1kg 증량이 안 된다). 무게는 봉 포함 총무게 — 지금 고정 바 15kg와 같은 무게로 시작한다. 봉 무게가 5의 배수(10 등)가 아니면 끼울 수 없는 칸이 생기니 알려줄 것. 10회를 못 채운 주는 AG열에 마지막 세트 반복수를 적고 같은 무게를 한 번 더 · 2주 연속 미달이면 범위 방식으로 돌아간다. [2026-10-08 자세] 팔을 수직으로 세우지 말고 머리 쪽으로 20~30° 눕힌 채 고정한다 — 어깨 굽힘이 110~120°가 돼 장두가 더 늘어나고, 전완이 수평이 되는 가장 무거운 지점이 더 깊은 쪽으로 옮겨 간다(자유중량이라 바가 이마 뒤로 갈수록 가벼워지는 약점을 줄인다). 일요일 케이블 오버헤드는 늘어난 지점의 장력, 이 종목은 바벨 중량 진행을 맡는다. 늘어난 구간 — 팔이 머리 위로 가 장두가 신장된다. 목요일 로프 푸쉬다운(짧아진 구간)과 각도를 나누고, 일요일 오버헤드 익스텐션과 함께 장두 늘어난 구간을 주 2회로 만든다(2026-10-08). 팔꿈치가 시큰하면 EZ바로 바꾼다. | K16: 시티드 EZ바 오버헤드 익스텐션 (2026-10-08 결정 — 팔꿈치가 시큰하거나 일요일 오버헤드는 오르는데 라잉이 막히면 1순위. 케이블이 아니라 바라 중량 기록이 이어진다) / EZ바 라잉 익스텐션 (손목 · 팔꿈치 부담 ↓) / 케이블 오버헤드 익스텐션 (일요일과 겹치므로 차선) | N16: 60
A17: 7 | B17: 인클라인 덤벨 컬 | C17: 이두 | D17: 6 | E17: 4 | F17: 8~12 | G17: 40 | H17: 75 | I17: =IF(E17=0,0,ROUND((E17*(G17+H17)+N17)/60,1)) -> 7.7 | J17: [2026-10-05 3 → 4 · 사용자 엑셀 조정] 늘어난 구간 — 등받이에 기대 어깨가 뒤로 가면 이두 장두가 신장된다. 프리쳐 컬(짧아진 구간)과 각도를 나눈다. | K17: 케이블 드래그 컬 / 스파이더 컬
A18: 8 | B18: 해머 컬 | C18: 이두 | D18: 8 | E18: 3 | F18: 8~12 | G18: 40 | H18: 75 | I18: =IF(E18=0,0,ROUND((E18*(G18+H18)+N18)/60,1)) -> 5.8 | J18: [2026-10-06 사용자 요청] 뉴트럴 그립(엄지가 위) 컬 — 손바닥이 마주 보면 이두 장두의 역학적 이점이 줄고 상완근 · 상완요골근이 주동으로 올라온다. 앞의 인클라인 컬(뒤침 · 늘어난 구간)과 그립으로 갈리고, 뒤의 리버스컬(엎침)과 함께 뒤침 → 중립 → 엎침 순서가 된다. 근육군은 팔꿈치 굴곡이라 이두로 세고, 상완요골근 몫은 간접계수맵에 전완 0.5로 얹었다. 이 날 이두가 7세트로 세션당 6세트를 넘지만 사용자 지정 예외다. 덤벨을 몸 옆에 붙인 채 상완을 고정하고, 내릴 때 2초. 중량 10은 출발값 — 첫 세션에 8~12회에 맞춰 적는다. | K18: 케이블 로프 해머 컬 / 크로스바디 해머 컬 / 시티드 해머 컬
A19: 9 | B19: 리버스컬 | C19: 전완 | D19: =시작중량_설정!$E$21 -> 15 | E19: 3 | F19: 12 | G19: 40 | H19: 70 | I19: =IF(E19=0,0,ROUND((E19*(G19+H19)+N19)/60,1)) -> 5.5 | J19: [2026-10-23 사용자 결정] 12회 × 3세트 고정 · 3주마다 +1kg 자동(13주차 15kg에서 출발 · 증량기록 AH열). 봉만 있는 EZ바 + 원판으로 바꾼다(고정 EZ바는 1kg 증량이 안 된다). 무게는 봉 포함 총무게 — 지금 고정 바 15kg와 같은 무게로 시작한다. 봉 무게가 5의 배수(10 등)가 아니면 끼울 수 없는 칸이 생기니 알려줄 것. 12회를 못 채운 주는 AI열에 마지막 세트 반복수를 적고 같은 무게를 한 번 더 · 2주 연속 미달이면 범위 방식으로 돌아간다. 엎침 그립 컬 — 상완요골근과 신근이 주동이다. 재택 4일차 종목이라 새로 익힐 것이 없다. | K19: EZ바 리버스컬 / 케이블 리버스컬 / 해머 컬 (중립 그립)
A20: 10 | B20: 시티드 리스트 컬(손등 아래) | C20: 전완 | D20: 10 | E20: 0 | F20: 15~20 | G20: 40 | H20: 10 | I20: =IF(E20=0,0,ROUND((E20*(G20+H20)+N20)/60,1)) -> 0 | J20: [2026-10-24 사용자 결정] 15회 고정 → 15~20 더블 프로그레션 · 무게 고정 바 → 원판 끼우는 봉으로 바꾼다(봉 무게 모름 — 봉 포함 총무게로 적고 첫날 지금 무게에 가깝게 맞춘다). 전 세트 20회면 앱 ▲ +1kg — 못 끼우는 무게면 무게 칸을 눌러 고친다. [2026-10-04 생수배송 대비 — 일 3 · 목 3 → 2 · 화 3 → 0(보류)] 캐리 · 스텝박스이 굴근을 쥐고 버티는 쪽으로 채운다. 늘어난 구간 자극은 캐리가 못 주므로 일 3 · 목 2를 남겼다. 배달 일을 안 하게 되면 3으로 되돌린다. 손바닥을 위로 — 손목 굴곡. 전완 앞면(손바닥쪽) 굴근군이다: 요측 · 척측수근굴근 + 장요굴근, 쥐는 동안 심지 · 천지굴근이 보조한다. 그립과 같은 구획이지만 이 날은 당기기가 없어 온전히 나온다. 손등 위와 길항근 슈퍼세트 — 그립만 뒤집으므로 휴식 10초가 전환 시간이다 (2026-10-02). | K20: 바벨 리스트 컬 / 케이블 리스트 컬 | M20: A
A21: 11 | B21: 시티드 리스트 컬(손등 위) | C21: 전완 | D21: 7.5 | E21: 3 | F21: 15~20 | G21: 40 | H21: 60 | I21: =IF(E21=0,0,ROUND((E21*(G21+H21)+N21)/60,1)) -> 5 | J21: [2026-10-24 사용자 결정] 15회 고정 → 15~20 더블 프로그레션 · 무게 고정 바 → 원판 끼우는 봉으로 바꾼다(봉 무게 모름 — 봉 포함 총무게로 적고 첫날 지금 무게에 가깝게 맞춘다). 전 세트 20회면 앱 ▲ +1kg — 못 끼우는 무게면 무게 칸을 눌러 고친다. 손등을 위로 — 손목 신전. 전완 뒷면(손등쪽) 신근군이다: 요측수근신근 장 · 단, 척측수근신근, 지신근. 굴근과 완전히 다른 근육 묶음이고 앞뒤로 갈린다. 당기기가 신근을 전혀 쓰지 않으므로 주간 신근 자극은 리스트 컬 9세트와 리버스컬 3세트가 전부다. [2026-10-02 중량 정정] 신근은 굴근의 절반 남짓한 힘밖에 없어 같은 10kg을 쓰는 것이 말이 안 됐다 — 7.5로 내렸다(재택도 굴근 15 / 신근 10으로 갈라 둔다). 15회를 못 채우면 더 내린다. 일 · 목과 같은 중량인 이유는 당기기가 신근을 안 써서 날마다 흔들리지 않기 때문이다. | K21: 바벨 리버스 리스트 컬 / 케이블 리스트 익스텐션 | M21: A
A22: 12 | B22: 넥 익스텐션 (플레이트) | C22: 목 | D22: 2.5 | E22: 3 | F22: 12~15 | G22: 40 | H22: 60 | I22: =IF(E22=0,0,ROUND((E22*(G22+H22)+N22)/60,1)) -> 5 | J22: [2026-10-02 신설] 벤치에 엎드려 뒤통수에 플레이트를 올리고 목만 든다. 첫 2주는 무게 없이 가동범위만 — 경추는 되돌릴 수 없는 자리다. 통증이 아니라 '당기는 느낌'까지만. | K22: 넥 하네스 / 넥 익스텐션 머신 / 손바닥으로 저항 (아이소메트릭 10초 × 10회)
A23: 13 | B23: 넥 플렉션 (플레이트) | C23: 목 | D23: 2.5 | E23: 3 | F23: 12~15 | G23: 40 | H23: 60 | I23: =IF(E23=0,0,ROUND((E23*(G23+H23)+N23)/60,1)) -> 5 | J23: [2026-10-02 신설] 벤치에 누워 이마에 수건을 깔고 플레이트를 올린다. 턱을 당겨 목만 굽힌다. 굴곡 쪽이 더 약하므로 익스텐션보다 가볍게 간다. | K23: 넥 하네스 / 넥 플렉션 머신 / 손바닥으로 저항 (아이소메트릭 10초 × 10회)
D24: 세트 합계 | E24: =SUM(E11:E23) -> 43 | I24: =ROUND(SUM(I11:I23),0) -> 88
A26: [팔 블록은 건드리지 않았다]
A27: · 사용자 지정 — '화요일은 팔하니 놔두고'. 삼두 · 이두 · 전완 · 목 · 복근 구성을 그대로 두고 세트만 맞췄다. 2026-10-07에 수요일 고관절 고립 14세트가 뒤에 붙었지만 팔 블록(6~13번)의 구성과 순서는 그대로다 — 같은 날 사용자 요청으로 고관절 블록을 맨 앞(1~4번)에 뒀다. [2026-10-10] 복근 2종은 월요일 맨 뒤로 옮겼다(사용자 결정).
A28: · 다른 다섯 날은 큰 부위 뒤에 어깨나 팔이 붙지만, 이 날은 팔이 메인이다. 팔이 가장 신선한 유일한 자리다.
A29: · 그래서 늘어난 구간(라잉 익스텐션 · 인클라인 컬)을 이 날에 뒀다. 신장된 자리에서의 부하가 가장 비싸고, 지친 팔로는 그 자세가 안 잡힌다.
A31: [전완 · 목이 이 날에 몰린 이유]
A32: · 전완 주 9세트가 전부 이 날이다. 그립을 쓰는 당기기가 하나도 없는 유일한 날이라 리스트 컬이 온전히 나온다 — 일요일(수평 로우 16세트)과 목요일(친업 · 랫풀다운 11세트)은 그립이 제약인 날이고, 거기에 리스트 컬을 두면 주간 전완 자극 중 가장 깎이는 자리가 된다.
A33: · [2026-10-02] 사용자 지정으로 리스트 컬 슈퍼세트를 팔 하는 날 셋(일 · 화 · 목) 모두에 넣었다. 전완 직접 21 · 실질 24.0 — '과다 점검'이 뜨는 첫 부위다.
A34: · 전완은 세 갈래이고 셋을 다 덮는다 — 손목 굴근군(앞면 · 손등 아래 리스트 컬 9) · 손목 신근군(뒷면 · 손등 위 리스트 컬 9) · 상완요골근(요측이고 팔꿈치를 넘는다 · 리버스컬 3). 앞뒤로 갈리는 것은 리스트 컬 두 개이고, 요측 / 척측(엄지쪽 / 새끼손가락쪽)으로 갈리는 종목은 없다 — 리스트 컬은 요측 · 척측 머리를 둘 다 쓴다.
A35: · 전완 6 → 9 · 복부 3 → 6으로 올렸다. 현장 근무가 끝나 그립과 코어에 하루치를 얹어주던 보정이 사라졌기 때문이다 (복귀_세트검산 참조).
A36: · 목은 2026-10-02 신설이다. 직접 0에서 주 6세트. 데드 · 슈러그의 등척성 지지는 계수 0이라 여기서만 채워진다.
A38: [세션 크기]
A39: · 40세트 · 약 80분. [2026-10-10] 복근 2종(6세트 · 10분)을 월요일로 보냈다(사용자 결정) — 데드 전날에 복부 피로를 남기지 않는다. 그 전: 46세트 · 약 90분. [2026-10-09] 토요일 레그 익스텐션 3이 고관절 블록 뒤(5번)로 들어왔다(사용자 결정). 그 전: 43세트 · 약 82분. 2026-10-07 수요일 고관절 고립 14세트(약 29분)가 들어와 28세트 51분에서 커졌고(사용자 요청), 같은 날 힙 쓰러스트 3 → 4(사용자 요청). 그 전에는 여섯 날 중 가장 짧았다.
... A52: · N열 '드롭(초)'는 마지막 세트에 더해지는 시간이다. I열 종목 분에 합산되고, 앱 타이머는 마지막 세트를 그만큼 늘린 뒤 '드롭세트'라고 읊는다. E열 세트 수와 복귀_세트검산은 건드리지 않는다.
C54: [요청 원문 2026-10-02] 화요일 삼두/이두/전완/목/복근 — 화요일은 팔하니 놔두고 / 팔하는 날들 왜 전완은 없어? 손등 위아래 슈퍼세트로 묶어서 넣는건 어떻게 생각해?
A56: [고관절 고립 블록 — 2026-10-07 수요일에서 옮겨 옴 · 사용자 요청]
A57: · 힙 쓰러스트 3 · 케이블 힙 외전 3 · 이너 / 아우터 타이 슈퍼세트 4 + 4 = 14세트 · 약 29분. 수요일이 45세트 109분이었고, 10/7 첫 수요일에 어깨 블록 뒤 마지막 두 종목(힙 쓰러스트 · 케이블 힙 외전)을 못 했다. 같은 날 힙 쓰러스트를 4세트로 올려 15세트 · 약 32분이다.
A58: · 화요일을 고른 이유 — 여섯 날 중 가장 가벼웠고(28세트 51분), 팔 · 목 · 복근 날이라 고관절 종목과 겹치는 근육이 없다. 옮긴 뒤 화 · 수가 둘 다 약 80분이다. 주간 세트 · 분 총량과 부위별 직접 세트는 그대로다.
A59: · 이너 · 아우터는 토 · 화로 3~4일 간격이 된다 — 주 2회 배치가 토 · 수일 때와 같은 고르기다.
A60: · [2026-10-07 같은 날 사용자 요청] 처음엔 팔 블록 뒤에 붙였다가 맨 앞(1~4번)으로 옮겼다. 순서를 정하는 것은 국소 피로다 — 고관절 고립 14세트는 팔을 거의 안 쓰고 팔 블록은 둔근을 안 쓰므로, 어느 쪽이 뒤로 가도 손해는 전신 피로 몫뿐이다. 둘이 비기면 우선순위가 정한다: 둔근은 큰 근육이고, 먼저 하는 종목의 수행이 가장 좋다. 데드 백오프 중 엉덩이 뒤쪽 팝(2026-10) 뒤라 힙 쓰러스트를 집중이 살아 있을 때 하는 이점도 있다.
A61: · 대가는 하나 (순서와 무관) — 화요일은 데드 전날이다(생수 캐리를 화요일에서 뺀 이유와 같다). 힙 쓰러스트(둔근)와 이너 타이(대내전근)는 데드의 고관절 신전 근육이라 RIR 1~2로 끊는다. 아우터 · 케이블 외전(중둔근)은 데드와 거의 관계없어 평소대로 간다.
A62: · 수요일 데드에서 둔근이 무겁게 느껴지는 일이 반복되면 ① 힙 쓰러스트 4번째 세트부터 빼고 ② 그래도 반복되면 힙 쓰러스트만 일요일로 옮긴다 — 데드까지 3일이 빈다. 첫 한두 주는 자리가 바뀐 탓의 근육통일 수 있으니 한 번으로 판단하지 않는다.
A63: · 드롭은 여기서도 걸지 않는다 — 이너 · 아우터는 슈퍼세트라 라운드가 어긋나고, 힙 쓰러스트는 데드 전날이다. 레그 익스텐션(5번)도 같은 이유로 걸지 않는다 — 토요일에선 +75초였다(2026-10-09).
C64: [요청 원문 2026-10-07] 나 이너타이/아우터타이, 힙쓰러스트, 힙 외회전은 그냥 화요일로 보내면 안될까? 양이 너무 많아서..

Sheet 복귀_수_하체후면
A1: 수요일 — 하체 후면 · 어깨 (전/측/후)
A4: 메인: 데드리프트
A5: 중량(Kg) | B5: 반복 | C5: 세트
A6: =MAX(20,(MROUND(시작중량_설정!$E$8*0.4,1)+(MOD(MROUND(시작중량_설정!$E$8*0.4,1),5)=4))) -> 32 | B6: 5 | C6: 2
A7: =IF(MAX(20,(MROUND(시작중량_설정!$E$8*0.6,1)+(MOD(MROUND(시작중량_설정!$E$8*0.6,1),5)=4)))<=MAX(20,(MROUND(시작중량_설정!$E$8*0.4,1)+(MOD(MROUND(시작중량_설정!$E$8*0.4,1),5)=4))),"생략",MAX(20,(MROUND(시작중량_설정!$E$8*0.6,1)+(MOD(MROUND(시작중량_설정!$E$8*0.6,1),5)=4)))) -> 48 | B7: 5 | C7: 1
A8: =IF(MAX(20,(MROUND(시작중량_설정!$E$8*0.75,1)+(MOD(MROUND(시작중량_설정!$E$8*0.75,1),5)=4)))<=MAX(20,(MROUND(시작중량_설정!$E$8*0.6,1)+(MOD(MROUND(시작중량_설정!$E$8*0.6,1),5)=4))),"생략",MAX(20,(MROUND(시작중량_설정!$E$8*0.75,1)+(MOD(MROUND(시작중량_설정!$E$8*0.75,1),5)=4)))) -> 60 | B8: 3 | C8: 1
A9: =IF(MAX(20,(MROUND(시작중량_설정!$E$8*0.9,1)+(MOD(MROUND(시작중량_설정!$E$8*0.9,1),5)=4)))<=MAX(20,(MROUND(시작중량_설정!$E$8*0.75,1)+(MOD(MROUND(시작중량_설정!$E$8*0.75,1),5)=4))),"생략",MAX(20,(MROUND(시작중량_설정!$E$8*0.9,1)+(MOD(MROUND(시작중량_설정!$E$8*0.9,1),5)=4)))) -> 72 | B9: 2 | C9: 1
A10: =시작중량_설정!$E$8 -> 80 | B10: 5 | C10: 1
A12: 메인: 시티드 바벨 밀리터리 프레스
A13: 중량(Kg) | B13: 반복 | C13: 세트
A14: =MAX(20,(MROUND(시작중량_설정!$E$10*0.4,1)+(MOD(MROUND(시작중량_설정!$E$10*0.4,1),5)=4))) -> 20 | B14: 5 | C14: 2
A15: =IF(MAX(20,(MROUND(시작중량_설정!$E$10*0.6,1)+(MOD(MROUND(시작중량_설정!$E$10*0.6,1),5)=4)))<=MAX(20,(MROUND(시작중량_설정!$E$10*0.4,1)+(MOD(MROUND(시작중량_설정!$E$10*0.4,1),5)=4))),"생략",MAX(20,(MROUND(시작중량_설정!$E$10*0.6,1)+(MOD(MROUND(시작중량_설정!$E$10*0.6,1),5)=4)))) -> 생략 | B15: 5 | C15: 1
A16: =IF(MAX(20,(MROUND(시작중량_설정!$E$10*0.75,1)+(MOD(MROUND(시작중량_설정!$E$10*0.75,1),5)=4)))<=MAX(20,(MROUND(시작중량_설정!$E$10*0.6,1)+(MOD(MROUND(시작중량_설정!$E$10*0.6,1),5)=4))),"생략",MAX(20,(MROUND(시작중량_설정!$E$10*0.75,1)+(MOD(MROUND(시작중량_설정!$E$10*0.75,1),5)=4)))) -> 23 | B16: 3 | C16: 1
A17: =IF(MAX(20,(MROUND(시작중량_설정!$E$10*0.9,1)+(MOD(MROUND(시작중량_설정!$E$10*0.9,1),5)=4)))<=MAX(20,(MROUND(시작중량_설정!$E$10*0.75,1)+(MOD(MROUND(시작중량_설정!$E$10*0.75,1),5)=4))),"생략",MAX(20,(MROUND(시작중량_설정!$E$10*0.9,1)+(MOD(MROUND(시작중량_설정!$E$10*0.9,1),5)=4)))) -> 28 | B17: 2 | C17: 1
A18: =시작중량_설정!$E$10 -> 31 | B18: 8 | C18: 3
A20: 웜업 — 회전근개 (세트 카운트 제외 · 오버헤드 프레스 직전에)
A21: · 데드 램프 · 프레스 램프와 따로다. 하체 5종목을 끝내고 오버헤드 프레스(6번)에 들어가기 직전에 넣는다.
A22: · 케이블 외회전 2세트 × 12~15회. 팔꿈치 90도로 접어 옆구리에 붙이고 바깥으로만 회전. 매우 가볍게 — 2.5~5kg. 무거우면 광배와 후면 삼각근이 대신 일하며 목적을 잃는다.
A23: · [2026-10-02 보충] 메인이 둘이라 램프 블록 두 개에 가려 이 블록이 빠져 있었다. 어깨 보조가 9세트 이어지고 그 앞에 증량을 추적하는 프레스가 있는 날이다.
A24: · 근비대 항목이 아니라 관절 준비 항목이므로 세트 합계에 넣지 않는다.
A26: 운동 구성
A27: # | B27: 종목 | C27: 근육군 | D27: 중량(Kg) | E27: 세트 | F27: 횟수 | G27: 수행(초) | H27: 휴식(초) | I27: 종목 분 | J27: 메모 | K27: 대체 종목 | L27: 세트별 휴식(초) | M27: 슈퍼세트 | N27: 드롭(초)
A28: 1 | B28: 데드리프트 | C28: 기립근 | D28: =시작중량_설정!$E$8 -> 80 | E28: 1 | F28: 5 | G28: 30 | H28: 180 | I28: =IF(E28=0,0,ROUND((E28*(G28+H28)+N28)/60,1)) -> 3.5 | J28: 톱세트. 현장 근무가 끝나 허리와 경쟁하는 것이 없어졌으므로 2026-10-02부터 백오프 2세트를 되살려 성장으로 돌린다. | K28: 트랩바 데드 (요추 전단력 ↓) / 루마니안 데드 (허리가 무거운 주)
A29: 2 | B29: 데드리프트 백오프 | C29: 기립근 | D29: =MAX(20,MROUND(시작중량_설정!$E$8*0.82,1)) -> 66 | E29: 2 | F29: 5 | G29: 30 | H29: 180 | I29: =IF(E29=0,0,ROUND((E29*(G29+H29)+N29)/60,1)) -> 7 | J29: [2026-10-11 사용자 결정] 톱세트 × 0.82(1kg 반올림) — 톱 80이면 66. 이전 '톱 −5kg'(75)은 톱의 94%라 백오프가 아니라 같은 강도 세트 셋이었고, 수요일 피로가 거기서 났다. 실패까지 4회 이상 남는 여유 세트다 — 근력은 톱세트가 끌고, 이 2세트는 폼 연습과 기립근 볼륨을 맡는다(기립근 직접 9 유지). 안전 규칙(엉덩이 뒤 팝 2026-10 · 지금은 괜찮음): 데드나 루마니안 도중 엉덩이 뒤가 당기면 그날 백오프와 루마니안은 중단한다. 다음 아침 허리가 뻐근하면 이 2세트를 먼저 뺀다 — 톱세트가 아니다. | K29: 트랩바 데드 백오프 / 랙 풀 (가동범위 ↓)
A30: 3 | B30: 루마니안 데드리프트 | C30: 햄스트링 | D30: =시작중량_설정!$E$15 -> 50 | E30: 3 | F30: 10 | G30: 45 | H30: 150 | I30: =IF(E30=0,0,ROUND((E30*(G30+H30)+N30)/60,1)) -> 9.8 | J30: [2026-10-23 사용자 결정] 10회 × 3세트 고정 · 2주마다 +1kg 자동(13주차 50kg에서 출발 · 증량기록 V열). 10회를 못 채운 주는 W열에 마지막 세트 반복수를 적고 같은 무게를 한 번 더. 2주 연속 미달이면 선형을 멈추고 범위 방식으로 돌아간다. 데드 톱 · 백오프 뒤 3번이라 2주마다(햄스트링은 10/23 사용자 '이제 괜찮다'). 당기면 그날은 미달로 적는다. [2026-10-11] 엉덩이 뒤가 당기면 이 종목은 그날 중단(백오프와 같은 규칙). 고관절 신전으로 햄스트링을 늘어난 구간에서 훈련한다. 무릎은 살짝만 굽히고 중립 척추를 지킨다. | K30: 덤벨 루마니안 데드 (허리 부담 ↓ · 좌우 균형) / 케이블 풀스루
A31: 4 | B31: 레그 프레스 (발 높게) | C31: 둔근 | D31: =시작중량_설정!$E$14 -> 140 | E31: 4 | F31: 10 | G31: 45 | H31: 150 | I31: =IF(E31=0,0,ROUND((E31*(G31+H31)+N31)/60,1)) -> 13 | J31: [2026-10-23 사용자 결정] 10회 × 4세트 고정 · 2주마다 +2kg 자동(13주차 140kg에서 출발 · 증량기록 T열). 10회를 못 채운 주는 U열에 마지막 세트 반복수를 적고 같은 무게를 한 번 더. 2주 연속 미달이면 선형을 멈추고 범위 방식으로 돌아간다. 데드 · 루마니안 뒤 4번이라 2주마다. [2026-10-02 사용자 지정] 발을 발판 가장 위쪽에 둔다 — 고관절 굽힘 범위가 커져 고관절 신전 비중이 올라간다. 근육군은 둔근으로 잡았다: 발을 높여도 무릎이 같이 펴지므로 햄스트링은 고관절 신전(+)과 무릎 굴곡(−)이 상쇄돼 길이가 거의 안 바뀌고, 능동 단축이 작으면 자극도 작다. 그래서 사두 0.33 · 햄스트링 0.2를 간접으로 계상했다. 중량은 토요일(125)보다 낮게 잡았다 — 발 위치가 바뀌면 같은 중량이 안 나온다. 더블 프로그레션으로 맞춘다. | K31: 와이드 스탠스 레그 프레스 (발 높게) / 45도 레그 프레스 (발 높게) / 스미스 스쿼트 (발 앞쪽)
A32: 5 | B32: 원 레그 라잉 컬 | C32: 햄스트링 | D32: 30 | E32: 3 | F32: 10~12 | G32: 60 | H32: 120 | I32: =IF(E32=0,0,ROUND((E32*(G32+H32)+N32)/60,1)) -> 9 | J32: [2026-10-26 이름 정정 — 실제로 라잉 기구에서 한 다리씩 · 토요일은 옆 센터 시티드로 바뀌었고 여기는 라잉 그대로(고관절 편 자세 · 다른 길이)] [2026-10-24 사용자 결정] 3×10 고정 → 3×10~12 더블 프로그레션 — 전 세트(좌우) 12회면 앱 ▲로 핀 단계(30 → + 핀 → + 핀 + 1 → + 핀 + 2.5 → 다음 칸). 좌우가 갈리면 약한 쪽 반복으로 판정한다. [2026-10-02 토요일 레그 컬과 자리 교환] 무릎 굴곡 쪽 — 힌지(고관절 신전)와 기능이 갈린다. 편측 종목은 좌우 차를 드러내는 것이 목적이라 주의력이 필요하고, 그래서 여섯 날 중 누적 10세트짜리인 이 자리가 맞다. 토요일 9번(누적 34세트)은 반대였다. 중량은 토요일 양측 레그 컬이 밀고, 이쪽은 균형을 본다 — 좌우 반복 수가 2회 이상 벌어지면 약한 쪽 기준으로 맞춘다. | K32: 원 레그 시티드 컬 (옆 센터) / 라잉 레그 컬 (양측 — 편측 자리가 없을 때) / 노르딕 햄 컬 (맨몸)
A33: 6 | B33: 시티드 바벨 밀리터리 프레스 | C33: 삼각근(전면) | D33: =시작중량_설정!$E$10 -> 31 | E33: 3 | F33: 8 | G33: 50 | H33: 180 | I33: =IF(E33=0,0,ROUND((E33*(G33+H33)+N33)/60,1)) -> 11.5 | J33: [동작] 등받이를 80~90도로 세운 벤치를 랙 안에 두고 앉는다 · 세이프티 바는 쇄골 바로 아래 높이 · 그립은 어깨너비보다 조금 넓게, 아래에서 전완이 수직 · 엉덩이와 등을 등받이에 붙이고 발은 바닥에 · 갈비뼈를 내려 허리를 등받이에서 띄우지 않는다(허리가 뜨면 서서 하는 것과 같아진다) · 바가 턱 앞을 지나도록 얼굴을 살짝 뒤로 빼고, 바가 이마를 지나면 머리를 바 아래로 넣어 정수리 위에서 팔꿈치를 잠근다 · 내릴 때 쇄골 위까지. [2026-10-07 스미스 → 시티드 바벨 · 사용자 요청] 매주 미는 세 리프트 중 하나이고 증량을 추적한다. 프리웨이트라 궤도를 직접 잡아 어깨 안정근까지 쓰고, 기계마다 바 무게가 다른 스미스와 달리 기록이 어디서나 같고, 1kg 격자 증량이 그대로 이어진다. 앉아서 하는 이유: 데드 · 루마니안 · 레그 프레스 10세트 뒤라 기립근 · 둔근이 지쳐 있고, 서서 밀면 허리를 꺾는 보상이 나온다 — 스미스를 골랐던 이유와 같은 문제를 등받이로 푼다. 중량은 스미스 31 대신 28로 다시 출발한다(시작중량_설정 D10 27 → 25). 5회 후 1~2회 남으면 맞고, 3회 이상 남으면 앱에서 올린다. 어깨 블록 첫 종목이고 앞의 13세트가 전부 하체라 전면 삼각 · 삼두가 가장 온전한 자리다 — 아래 [오버헤드 프레스를 수요일에 둔 이유] 참조. [2026-10-21 사용자 결정] 3×5 → 3×8. 10/21 27kg으로 16회 — '너무 가볍다'. 추정 1RM 약 41 → 8회 약 32. 시작중량_설정 D10 25 → 28로 12주차(10/28)가 32다(격주 1kg 그대로 · 14주차 33). 오버헤드 프레스는 3대에 안 들어가 저반복으로 근력을 따로 잴 이유가 없다 — 벤치 4×8과 같은 판단. 수행 30 → 50초. 협력근 계수 삼두 · 측면 0.33 → 0.5(저반복 하향 근거가 사라졌다). 8회를 못 채운 주는 증량기록 J열에 반복수를 적어 그 중량을 한 번 더 든다. | K33: 스미스 오버헤드 프레스 (허리 · 어깨 컨디션이 나쁜 날) / 머신 숄더 프레스 | L33: 165/180/195
A34: 7 | B34: 덤벨 숄더 프레스 | C34: 삼각근(전면) | D34: 14 | E34: 3 | F34: 10~12 | G34: 40 | H34: 120 | I34: =IF(E34=0,0,ROUND((E34*(G34+H34)+N34)/60,1)) -> 8 | J34: [2026-10-21 사용자 요청 · 케이블 Y 레이즈 자리] 밀리터리 바로 뒤에 붙인다 — 바벨이 무게를 밀고(8회 · 증량 추적) 덤벨은 궤도를 자유롭게 두고 10~12회로 가동범위 끝까지 쓴다. 반복 구간을 갈라 두 프레스가 같은 일을 하지 않게 했다. 등받이 80~90° · 아래에서 덤벨이 어깨 높이 · 팔꿈치는 몸통 앞 약 30°(정옆으로 벌리지 않는다 — 10/15 오른쪽 앞 어깨 찝힘 이후) · 위에서 덤벨끼리 부딪치지 않게 멈춘다. 중량은 한 손 기준 출발값 — 밀리터리 3×8 직후라 첫 세션에 10회를 못 채우면 12로. 덤벨은 한 손 2kg씩 뛰므로 12회를 채우면 다음 무게로(더블 프로그레션). 드롭 없음(복합 프레스). 계수 — 삼두 0.5 · 측면 0.5 · 승모 상부 0.2(밀리터리 8회와 같은 등급). | K34: 머신 숄더 프레스 / 아놀드 프레스 / 스탠딩 덤벨 프레스 (허리가 괜찮은 날)
A35: 8 | B35: 시티드 레터럴 레이즈 | C35: 삼각근(측면) | D35: 8 | E35: 3 | F35: 12~15 | G35: 40 | H35: 60 | I35: =IF(E35=0,0,ROUND((E35*(G35+H35)+N35)/60,1)) -> 6 | J35: [2026-10-21] 케이블 Y 레이즈가 빠지고(사용자 — 동작이 어렵다) 덤벨 숄더 프레스가 들어와 수요일 측면 직접은 이 3세트다. Y 레이즈에 걸려 있던 드롭(+60초)을 이리 옮겼다. 프레스 둘(밀리터리 0.5×3 · 덤벨 0.5×3) 뒤라 측면 삼각이 간접 3세트치를 받은 상태 — 중량을 토요일보다 낮춰 잡는 것이 정상이다. [이전] [2026-10-06 사용자 결정 — 다양성] 6 → 3 — 뒤 3세트를 케이블 Y 레이즈로 나눴고 드롭도 그쪽으로 옮겼다. 측면 주 19 그대로. 프레스 직후라 측면 삼각이 이미 1.5세트치 간접을 받았다. 중량을 토요일보다 낮춰 잡는 것이 정상이다. | K35: 케이블 레터럴 레이즈 / 머신 레터럴 | N35: 60
A36: 9 | B36: 벤트오버 레터럴 레이즈 머신 | C36: 삼각근(후면) | D36: 15 | E36: 3 | F36: 12~15 | G36: 40 | H36: 60 | I36: =IF(E36=0,0,ROUND((E36*(G36+H36)+N36)/60,1)) -> 5 | J36: 머신이라 상체 각도가 고정된다 — 데드 뒤에 기립근으로 버티지 않아도 되는 후면 삼각 종목이 이것뿐이다. | K36: 케이블 리버스 플라이 / 리어 델트 로우 (로프) / 리버스 펙덱
A37: 10 | B37: 인클라인 덤벨 프로트랙션 | C37: 전거근 | D37: 10 | E37: 3 | F37: 10~15 | G37: 40 | H37: 60 | I37: =IF(E37=0,0,ROUND((E37*(G37+H37)+N37)/60,1)) -> 5 | J37: [2026-10-23 신설 · 사용자 결정] 전거근 직접 주 9 중 3 — 각도를 위로 올린 자리다(토 · 월 수평 → 수 45°). 랜드마인은 사용자가 원하지 않아 이것으로 정했다. [동작] 벤치 45° · 등을 기댄 채 덤벨을 어깨 위로 편다(손바닥은 마주 보게) · 팔꿈치는 편 채 견갑골만 천장 쪽으로 내민다 — 덤벨이 5~8cm 올라간다 · 끝에서 1초 · 날개뼈가 벤치에 붙을 때까지 천천히 돌아온다 · 등이 벤치에서 뜨거나 으쓱하지 않는다. 밀리터리 · 덤벨 숄더 프레스 뒤라 몸이 받쳐지는 종목으로 골랐다. | K37: 케이블 하이 리치 (낮은 도르래를 등지고 앞-위 45°로 뻗기) / 숄더 프레스 머신에서 팔 편 채 밀어올리기
A38: 11 | B38: 카프 레이즈 (스탠딩) | C38: 종아리 | D38: 16 | E38: 6 | F38: 12~15 | G38: 40 | H38: 75 | I38: =IF(E38=0,0,ROUND((E38*(G38+H38)+N38)/60,1)) -> 11.5 | J38: 무릎이 펴져 비복근 비중이 커진다 — 토요일 시티드(가자미근)와 각도를 나눈다. 데드 뒤라 발목이 이미 데워져 있다. | K38: 레그 프레스 카프 레이즈 / 시티드 카프 레이즈 / 스미스 카프 레이즈
D39: 세트 합계 | E39: =SUM(E28:E38) -> 34 | I39: =ROUND(SUM(I28:I38),0) -> 89
A41: [오버헤드 프레스를 수요일에 둔 이유]
A42: · 어깨를 전부 세션 후반부로 내리면(2026-10-02 사용자 지정) 매주 미는 세 리프트 중 오버헤드 프레스만 큰 부위 뒤로 밀린다. 어느 날 뒤에 두는 것이 가장 싼지가 문제였다.
A43: · 월요일(가슴) 뒤 — 가장 비싸다. 벤치 4 + 인클라인 3 + 딥스 3이 전면 삼각과 삼두에 간접 4.5세트치를 얹은 상태로 메인을 치게 된다.
A44: · 토요일(하체 전면) 뒤 — 중간이다. 전면 삼각 · 삼두는 온전하나 스쿼트 5×5의 전신 피로가 가장 크다.
A45: · 수요일(하체 후면) 뒤 — 가장 싸다. 앞의 13세트가 전부 햄스트링 · 둔근이라 전면 삼각 · 삼두를 하나도 쓰지 않고, 등받이에 앉아 밀어(2026-10-07 스미스 → 시티드 바벨) 데드 뒤 기립근 피로의 비용이 작다. 월요일 벤치와 이틀 간격이라 전면 삼각이 회복될 시간도 있다.
A46: · 그래서 토요일 전면은 머신 숄더 프레스(볼륨용)이고, 증량을 추적하는 쪽은 이 날이다. [2026-10-07] 기구를 스미스에서 시티드 바벨로 바꿨다(사용자 요청) — 프리웨이트로 옮기되 서서 하지 않는 것은 데드 뒤 기립근 · 둔근 피로 때문이다.
A47: · 카프를 어깨 뒤로 보내 프레스 앞 누적을 13세트로 묶었다. [2026-10-07] 힙 쓰러스트 · 케이블 힙 외전 · 이너 · 아우터는 화요일로 옮겼다(사용자 요청) — 어깨 뒤가 20세트에서 카프 6만 남았다.
A49: [하체 후면을 한 날에 모은 이유]
A50: · 데드 · 루마니안 데드는 둘 다 고관절 힌지다. 주에 흩어 두면 기립근이 회복할 72시간을 못 받는다 — 같은 패턴은 한 날에 모은다.
A51: · 고관절 신전 셋(데드 3 · 루마니안 3 · 레그 프레스 발 높게 4)과 무릎 굴곡(원 레그 컬 3)을 같이 둬 햄스트링 · 둔근의 두 기능을 다 쓴다. 짧아진 구간의 둔근(힙 쓰러스트)은 2026-10-07에 화요일로 갔다.
A52: · 햄스트링 주 10세트 중 6이 이 날이고 4는 토요일 레그 컬이다 — 2026-10-02에 햄스트링 빈도를 주 2회로 쪼갰다. 중량은 토요일(양측 4세트)이 밀고 이 날은 힌지 + 편측 균형을 맡는다.
A53: · 토요일(사두 12 + 햄 4 + 내전근 4 + 중둔근 4 + 종아리 6) · 수요일(후면 13 + 종아리 6) · 화요일(둔근 3 + 중둔근 7 + 내전근 4)로 갈라 하체 고립까지 전부 주 2회 이상이다.
... A77: · N열 '드롭(초)'는 마지막 세트에 더해지는 시간이다. I열 종목 분에 합산되고, 앱 타이머는 마지막 세트를 그만큼 늘린 뒤 '드롭세트'라고 읊는다. E열 세트 수와 복귀_세트검산은 건드리지 않는다.
C79: [요청 원문 2026-10-02] 수요일 하체/어깨 — 수요일 어깨를 세트 후반부에 · 하체는 전면 후면 나누고 / 수 하체에는 레그 프레스 넣어주고, 수요일에 하는 레그 프레스는 발을 발판의 가장 위쪽에 두어서 햄스트링 후면을 타겟하도록 할거야. 동시에 사두도 좀 타겟되겠지만. / 그리고 수요일하체에 이너타이랑 아우터타이 슈퍼세트도 넣어줘.

Sheet 복귀_목_수직당기기
A1: 목요일 — 당기기 (수직) · 가슴 · 팔
A4: 웜업 (세트 카운트 제외)
A5: · 메인 리프트가 없다. 첫 종목(친업) 전에 랫풀다운 작업중량의 50%로 10회 · 75%로 5회, 두 세트면 램프가 끝난다.
A6: · 케이블 외회전 2세트 × 12~15회. 팔꿈치 90도로 접어 옆구리에 붙이고 바깥으로만 회전. 매우 가볍게 — 2.5~5kg. 무거우면 광배와 후면 삼각근이 대신 일하며 목적을 잃는다.
A7: · 둘 다 근비대 항목이 아니라 관절 준비 항목이므로 세트 합계에 넣지 않는다.
A9: 운동 구성
A10: # | B10: 종목 | C10: 근육군 | D10: 중량(Kg) | E10: 세트 | F10: 횟수 | G10: 수행(초) | H10: 휴식(초) | I10: 종목 분 | J10: 메모 | K10: 대체 종목 | L10: 세트별 휴식(초) | M10: 슈퍼세트 | N10: 드롭(초)
A11: 1 | B11: 친업 (어시스트 가능) | C11: 광배 | D11: 45 | E11: 4 | F11: 6~8 | G11: 35 | H11: 150 | I11: =IF(E11=0,0,ROUND((E11*(G11+H11)+N11)/60,1)) -> 12.3 | J11: 수직 당기기 중 가장 무거운 쪽이라 맨 앞에 둔다. 수요일 데드 다음날이므로 그립이 지쳐 있으면 주저 말고 어시스트 머신으로 간다 — 이 날 등은 그립이 아니라 광배가 실패해야 한다. | K11: 어시스트 풀업 머신 (1순위 — 데드 다음날이면 기본값으로 생각한다) / 랫풀다운 / 뉴트럴 그립 친업 | L11: 135/145/155/165
A12: 2 | B12: 인클라인 벤치프레스(바벨) | C12: 흉근(상부) | D12: =시작중량_설정!$E$22 -> 40 | E12: 3 | F12: 8 | G12: 40 | H12: 150 | I12: =IF(E12=0,0,ROUND((E12*(G12+H12)+N12)/60,1)) -> 9.5 | J12: [2026-10-23 사용자 결정] 8회 × 3세트 고정 · 매주 +1kg 자동(13주차 40kg에서 출발 · 증량기록 AJ열). 벤치처럼 고정 반복 · 매주 +1kg(사용자 요청 — 범위로 자리 잡는 기간 없이 바로). 봉 20 + 한쪽 10 = 40에서 출발. 목요일 가슴 첫 종목이라 세트만 3. 8회를 못 채운 주는 AK열에 마지막 세트 반복수를 적고 같은 무게를 한 번 더 · 2주 연속 미달이면 범위 방식으로 돌아간다. [2026-10-23 사용자 결정 · 스미스 → 바벨] 바벨 인클라인으로 바꿨다 — 자극이 더 좋고 어깨가 편하다(사용자). 바가 레일에 묶이지 않아 궤도가 팔꿈치 · 어깨를 따라 스스로 잡힌다. 10/15 오른쪽 앞 어깨 찝힘의 원인이 고정 궤도에서 팔꿈치를 배꼽 쪽으로 끌어내린 것이었으니, 원인 자체가 사라졌다. 큐는 그대로 — 바닥에서 전완이 바 바로 밑에 수직 · 팔꿈치는 몸통에서 45~60° · 바는 쇄골 바로 아래 윗가슴에 닿게 · 견갑은 뒤로 모으고 아래로 고정. 랙 세이프티 바는 가슴 바로 위 높이로(혼자 하는 프리웨이트). 계수는 스미스와 같다(삼두 0.5 · 전면삼각 0.5). [2026-10-10 등 ↔ 가슴 종목 단위 교차 · 사용자 결정] 친업 다음 2번 — 가슴 첫 종목이고 복합이라 플라이보다 앞에 둔다. [2026-10-02 사용자 요청] 재택 4일차와 같은 종목 · 같은 중량 · 같은 세트이고 계수도 그대로 쓴다(삼두 0.5 · 전면삼각 0.5). 월요일 인클라인 벤치프레스 머신(35kg)과 기구가 갈린다 — 바벨은 궤도가 자유라 안정화가 셋 중 가장 많이 든다. 상부지를 월 6(머신 3 + 플라이 3) + 목 3으로 주 2회로 쪼갰다. | K12: 인클라인 벤치프레스(스미스) — 이전 종목 / 인클라인 벤치프레스 머신 (월요일과 같은 기구가 되나 자리는 유효) / 인클라인 덤벨 프레스 / 헤머스트랭스 인클라인 프레스
A13: 3 | B13: 와이드 오버그립 랫풀다운 | C13: 광배 | D13: 40 | E13: 3 | F13: 8~12 | G13: 40 | H13: 120 | I13: =IF(E13=0,0,ROUND((E13*(G13+H13)+N13)/60,1)) -> 8 | J13: [2026-10-11 사용자 결정] 격주로 바를 번갈아 쓴다 — 일자 와이드 바 ↔ 손잡이가 살짝 꺾이고 고리보다 처진 와이드 바(바 걸이 제일 아래). 꺾인 바는 바가 쇄골 · 가슴에 늦게 닿아 팔꿈치를 옆구리까지 더 끌어내릴 수 있다 — 광배가 가장 짧아지는 끝 구간까지 끝까지 당긴다. 손목이 덜 비틀려 넓은 그립의 어깨 앞 부담도 준다. 넓은 오버그립이라 분류는 그대로(광배 직접 · 이두 0.2). 기록은 같은 바끼리 2주 간격으로 비교한다 — 바 무게와 가동범위가 달라 지난주와 비교하면 안 된다. 앱 증량 기록 메모에 바 이름(일자 / 꺾인 바)을 적는다. 새 바의 첫 자극은 새로워서 강하게 느껴지는 것이니 성장 차이로 읽지 않는다. 넓은 엎침 그립 — 팔꿈치가 몸에서 벌어진 경로로 들어온다. 이두 관여가 가장 적은 수직 당기기다. [2026-10-05 4 → 3] 한 세트를 4번 암풀다운으로 넘겼다 — 사용자 제안. | K13: 오버그립 랫풀다운 (어깨너비 — 어깨가 불편할 때) / 풀업
A14: 4 | B14: 펙덱 플라이 | C14: 흉근(중하부) | D14: 35 | E14: 4 | F14: 12~15 | G14: 40 | H14: 105 | I14: =IF(E14=0,0,ROUND((E14*(G14+H14)+N14)/60,1)) -> 9.7 | J14: 수평 내전으로 중간 구간을 맡는다. [2026-10-10 등 ↔ 가슴 종목 단위 교차 · 사용자 결정] 와이드 랫풀다운과 언더그립 랫풀다운 사이(4번). 당기기와 밀기는 경쟁하지 않는다. | K14: 케이블 크로스오버 (중간 높이) / 덤벨 플라이 / 머신 체스트 프레스
A15: 5 | B15: 랫풀다운(언더그립 좁게 안쪽으로) | C15: 광배 | D15: 55 | E15: 3 | F15: 8~12 | G15: 40 | H15: 120 | I15: =IF(E15=0,0,ROUND((E15*(G15+H15)+N15)/60,1)) -> 9 | J15: 짧고 깊은 쪽 — 뒤침 그립으로 좁게 잡아 어깨 신전 구간을 끝까지 쓴다. 이두 계수 0.5가 붙는 자리다. [2026-10-05 4 → 3] 한 세트를 4번 암풀다운으로 넘겼다 — 사용자 제안. | K15: 뉴트럴 그립 랫풀다운 / 어시스트 풀업 머신 | N15: 60
A16: 6 | B16: 디클라인 케이블 플라이 | C16: 흉근(중하부) | D16: 10 | E16: 3 | F16: 12~15 | G16: 40 | H16: 105 | I16: =IF(E16=0,0,ROUND((E16*(G16+H16)+N16)/60,1)) -> 8.3 | J16: [2026-10-10 등 ↔ 가슴 종목 단위 교차 · 사용자 결정] 언더그립 랫풀다운과 암풀다운 사이(6번). 위에서 아래로 모아 흉늑지 하부를 맡는다. 월요일 딥스(하방 복합)와 벡터가 같고 고립이라 각도를 나눈다. | K16: 케이블 크로스오버 (낮은 도르래) / 디클라인 덤벨 플라이 / 디클라인 머신 프레스 | N16: 60
A17: 7 | B17: 암풀다운 | C17: 광배 | D17: 20 | E17: 2 | F17: 12~15 | G17: 40 | H17: 75 | I17: =IF(E17=0,0,ROUND((E17*(G17+H17)+N17)/60,1)) -> 3.8 | J17: [2026-10-05 사용자 제안 — 와이드 · 언더그립 각 4 → 3, 그 2세트를 여기로] 스트레이트 암 풀다운. 팔꿈치를 살짝만 굽혀 고정하고 머리 위에서 허벅지까지 어깨 신전만 한다 — 이두가 빠지므로 광배가 그립 · 이두보다 먼저 실패한다. 상체를 조금 숙여 맨 위에서 광배가 늘어나게 한다(늘어난 구간 부하 — 랫풀다운 둘이 못 주는 각도). 그래서 넓게 벌린 경로(와이드) · 좁고 깊은 경로(언더그립) · 팔 편 늘어난 위치(이것) 셋이 고르게 3/3/2로 들어간다. 고립이라 다관절 뒤 마무리로 둔다. 같은 케이블 스테이션에서 로프나 일자 바로 바꾸면 된다. 중량은 첫 세션에 12~15회에 맞춰 잡는다. | K17: 케이블 풀오버 (로프) / 덤벨 풀오버 / 머신 풀오버
A18: 8 | B18: 오버헤드 슈러그(스미스) | C18: 승모(하부) | D18: =시작중량_설정!$E$17 -> 25 | E18: 3 | F18: 15 | G18: 40 | H18: 75 | I18: =IF(E18=0,0,ROUND((E18*(G18+H18)+N18)/60,1)) -> 5.8 | J18: [2026-10-23 사용자 결정] 15회 × 3세트 고정 · 3주마다 +1kg 자동(13주차 25kg에서 출발 · 증량기록 Z열). 15회를 못 채운 주는 AA열에 마지막 세트 반복수를 적고 같은 무게를 한 번 더. 2주 연속 미달이면 선형을 멈추고 범위 방식으로 돌아간다. 무게는 원판만 센 값이다 — 봉 무게를 몰라도 1kg 격자 규칙이 맞는다. 가동범위가 짧은 고립이라 3주마다. 팔이 머리 위에 고정된 채 견갑을 내린다 — 승모 하부가 직접 걸리는 유일한 자리이고, 팔이 머리 위라는 점에서 수직 날에 맞는다. | K18: 프론 Y 레이즈 / 케이블 Y 레이즈
A19: 9 | B19: 페이스풀(로프) | C19: 승모(중부)·능형근 | D19: 25 | E19: 3 | F19: 12~15 | G19: 45 | H19: 60 | I19: =IF(E19=0,0,ROUND((E19*(G19+H19)+N19)/60,1)) -> 5.3 | J19: [2026-10-02 사용자 제안] 재택도 페이스풀을 수직 날(1일차)에 둔다. 승모 중부를 두 날에 10/3으로 나누는 자리이기도 하다 — 이것이 없으면 승모 중부가 일요일 주 1회가 된다. 로프를 얼굴 높이로 당기고 팔꿈치를 어깨선 위로 — 끝에서 외회전을 만든다. 후면삼각에 0.5 간접. | K19: 리어 델트 로우 (로프) / 케이블 리버스 플라이 (팔 편 채) / 리버스 펙덱
A20: 10 | B20: 로프 푸쉬다운 | C20: 삼두 | D20: 25 | E20: 3 | F20: 10~15 | G20: 40 | H20: 70 | I20: =IF(E20=0,0,ROUND((E20*(G20+H20)+N20)/60,1)) -> 5.5 | J20: [2026-10-23 V바 → 로프 · 실제 하는 대로] 2026-10-08 일요일 로프 푸쉬다운이 오버헤드 익스텐션으로 바뀌어 이것이 주의 유일한 짧아진 구간 삼두다(외측두 · 내측두 — 프레스 간접도 같은 갈래로 간다). [동작] 중립 그립(손바닥끼리 마주 · 엄지 위) · 팔꿈치는 옆구리에 고정 · 내리면서 로프 양끝을 허벅지 옆으로 벌린다 · 손바닥은 벌린 만큼만 따라 돌고 손목은 꺾지 않는다(손바닥을 천장으로 돌려도 삼두엔 더해지는 게 없다) · 끝에서 팔꿈치 끝까지 펴고 1초. | K20: 케이블 푸쉬다운 (로프) / 딥스 머신 / 케이블 킥백
A21: 11 | B21: 케이블 드래그 컬 | C21: 이두 | D21: 25 | E21: 3 | F21: 8~12 | G21: 40 | H21: 75 | I21: =IF(E21=0,0,ROUND((E21*(G21+H21)+N21)/60,1)) -> 5.8 | J21: https://www.youtube.com/shorts/UerYVESPi_E | K21: 케이블 컬 (전 구간 장력) / 머신 컬 / 바벨 컬
A22: 12 | B22: 시티드 리스트 컬(손등 아래) | C22: 전완 | D22: 20 | E22: 2 | F22: 15~20 | G22: 40 | H22: 10 | I22: =IF(E22=0,0,ROUND((E22*(G22+H22)+N22)/60,1)) -> 1.7 | J22: [2026-10-24 사용자 결정] 15회 고정 → 15~20 더블 프로그레션 · 무게 고정 바 → 원판 끼우는 봉으로 바꾼다(봉 무게 모름 — 봉 포함 총무게로 적고 첫날 지금 무게에 가깝게 맞춘다). 전 세트 20회면 앱 ▲ +1kg — 못 끼우는 무게면 무게 칸을 눌러 고친다. [2026-10-04 생수배송 대비 — 일 3 · 목 3 → 2 · 화 3 → 0(보류)] 캐리 · 스텝박스이 굴근을 쥐고 버티는 쪽으로 채운다. 늘어난 구간 자극은 캐리가 못 주므로 일 3 · 목 2를 남겼다. 배달 일을 안 하게 되면 3으로 되돌린다. [2026-10-02 사용자 지정 — 팔 하는 날마다] 손바닥을 위로 — 손목 굴곡, 전완 앞면 굴근군. 손등 위와 길항근 슈퍼세트 — 그립만 뒤집으므로 휴식 10초가 전환 시간이다. 중량을 화요일(10)보다 낮게 잡았다: 이 날 당기기 11세트가 굴근을 등척성으로 이미 다 썼다. 더블 프로그레션은 날마다 따로 본다. | K22: 바벨 리스트 컬 / 케이블 리스트 컬 | M22: A
A23: 13 | B23: 시티드 리스트 컬(손등 위) | C23: 전완 | D23: 15 | E23: 3 | F23: 15~20 | G23: 40 | H23: 60 | I23: =IF(E23=0,0,ROUND((E23*(G23+H23)+N23)/60,1)) -> 5 | J23: [2026-10-24 사용자 결정] 15회 고정 → 15~20 더블 프로그레션 · 무게 고정 바 → 원판 끼우는 봉으로 바꾼다(봉 무게 모름 — 봉 포함 총무게로 적고 첫날 지금 무게에 가깝게 맞춘다). 전 세트 20회면 앱 ▲ +1kg — 못 끼우는 무게면 무게 칸을 눌러 고친다. 손등을 위로 — 손목 신전, 전완 뒷면 신근군(요측 · 척측수근신근 + 지신근). 굴근과 앞뒤로 갈린 다른 근육 묶음이다. 당기기가 신근을 전혀 쓰지 않으므로 이쪽은 세 날 다 같은 중량이다 — 깎이는 것은 굴근뿐이다. 라운드 간 휴식 60초. | K23: 바벨 리버스 리스트 컬 / 케이블 리스트 익스텐션 | M23: A
A24: 14 | B24: 백 익스텐션 (45도) | C24: 기립근 | D24: 12 | E24: 3 | F24: 12~15 | G24: 40 | H24: 60 | I24: =IF(E24=0,0,ROUND((E24*(G24+H24)+N24)/60,1)) -> 5 | J24: [2026-10-02 사용자 요청 — 등 하는 날마다 3세트] **척추 신전을 강조해서 한다** — 등을 편 채 고관절만 접는 힌지식으로 하면 둔근 · 햄스트링이 주동근이 되고 기립근은 버티기만 한다. 그러면 09-04 규칙상 등척성이라 계수 0이고, 검산표의 기립근 직접 9가 거짓이 된다. 재택 메모의 핵심 문장이 이것이다. 중량은 더블 프로그레션 — 맨몸 15회를 전 세트에서 채우면 원판 5~10kg을 안는다. '맨몸'은 시작값이지 상한이 아니다(재택 대체 종목 칸에도 '원판 5~10kg 안고 (맨몸이 쉬워지면)'으로 적혀 있다). 원판을 안아도 된다 — 금지가 아니다. 다만 수요일 데드 톱1 + 백오프2 + 루마니안 3 다음날이라 일요일과 같은 중량이 안 나온다. 낮게 나오는 것이 정상이고 더블 프로그레션은 날마다 따로 본다. 되돌리는 트리거는 하나다 — 수요일 데드나 토요일 스쿼트가 2주 연속 안 오르면 이 날 중량을 가장 먼저 의심한다(다음 스쿼트까지 금요일 휴식 하나뿐이다). | K24: 원판 5~10kg 안고 (맨몸 15회가 쉬워지면) / 굿모닝(스미스) / 맨몸 유지 (허리가 무거운 주) / 건너뛴다
D25: 세트 합계 | E25: =SUM(E11:E24) -> 42 | I25: =ROUND(SUM(I11:I24),0) -> 95
A27: [데드 다음날에 수직 당기기를 둔 이유 — 2026-10-02]
A28: · 수요일 데드 · 루마니안이 그립 · 광배 · 기립근을 다 쓴다. 그 다음날 무거운 로우를 치면 등이 아니라 그립과 허리가 먼저 막힌다. 그래서 무거운 수평 로우 7세트(바벨 4 · 해머 3)를 일요일로 보냈다.
A29: · 남은 수직 당기기는 척추 부하가 거의 0이다 — 친업은 매달리고 랫풀다운은 앉아서 고정된다. 데드 다음날에 이보다 싼 등 자극이 없다.
A30: · 그립만 남은 변수다. 친업이 그립을 쓰므로 데드 다음날에는 어시스트 머신을 기본값으로 생각한다 — 이 날 광배가 실패해야 하고 그립이 실패하면 세트를 잃는다.
A31: · 주간 척추 부하 순서가 이렇게 된다 — 토 스쿼트(높음) → 일 백 익스텐션(낮음 · 2026-10-11 로우는 가슴 지지로) → 월 · 화 0 → 수 데드 + 루마니안(최고) → 목 수직 당기기 + 백 익스텐션(낮음) → 금 휴식.
A32: · [2026-10-02] 백 익스텐션 3세트가 이 날에 들어왔다. 원판을 안아도 되고 금지가 아니다 — 다만 데드 다음날이라 일요일보다 중량이 낮게 나오는 것이 정상이다. 되돌리는 트리거는 수요일 데드나 토요일 스쿼트가 2주 연속 안 오르는 것이다.
A34: [이 날이 세 블록인 이유]
A35: · 사용자 지정 — '목요일 가슴/등'. 거기에 팔 후반부가 붙어 등 → 가슴 → 팔 세 블록이 됐다. [2026-10-10] 등 · 가슴은 종목 단위로 번갈아 한다(사용자 결정) — 아래 줄.
A36: · 등(수직 18) → 가슴(상부 3 + 중하부 7) → 팔(삼두 3 · 이두 3) 순서다. 당기기와 밀기는 주동근이 겹치지 않아 한 세션에 붙여도 서로 깎지 않는다.
A37: · [2026-10-10 사용자 결정] 1~6번은 등 → 가슴 → 등 → 가슴 → 등 → 가슴(친업 · 인클라인 바벨 · 와이드 · 펙덱 · 언더그립 · 디클라인), 7~9번이 암풀다운 · 오버헤드 슈러그 · 페이스풀이다. 목적은 휴식 — 세트 사이 휴식은 그대로지만 같은 근육을 종목 사이에 약 10분씩 쉬게 해 둘째 · 셋째 랫풀다운과 가슴 종목이 덜 지친 채 들어간다. 데드 다음날이라 그립도 당기기 사이에 쉰다. 세트 단위 페어(A1/A2)는 시간이 20분 가까이 줄지만 두 기구를 동시에 잡아야 해 헬스장 사정상 불가 — 종목 단위라 시간은 그대로다. 친업은 가장 무거워 맨 앞을 지킨다.
A38: · 팔이 맨 뒤인 이유 — 앞의 18세트가 이두에 간접을 얹고, 가슴 8세트는 플라이라 삼두를 쓰지 않는다. 그래서 로프 푸쉬다운이 온전히 나온다.
A40: [세션 크기]
... A52: · N열 '드롭(초)'는 마지막 세트에 더해지는 시간이다. I열 종목 분에 합산되고, 앱 타이머는 마지막 세트를 그만큼 늘린 뒤 '드롭세트'라고 읊는다. E열 세트 수와 복귀_세트검산은 건드리지 않는다.
C54: [요청 원문 2026-10-02] 목요일 가슴/등 — 목요일 팔을 세트 후반부에 · 등도 나누고 / 등도 수평/수직으로 재택처럼 나뉘었으면 한다는거야 / 일요일을 수평으로 바꿔줘 / 그냥 다 넣어. 팔하는 날에는 슈퍼세트로 묶어서 (전완) / 목요일 날에 인클라인 벤치프레스 넣어줘. 3세트 / 디클라인 플라이 4 → 3 · 백 익스텐션 3 → 4 (사용자 엑셀 조정) / [2026-10-05] 암풀 다운 넣는게 맞을까? → 언더그립, 와이드그립 각각 3세트씩하고, 암풀다운 2세트 하는거는 어때?

Sheet 복귀_캐리
A1: 캐리 — 무겁게 들고 걷기 (생수배송 대비 · 2026-10-04 신설 · 2026-10-05 회차마다 증량으로 당김)
A2: 목표: 한 손 35kg(헬스장 덤벨 칸 · 2L 6병 묶음 3팩 = 손에 30~36kg)을 손에서 놓치지 않고 컨트롤한다. 세트 카운트 · 세트검산에는 넣지 않는다.
A4: 규칙
A5: 항목 | B5: 내용 | F5: 이유
A6: 요일 | B6: 토 · 수 — 하체 웨이트 끝나고 바로 | F6: 힘든 날은 몰아서 힘들게. 하체 전날(화 · 금)은 피한다
A7: 종목 | B7: 파머스 워크(덤벨) / 트랩바 캐리 | F7: 덤벨이 모자라면 트랩바에 원판 — 양손 72kg도 쉽게 만든다
A8: 양 | B8: 걷기 × 4(시간은 진행표 G열 · 보통 40초), 휴식 120초 | F8: 트럭 → 현관 구간이 이 길이다
A9: 시작 | B9: 한 손 24kg | F9: 데드 80kg이라 드는 힘은 충분하고, 막히는 건 악력이다
A10: 증량 | B10: 4번 다 안 놓치면 다음 회차(토 → 수 → 토 …) — 30까지는 한 손 +2kg, 30에서 50 → 60초로 늘린 뒤 35(덤벨 칸)로: 20 → 30 → 40초 | F10: 막힘 없으면 디로드 한 주 포함 4주 만에 36kg(10/31 토). 2026-10-05 주 1회 → 회차마다로 당겼다(사용자 결정, 원래 11/21). 이보다 빠르게는 안 올린다 — 팔꿈치 힘줄이 근육보다 늦게 적응한다
A11: 스트랩 | B11: 금지 | F11: 이 연습의 목적이 악력이다 (스텝박스에서는 허용)
A12: 빈도 | B12: 무겁게는 주 2회까지 | F12: 악력을 매일 무겁게 쓰면 회복이 안 돼 오히려 안 오른다. 나머지 날은 복귀_스텝박스로 채운다
A13: 재검토 조건 | B13: 같은 무게 3회 연속 놓침 · 팔꿈치 안쪽/바깥쪽 통증 | F13: 통증이 나면 그날 증량 금지. 리스트컬은 2026-10-04에 굴근을 줄였다(전완 실질 24 → 20) — 더 줄이는 건 이 조건일 때만
A14: 순서 | B14: 캐리 → 스텝박스(짧게) | F14: 악력이 신선할 때 무거운 걸 먼저
A16: 진행표 (회차 = 캐리 하는 날 · 토와 수)
A17: 회차 | B17: 날짜 | C17: 한 손 목표(kg) | D17: 양손 합계(kg) | E17: 실제 한 손(kg) | F17: 메모 (놓침 · 통증) | G17: 걷기(초)
A18: 1 | B18: 46298 | C18: 24 | D18: =C18*2 -> 48 | G18: 40
A19: 2 | B19: 46302 | C19: 26 | D19: =C19*2 -> 52 | G19: 40
A20: 3 | B20: 46305 | C20: 28 | D20: =C20*2 -> 56 | G20: 40
A21: 4 | B21: 46309 | C21: 30 | D21: =C21*2 -> 60 | G21: 40
A22: 5 | B22: 46312 | C22: 30 | D22: =C22*2 -> 60 | G22: 40
A23: 6 | B23: 46316 | C23: 30 | D23: =C23*2 -> 60 | G23: 40
A24: 7 | B24: 46319 | C24: 30 | D24: =C24*2 -> 60 | E24: 30 | F24: 목표 32 → 헬스장에 32 덤벨 없음 · 30으로 함 | G24: 40
A25: 8 | B25: 46323 | C25: 30 | D25: =C25*2 -> 60 | G25: 50
A26: 9 | B26: 46326 | C26: 30 | D26: =C26*2 -> 60 | G26: 60
A27: 10 | B27: 46330 | C27: 35 | D27: =C27*2 -> 70 | G27: 20
A28: 11 | B28: 46333 | C28: 35 | D28: =C28*2 -> 70 | G28: 30
A29: 12 | B29: 46337 | C29: 35 | D29: =C29*2 -> 70 | G29: 40
A30: 13 | B30: 46340 | C30: 35 | D30: =C30*2 -> 70 | G30: 40
A31: 14 | B31: 46344 | C31: 35 | D31: =C31*2 -> 70 | G31: 40
A32: 15 | B32: 46347 | C32: 35 | D32: =C32*2 -> 70 | G32: 40
A33: 16 | B33: 46351 | C33: 35 | D33: =C33*2 -> 70 | G33: 40
A34: 17 | B34: 46354 | C34: 35 | D34: =C34*2 -> 70 | G34: 40
A35: 18 | B35: 46358 | C35: 35 | D35: =C35*2 -> 70 | G35: 40
A36: · 5 · 6회차(10/17 토 · 10/21 수)는 디로드 주라 30kg 그대로 — 웨이트와 같이 한 주 멈추고, 앱에는 회차 대신 디로드로 뜬다. 디로드 날짜가 바뀌면 멈추는 줄도 같이 옮긴다. 다음 디로드는 12/5 주 — 그 전에 줄을 이어 붙인다. 놓친 회차는 같은 무게를 한 번 더 들고, 표는 날짜대로 간다(앱도 날짜로 고른다). [2026-10-25] 헬스장 덤벨이 30 · 35 · 40뿐이라 32 · 34 · 36 칸이 없다 — 덤벨로 하기로(사용자). 30에서 35는 +17%라 30에서 시간을 먼저 늘리고(사용자 요청 — 30으로 조금 더 준비) 35로 넘어가며 시간을 다시 쪼갠다: 10/28 30 × 50초 → 10/31 30 × 60초 → 11/4 35 × 20초 → 11/7 30초 → 11/11부터 40초 = 목표 도달 (배달 손 하중 30~36kg이라 35면 채운 것). 35 첫날 놓치면 30 × 60초로 한 번 돌아갔다가 다시 간다.

Sheet 복귀_스텝박스
A1: 스텝박스 오르내리기 + 덤벨 (생수배송 대비 · 2026-10-04 신설 · 10-05 천국의 계단 → 스텝박스 · 10-05 일 시작(11월 중순 ~ 12월 초)에 맞춰 메인 날마다 +2kg)
A2: 일 시작 기준: 한 손 35kg 맨손 × 2분 연속(지하 1층 → 7층 한 번) — 표대로면 11/18(수). 최종 목표 5분 연속은 11/28 칸에 있지만 못 채우면 일을 하면서 채운다. 세트 카운트 · 세트검산에는 넣지 않는다.
A4: 요일
A5: 요일 | B5: 구분 | I5: 이유
A6: 토 | B6: 메인 (캐리 뒤) | I6: 스쿼트 날 — 하체를 이미 쓴 날에 몰기
A7: 일 | B7: 짧게 | I7: 적응용
A8: 월 | B8: 짧게 | I8: 적응용
A9: 화 | B9: 없음 | I9: 다음 날 데드리프트
A10: 수 | B10: 메인 (캐리 뒤) | I10: 데드 날 — 하체를 이미 쓴 날에 몰기
A11: 목 | B11: 짧게 | I11: 적응용
A12: 금 | B12: 없음 (휴식) | I12: 다음 날 스쿼트
A14: 진행표 — 메인 날(토 · 수)마다 한 칸, 짧은 날(일 · 월 · 목)은 바로 앞 칸의 짧은 날 값 · 휴식은 전부 60초
A15: 회차 | B15: 날짜 | C15: 메인 한 손(kg) | D15: 메인 분 | E15: 메인 세트 | F15: 짧은 날 한 손(kg) | G15: 짧은 날 분 | H15: 짧은 날 세트 | I15: 짧은 날 손
A16: 1 | B16: 46302 | C16: 16 | D16: 2 | E16: 2 | F16: 16 | G16: 3 | H16: 2 | I16: 스트랩
A17: 2 | B17: 46305 | C17: 18 | D17: 2 | E17: 2 | F17: 18 | G17: 3 | H17: 2 | I17: 스트랩
A18: 3 | B18: 46309 | C18: 20 | D18: 2 | E18: 2 | F18: 20 | G18: 3 | H18: 2 | I18: 스트랩
A19: 4 | B19: 46312 | C19: 20 | D19: 2 | E19: 2 | F19: 20 | G19: 3 | H19: 2 | I19: 스트랩
A20: 5 | B20: 46316 | C20: 20 | D20: 2 | E20: 2 | F20: 20 | G20: 3 | H20: 2 | I20: 스트랩
A21: 6 | B21: 46319 | C21: 22 | D21: 2 | E21: 2 | F21: 22 | G21: 4 | H21: 2 | I21: 스트랩
A22: 7 | B22: 46323 | C22: 24 | D22: 2 | E22: 2 | F22: 24 | G22: 4 | H22: 2 | I22: 스트랩
A23: 8 | B23: 46326 | C23: 26 | D23: 2 | E23: 2 | F23: 26 | G23: 5 | H23: 2 | I23: 스트랩
A24: 9 | B24: 46330 | C24: 28 | D24: 2 | E24: 2 | F24: 28 | G24: 5 | H24: 2 | I24: 스트랩
A25: 10 | B25: 46333 | C25: 30 | D25: 2 | E25: 2 | F25: 30 | G25: 5 | H25: 2 | I25: 스트랩
A26: 11 | B26: 46337 | C26: 35 | D26: 1 | E26: 2 | F26: 30 | G26: 5 | H26: 2 | I26: 스트랩
A27: 12 | B27: 46340 | C27: 35 | D27: 1.5 | E27: 2 | F27: 35 | G27: 5 | H27: 2 | I27: 스트랩
... A32: 17 | B32: 46358 | C32: 35 | D32: 5 | E32: 2 | F32: 35 | G32: 5 | H32: 2 | I32: 스트랩
A33: · 디로드 주(10/17 토 · 10/21 수) 줄은 직전 칸 그대로 — 웨이트 · 캐리와 같이 멈춘다. 표는 12/2에서 끝난다 — 다음 디로드(12/5 주) 즈음이면 배달 일이 이 표를 대신한다. [2026-10-25] 덤벨이 30 다음 35라 32 · 34 · 36 칸을 없앴다 — 11/11 35 × 1분 → 11/14 1.5분 → 11/18 2분(일 시작 기준 날짜 그대로) → 3 · 4 · 5분. 짧은 날(스트랩)은 11/11만 30, 11/14부터 35.
A35: 규칙
A36: · 메인 날(토 · 수 — 캐리 뒤)은 맨손. 시간은 2분 × 2로 고정하고 한 칸마다 +2kg. 36kg에 닿으면 그때부터 시간을 3 → 4 → 5분으로 늘린다. 시간과 무게를 한 번에 둘 다 올리지 않는다.
A37: · 짧은 날(일 · 월 · 목)은 바로 앞 메인과 같은 무게 · 스트랩 착용 · 시간은 3분 × 2(~10/23, 디로드 주 포함) → 4분 × 2(10/24~) → 5분 × 2(10/31~ 고정). 다리와 숨은 메인만큼 힘들게, 손과 팔꿈치(바깥쪽 신근)는 쉬게 — 맨손으로 무겁게 쥐는 날은 주 2회(토 · 수)로 지킨다. 스트랩이라 무게와 시간이 같이 올라도 된다 — '둘 다 한 번에 올리지 않는다'는 손을 지키는 규칙이다(2026-10-05 사용자 결정).
A38: · 메인 날 맨손으로 미끄러지기 시작하면 스트랩을 차고 시간만 채운다 — 그 세트는 맨손 기록으로 치지 않는다.
A39: · 표는 날짜로 간다. 칸을 못 채웠으면(내려놓음 · 스트랩) 다음 메인 날 그 칸을 한 번 더 하고, 팔꿈치 바깥쪽 통증이 4/10을 넘는 날은 무게를 올리지 않는다.
A40: · 높이: 실제 계단 한 칸(17~18cm)에 맞춘다 — 발판에 받침 1단이면 대개 이 높이다. 높이 올리기는 시간 · 무게 다음의 마지막 수단이고, 무릎이 90°보다 깊게 굽는 높이는 쓰지 않는다.
A41: · 동작: 올라-올라-내려-내려가 1회, 분당 20회 안팎. 발 전체를 판 위에 올리고(뒤꿈치가 걸치지 않게) 올라간 다리로 밀어 선다 — 뒷발로 튕기지 않는다.
A42: · 리드 다리: 1분마다(또는 20회마다) 바꾼다. 한쪽만 먼저 올리면 그 다리만 지친다.
A43: · 안전: 내려설 때는 발판 바로 뒤에 — 멀리 내리면 뒤로 넘어진다. 발판이 매트 위에서 밀리지 않는지 먼저 확인한다. 덤벨이 미끄러지거나 다리가 휘청이면 시간을 못 채워도 바로 끊는다.
A44: · 내려오는 동작을 천천히 — 배달에서 계단 내려올 때 브레이크를 거는 힘(허벅지 앞 신장성)이 여기서 길러진다. 기계 계단에는 없던 부분이다.
A45: · 현실 점검: 막힘 없이 가면 11/18 36kg × 2분이지만, 손이 먼저 막혀 26~30kg 근처에서 같은 칸을 몇 번 반복하는 게 흔하다. 12월 초 30kg 이상 × 2분이면 일을 시작해도 된다 — 캐리 표대로면 36kg × 40초는 10/31에 이미 된다.
A46: · 배달 일이 시작되면 실제 일(몇 층 · 몇 팩 · 한 번에 몇 분)과 비교해 이 표를 다시 본다.

Sheet 복귀_증량원칙
A1: 복귀 버전 — 증량 및 판단 기준 (주 6회 · 2026-10-02 개편)
A2: 현장 근무가 끝나 요일을 고정할 수 있게 됐다. 빈도를 주 4회 → 6회로 올리고 데드를 성장으로 돌린다.
A4: 항목 | B4: 재택 버전 | C4: 복귀 버전 (주 6회) | D4: 이유
A5: 목표 | B5: 성장 | C5: 성장 | D5: 현장 근무가 끝나 '완만한 성장'으로 눌러둘 이유가 없어졌다. 재택과 같은 방향으로 되돌린다
A6: 빈도 | B6: 주 6회 | C6: 주 6회 (토~목 · 금 휴식) | D6: 요일을 고정할 수 있게 됐다. 큰 부위 셋을 둘로 쪼개 가슴 · 등 · 하체 빈도를 주 2회로 올렸다
A7: 총 세트 | B7: 주당 환산 161세트 | C7: 220세트 | D7: 주 4회 140에서 올렸다. 유지선은 75. 현장 일 보정이 사라진 자리들 + 2026-10-02 사용자 추가 여섯(원 레그 컬 · 발 높은 레그 프레스 · 수요일 이너/아우터 · 페이스풀 · 전완 슈퍼세트 주 3회 · 백 익스텐션 주 2회) · 2026-10-04 월요일 측면 +4 · 후면 +2 · 2026-10-05 후면 +2 · 이두 +1 · 2026-10-06 측면 +5(토 · 수 레터럴을 세션당 6까지) · 후면 +2(토 리버스 펙덱 4 → 6) · 이두 +3(화 해머 컬)
A8: 증량 방식 | B8: 매주 선형 | C8: 메인 4종목 선형 · 나머지는 더블 프로그레션 | D8: 데드가 '지키는 종목'에서 풀려 선형 넷이 됐다. 보조는 반복을 먼저 채우고 중량을 올린다
A9: 증량 폭 | B9: 하체 5 / 벤치 2.25 / 프레스 1.25 | C9: 스쿼트 · 데드 매주 2~3 / 벤치 매주 1 / 프레스 격주 1 | D9: 작은 원판이 2.5 · 1 · 0.5kg 각 2개뿐이라 봉 전체 1kg이 최소 계단이다. 증량기록 30주 표가 폭을 정한다
A10: 미는 종목 | B10: 전부 | C10: 스쿼트 5×5 · 벤치 4×8 · 오버헤드 3×8 · 데드 톱1+백오프2 | D10: 넷 다 세션 앞쪽에 둔다. 오버헤드 프레스만 어깨 블록 첫 종목이라 수요일 13세트 뒤다 — 복귀_수_하체후면 참조
A11: 지키는 종목 | B11: — | C11: 없음 | D11: 2026-10-02에 데드를 풀었다. 허리와 직접 경쟁하던 현장 일이 끝났다
A12: 실패지점 | B12: 2~3회 남기고 | C12: 2~3회 남기고 | D12: 다음날 현장 일이 없으므로 재택 기준으로 되돌린다. 메인 리프트는 3~4회 남기고가 그대로다
A13: 팔 전용 종목 | B13: 25세트 | C13: 화요일 24세트 (삼두 3 · 이두 3 · 전완 6 · 목 6 · 복근 6) | D13: 팔 주간 세트는 삼두 9 · 이두 9이고 셋으로 나뉘어 있다(일 · 화 · 목 각 3). 화요일이 유일하게 '전용'인 것은 전완 · 목이다(복근은 2026-10-10 월요일로)
A14: 장비 | B14: 프리웨이트 중심 | C14: 머신 · 케이블 중심 (스쿼트 · 벤치 · 데드 제외) | D14: 복귀 중 익힌 구성이고 6일 연속에서는 안정화 부담이 적은 쪽이 남는다. 바벨 로우는 스미스로 둔 채다(2026-10-11 인클라인 덤벨 로우로 바꿨다 — 가슴 지지)
A17: [중량은 주 단위로 오른다 — 2026-09-13 전환 유지]
A18: · 중량은 '시작중량_설정' C4의 주차가 정하고, 증량기록 시트의 30주 표가 주차마다 한 줄이다.
A19: · 주 6회로 바뀌어도 이 속도는 안 바뀐다 — 표는 주차에 매달려 있고 주당 세션 수와 무관하다.
A20: · 프레스만 격주다. 0.5kg 원판이 한쪽 하나뿐이라 봉 전체 1kg이 최소 계단인데, 그걸 매주 올리면 설계 폭의 두 배 반이 된다.
A21: · 올리기 전에 그 주의 결과를 증량기록에 먼저 적는다. 목표 반복을 못 채운 리프트는 X를 넣어 그 칸만 유지시킨다.
A22: · 사다리는 못 끼우는 값(5로 나눈 나머지 4)을 자동으로 1kg 올린다. 그래서 주마다 폭이 +2가 되기도 +3이 되기도 한다.
A24: [더블 프로그레션 — 보조 종목의 기본 증량법]
A25: · 목표 반복이 8~12라면, 전 세트에서 12회를 채운 다음 주에 중량을 올린다. 올린 주에는 반복이 8회로 떨어지는 것이 정상이다.
A26: · 선형은 날짜가 증량을 정하고 더블 프로그레션은 몸이 정한다. 6일 연속에서 컨디션이 흔들릴 때 뒤쪽이 안 무너진다.
A27: · 메인 넷(스쿼트 · 벤치 · 오버헤드 프레스 · 데드)만 선형으로 남긴다. 반복이 고정이라 반복으로 진행을 잴 수가 없기 때문이다 — 스쿼트 · 데드 · 오버헤드는 5회, 벤치만 8회다((2026-10-02 사용자 지정)). 반복이 고정인 것은 같으므로 증량 방식은 그대로다: 증량기록 표가 매주 올리고, 목표 반복을 못 채운 주에는 X를 넣어 그 칸을 유지시킨다.
A29: [판단 기준]
A30: · 주 6회의 유일한 지표는 토요일 스쿼트다. 금요일 하루를 쉬고 들어가는 자리이므로 거기서 안 오르면 주 전체가 과한 것이다.
... A61: · 못 채운 주가 이어져도 실패가 아니다 — 증량기록에 X를 넣으면 그 주 중량이 유지된다.

Sheet 복귀_간접계수맵
A1: 복귀판 간접 세트 계수 맵 — 복귀_세트검산 간접 열(C)의 계산 원천
A2: 각 줄 = "이 종목이 → 이 근육에 → 계수만큼 기여". 원천세트는 요일 시트 E열에서 이름 매칭으로 자동 산출되고, 간접세트 = 계수 × 원천세트다.
A3: 이름 매칭 실패 줄 수 (0이어야 정상 — 0이 아니면 요일 시트에서 종목 이름이 바뀐 것이다) | F3: =COUNTIF($E$7:$E$100,"?") -> 0
A4: 계수 규칙(상한 0.5): 0.5 = 명확한 협력근(능동 수축 · 신전) · 0.33 = 부분 협력(관여하나 비주도) · 0.2 = 등척성 지지나 약관여 · 0 = 계상하지 않음
A6: 원천 슬롯 | B6: 원천종목 | C6: 대상근육 | D6: 계수 | E6: 원천세트 | F6: 간접세트 | G6: 출처 | H6: 계수 근거
A7: 복귀_월_가슴 | B7: 벤치프레스 | C7: 삼두 | D7: 0.5 | E7: =IFERROR(INDEX(INDIRECT("'"&$A7&"'!$E$1:$E$60"),MATCH($B7,INDIRECT("'"&$A7&"'!$B$1:$B$60"),0)),"?") -> 4 | F7: =IF(ISNUMBER(E7),$D7*E7,0) -> 2 | G7: C | H7: 프레스 중 팔꿈치 신전 — 강한 협력. [2026-10-08 0.33 → 0.5] 0.33의 근거였던 5×5 저반복 본세트가 2026-10-02에 4×8로 바뀌어 사라졌다. 8회면 보조 프레스와 같은 조건이라 0.5. 시티드 바벨 밀리터리(3×5)는 저반복 그대로라 0.33 유지. 간접은 대부분 외측두 · 내측두로 간다.
A8: 복귀_월_가슴 | B8: 인클라인 벤치프레스 머신 | C8: 삼두 | D8: 0.5 | E8: =IFERROR(INDEX(INDIRECT("'"&$A8&"'!$E$1:$E$60"),MATCH($B8,INDIRECT("'"&$A8&"'!$B$1:$B$60"),0)),"?") -> 3 | F8: =IF(ISNUMBER(E8),$D8*E8,0) -> 1.5 | G8: C | H8: 프레스 중 팔꿈치 신전 — 강한 협력
A9: 복귀_월_가슴 | B9: 딥스 | C9: 삼두 | D9: 0.5 | E9: =IFERROR(INDEX(INDIRECT("'"&$A9&"'!$E$1:$E$60"),MATCH($B9,INDIRECT("'"&$A9&"'!$B$1:$B$60"),0)),"?") -> 3 | F9: =IF(ISNUMBER(E9),$D9*E9,0) -> 1.5 | G9: C | H9: 하방 프레스 중 팔꿈치 신전 — 몸을 세우면 삼두 비중이 더 커진다
A10: 복귀_토_하체전면 | B10: 머신 숄더 프레스 | C10: 삼두 | D10: 0.2 | E10: =IFERROR(INDEX(INDIRECT("'"&$A10&"'!$E$1:$E$60"),MATCH($B10,INDIRECT("'"&$A10&"'!$B$1:$B$60"),0)),"?") -> 4 | F10: =IF(ISNUMBER(E10),$D10*E10,0) -> 0.8 | G10: C | H10: 프레스 중 팔꿈치 신전 — 약관여. [2026-10-23 0.5 → 0.2 · 사용자 결정] 내리는 건 인중까지 · 위에서도 끝까지 안 편다 — 삼두가 주도하는 락아웃 구간이 빠진 부분 가동범위. 끝까지 펴게 되면 0.5로 되돌린다. 측면삼각(0.33)은 그대로.
A11: 복귀_수_하체후면 | B11: 시티드 바벨 밀리터리 프레스 | C11: 삼두 | D11: 0.2 | E11: =IFERROR(INDEX(INDIRECT("'"&$A11&"'!$E$1:$E$60"),MATCH($B11,INDIRECT("'"&$A11&"'!$B$1:$B$60"),0)),"?") -> 3 | F11: =IF(ISNUMBER(E11),$D11*E11,0) -> 0.6 | G11: C | H11: [2026-10-23 0.5 → 0.2 · 사용자가 엑셀에서 직접 변경] 오버헤드 프레스 삼두 신전 — 5×5 저반복 본세트 하향. 머신 숄더 프레스(0.5)와 구분. 재택 2026-09-04 0.5→0.33 (2026-10-02 재택 09-04 규칙서 정렬) [2026-10-21 0.33 → 0.5] 3×5 → 3×8 — 저반복 하향 근거가 사라졌다. 벤치(2026-10-08)와 같은 처리.
A12: 복귀_목_수직당기기 | B12: 친업 (어시스트 가능) | C12: 이두 | D12: 0.5 | E12: =IFERROR(INDEX(INDIRECT("'"&$A12&"'!$E$1:$E$60"),MATCH($B12,INDIRECT("'"&$A12&"'!$B$1:$B$60"),0)),"?") -> 4 | F12: =IF(ISNUMBER(E12),$D12*E12,0) -> 2 | G12: C | H12: 뒤침 그립 — 이두가 유리한 자리에서 능동 굴곡. 당기기 → 이두 계수는 그립으로 정한다: 뒤침 0.5 · 뉴트럴 0.33 · 엎침 0.2 (2026-09-04 원칙)
A13: 복귀_목_수직당기기 | B13: 랫풀다운(언더그립 좁게 안쪽으로) | C13: 이두 | D13: 0.5 | E13: =IFERROR(INDEX(INDIRECT("'"&$A13&"'!$E$1:$E$60"),MATCH($B13,INDIRECT("'"&$A13&"'!$B$1:$B$60"),0)),"?") -> 3 | F13: =IF(ISNUMBER(E13),$D13*E13,0) -> 1.5 | G13: C | H13: 뒤침 그립 좁게 — 능동 굴곡. 당기기 → 이두 계수는 그립으로 정한다: 뒤침 0.5 · 뉴트럴 0.33 · 엎침 0.2 (2026-09-04 원칙)
A14: 복귀_목_수직당기기 | B14: 와이드 오버그립 랫풀다운 | C14: 이두 | D14: 0.2 | E14: =IFERROR(INDEX(INDIRECT("'"&$A14&"'!$E$1:$E$60"),MATCH($B14,INDIRECT("'"&$A14&"'!$B$1:$B$60"),0)),"?") -> 3 | F14: =IF(ISNUMBER(E14),$D14*E14,0) -> 0.6 | G14: C | H14: 엎침 그립 수직 당기기. 당기기 → 이두 계수는 그립으로 정한다: 뒤침 0.5 · 뉴트럴 0.33 · 엎침 0.2 (2026-09-04 원칙)
A15: 복귀_일_수평당기기 | B15: 원암 케이블 로우 | C15: 이두 | D15: 0.33 | E15: =IFERROR(INDEX(INDIRECT("'"&$A15&"'!$E$1:$E$60"),MATCH($B15,INDIRECT("'"&$A15&"'!$B$1:$B$60"),0)),"?") -> 4 | F15: =IF(ISNUMBER(E15),$D15*E15,0) -> 1.32 | G15: C | H15: 좁은 뉴트럴 그립 — 엎침과 뒤침 사이. 당기기 → 이두 계수는 그립으로 정한다: 뒤침 0.5 · 뉴트럴 0.33 · 엎침 0.2 (2026-09-04 원칙)
A16: 복귀_일_수평당기기 | B16: 시티드 케이블 로우 | C16: 이두 | D16: 0.33 | E16: =IFERROR(INDEX(INDIRECT("'"&$A16&"'!$E$1:$E$60"),MATCH($B16,INDIRECT("'"&$A16&"'!$B$1:$B$60"),0)),"?") -> 2 | F16: =IF(ISNUMBER(E16),$D16*E16,0) -> 0.66 | G16: C | H16: 좁은 뉴트럴 그립(V바) — 원암 케이블 로우와 같은 등급. 당기기 → 이두 계수는 그립으로 정한다: 뒤침 0.5 · 뉴트럴 0.33 · 엎침 0.2 (2026-09-04 원칙). 재택 6일차 시티드 케이블 로우와 같은 계수 (2026-10-04 원암 4 → 양팔 2 + 원암 2로 신설)
A17: 복귀_일_수평당기기 | B17: 인클라인 덤벨 로우(오버그립) | C17: 이두 | D17: 0.2 | E17: =IFERROR(INDEX(INDIRECT("'"&$A17&"'!$E$1:$E$60"),MATCH($B17,INDIRECT("'"&$A17&"'!$B$1:$B$60"),0)),"?") -> 3 | F17: =IF(ISNUMBER(E17),$D17*E17,0) -> 0.6 | G17: C | H17: 엎침 그립 수평 로우. 당기기 → 이두 계수는 그립으로 정한다: 뒤침 0.5 · 뉴트럴 0.33 · 엎침 0.2 (2026-09-04 원칙)
A18: 복귀_일_수평당기기 | B18: 해머 스트랭스 로우(오버그립) | C18: 이두 | D18: 0.2 | E18: =IFERROR(INDEX(INDIRECT("'"&$A18&"'!$E$1:$E$60"),MATCH($B18,INDIRECT("'"&$A18&"'!$B$1:$B$60"),0)),"?") -> 4 | F18: =IF(ISNUMBER(E18),$D18*E18,0) -> 0.8 | G18: C | H18: 엎침 그립 + 팔꿈치 벌린 수평 로우 — 굽히는 일은 주로 상완근 · 상완요골근. 당기기 → 이두 계수는 그립으로 정한다: 뒤침 0.5 · 뉴트럴 0.33 · 엎침 0.2 (2026-09-04 원칙)
... A83: 복귀_수_하체후면 | B83: 덤벨 숄더 프레스 | C83: 승모(상부) | D83: 0.2 | E83: =IFERROR(INDEX(INDIRECT("'"&$A83&"'!$E$1:$E$60"),MATCH($B83,INDIRECT("'"&$A83&"'!$B$1:$B$60"),0)),"?") -> 3 | F83: =IF(ISNUMBER(E83),$D83*E83,0) -> 0.6 | G83: C | H83: 머리 위 구간 견갑 상방 회전 — 약한 관여. 밀리터리와 같은 등급 (2026-10-21 신설)

Sheet 복귀_세트검산
A1: 근육군별 주간 세트 — 복귀판 검산
A2: 세트는 근육군 단위로 센다. 복귀판은 주 6회 · 주 단위이므로 이 표의 숫자가 곧 주간 세트다 — 재택판처럼 주당 환산을 할 필요가 없다.
A4: 근육군 | B4: 직접 세트 | C4: 간접 추정 | D4: 실질 | E4: 판정 | F4: 간접 출처 / 비고
A5: 흉근(상부) | B5: =SUMIFS(복귀_토_하체전면!$E:$E,복귀_토_하체전면!$C:$C,$A5)+SUMIFS(복귀_일_수평당기기!$E:$E,복귀_일_수평당기기!$C:$C,$A5)+SUMIFS(복귀_월_가슴!$E:$E,복귀_월_가슴!$C:$C,$A5)+SUMIFS(복귀_화_팔!$E:$E,복귀_화_팔!$C:$C,$A5)+SUMIFS(복귀_수_하체후면!$E:$E,복귀_수_하체후면!$C:$C,$A5)+SUMIFS(복귀_목_수직당기기!$E:$E,복귀_목_수직당기기!$C:$C,$A5) -> 9 | C5: =MROUND(SUMIFS(복귀_간접계수맵!$F$7:$F$100,복귀_간접계수맵!$C$7:$C$100,$A5),0.5) -> 0 | D5: =B5+C5 -> 9 | E5: =IF(D5>20,"과다 점검",IF(D5>=10,"충분",IF(D5>=8,"하한",IF(D5>=1,"보완 필요","미배치")))) -> 하한 | F5: 직접 9세트: 월요일 인클라인 벤치프레스 머신 3 · 인클라인 덤벨 플라이 3 + 목요일 인클라인 벤치프레스(바벨) 3 (2026-10-02 사용자 요청). 월요일 둘을 4 → 3으로 내려 합산을 22.5까지 낮췄다가 목요일에 3을 더해 25.5가 됐다 — 주 1회 6에서 주 2회 9로 바뀐 셈이다. 간접 0 — 흉근 상/하는 I열에서 합산 판정하므로 서로에게 간접을 얹지 않는다(2026-10-02 교차 계상 제거). 상부지를 복합 하나 · 고립 하나로 나눠 각 4세트다. 단독 판정이 '하한'으로 뜨지만 흉근은 I열 합산(25.0)으로 판정한다 | H5: 흉근 합산(상+중하) | I5: =SUM(D5:D6) -> 23.5
A6: 흉근(중하부) | B6: =SUMIFS(복귀_토_하체전면!$E:$E,복귀_토_하체전면!$C:$C,$A6)+SUMIFS(복귀_일_수평당기기!$E:$E,복귀_일_수평당기기!$C:$C,$A6)+SUMIFS(복귀_월_가슴!$E:$E,복귀_월_가슴!$C:$C,$A6)+SUMIFS(복귀_화_팔!$E:$E,복귀_화_팔!$C:$C,$A6)+SUMIFS(복귀_수_하체후면!$E:$E,복귀_수_하체후면!$C:$C,$A6)+SUMIFS(복귀_목_수직당기기!$E:$E,복귀_목_수직당기기!$C:$C,$A6) -> 14 | C6: =MROUND(SUMIFS(복귀_간접계수맵!$F$7:$F$100,복귀_간접계수맵!$C$7:$C$100,$A6),0.5) -> 0.5 | D6: =B6+C6 -> 14.5 | E6: =IF(D6>20,"과다 점검",IF(D6>=10,"충분",IF(D6>=8,"하한",IF(D6>=1,"보완 필요","미배치")))) -> 충분 | F6: 직접 14세트: 월요일 벤치 4(4×8) · 딥스 3 · 목요일 펙덱 플라이 4 · 디클라인 케이블 플라이 3 (2026-10-02 사용자 지정). 간접 0.6 — 인클라인 덤벨 플라이 0.2×3 (인클라인 머신의 교차 간접은 2026-10-02에 0으로). 수평 · 하방 · 내전 세 벡터가 다 들어 있다
A7: 광배 | B7: =SUMIFS(복귀_토_하체전면!$E:$E,복귀_토_하체전면!$C:$C,$A7)+SUMIFS(복귀_일_수평당기기!$E:$E,복귀_일_수평당기기!$C:$C,$A7)+SUMIFS(복귀_월_가슴!$E:$E,복귀_월_가슴!$C:$C,$A7)+SUMIFS(복귀_화_팔!$E:$E,복귀_화_팔!$C:$C,$A7)+SUMIFS(복귀_수_하체후면!$E:$E,복귀_수_하체후면!$C:$C,$A7)+SUMIFS(복귀_목_수직당기기!$E:$E,복귀_목_수직당기기!$C:$C,$A7) -> 21 | C7: =MROUND(SUMIFS(복귀_간접계수맵!$F$7:$F$100,복귀_간접계수맵!$C$7:$C$100,$A7),0.5) -> 3.5 | D7: =B7+C7 -> 24.5 | E7: =IF(D7>20,"과다 점검",IF(D7>=10,"충분",IF(D7>=8,"하한",IF(D7>=1,"보완 필요","미배치")))) -> 과다 점검 | F7: [2026-10-25 사용자 결정] 일요일 6번 하이로우 머신(언더그립) 3 신설 — 직접 18 → 21 · 일요일 광배 6 → 9(세션당 6세트 기준의 예외 · 목요일까지 밤 4번). 늘어난 위치 · 외회전 마무리이고 대원근도 이 줄로 센다. 직접 18세트: 목요일(수직) 친업 4 · 와이드 오버그립 랫풀다운 3 · 언더그립 좁게 3 · 암풀다운 2 (2026-10-05 랫풀다운 둘 4 → 3, 그 2세트를 늘어난 위치 고립으로) + 일요일(수평) 시티드 케이블 로우 2 · 원암 케이블 로우 4 (2026-10-02 사용자 조정 4세트 · 2026-10-04 양팔 2 + 원암 2로 분할 · 이후 1 + 3 · 2026-10-07 각 +1로 6 — 세션당 6세트 기준, 사용자 결정). 간접 3.5 — 해머 로우 0.5×4 + 인클라인 덤벨 로우 0.5×3(둘 다 일요일). [2026-10-02 정정] 등을 근육군이 아니라 움직임 평면으로 갈라 광배가 두 날에 11/3으로 걸린다 — 그 전에는 한 날에 14였고 '주 1회'로 적혔지만 반대 날 로우가 전부 광배를 쓰고 있었다 | H7: 등 합산 | I7: =SUM(D7:D10) -> 59
A8: 승모(상부) | B8: =SUMIFS(복귀_토_하체전면!$E:$E,복귀_토_하체전면!$C:$C,$A8)+SUMIFS(복귀_일_수평당기기!$E:$E,복귀_일_수평당기기!$C:$C,$A8)+SUMIFS(복귀_월_가슴!$E:$E,복귀_월_가슴!$C:$C,$A8)+SUMIFS(복귀_화_팔!$E:$E,복귀_화_팔!$C:$C,$A8)+SUMIFS(복귀_수_하체후면!$E:$E,복귀_수_하체후면!$C:$C,$A8)+SUMIFS(복귀_목_수직당기기!$E:$E,복귀_목_수직당기기!$C:$C,$A8) -> 3 | C8: =MROUND(SUMIFS(복귀_간접계수맵!$F$7:$F$100,복귀_간접계수맵!$C$7:$C$100,$A8),0.5) -> 3 | D8: =B8+C8 -> 6 | E8: =IF(D8>20,"과다 점검",IF(D8>=10,"충분",IF(D8>=8,"하한",IF(D8>=1,"보완 필요","미배치")))) -> 보완 필요 | F8: 직접 3세트: 일요일(수평) 트랩바 슈러그 3 — 재택도 수평 날에 둔다 (2026-10-02 신설). 간접 1.4 — 오버헤드 프레스 · 인클라인 덤벨 로우 각 0.2 (데드의 등척성 견갑대 유지는 2026-10-02에 0으로). 현장 일이 하루치를 얹어주던 것이 끝나 0 → 3으로 되살렸다. 재택 6일차와 같은 종목이다 | H8: 등 중요부위 | I8: =SUM(복귀_일_수평당기기!E11:E15,복귀_목_수직당기기!E11,복귀_목_수직당기기!E13,복귀_목_수직당기기!E15,복귀_목_수직당기기!E17) -> 28
A9: 승모(하부) | B9: =SUMIFS(복귀_토_하체전면!$E:$E,복귀_토_하체전면!$C:$C,$A9)+SUMIFS(복귀_일_수평당기기!$E:$E,복귀_일_수평당기기!$C:$C,$A9)+SUMIFS(복귀_월_가슴!$E:$E,복귀_월_가슴!$C:$C,$A9)+SUMIFS(복귀_화_팔!$E:$E,복귀_화_팔!$C:$C,$A9)+SUMIFS(복귀_수_하체후면!$E:$E,복귀_수_하체후면!$C:$C,$A9)+SUMIFS(복귀_목_수직당기기!$E:$E,복귀_목_수직당기기!$C:$C,$A9) -> 3 | C9: =MROUND(SUMIFS(복귀_간접계수맵!$F$7:$F$100,복귀_간접계수맵!$C$7:$C$100,$A9),0.5) -> 4 | D9: =B9+C9 -> 7 | E9: =IF(D9>20,"과다 점검",IF(D9>=10,"충분",IF(D9>=8,"하한",IF(D9>=1,"보완 필요","미배치")))) -> 보완 필요 | F9: 직접 3세트: 목요일(수직) 오버헤드 슈러그 3 — 팔이 머리 위라 수직 날에 맞는다. 간접 2.8 — 친업 · 언더그립 랫풀다운 · 와이드 랫풀다운 · 암풀다운 · 해머 스트랭스 로우 각 0.2. 팔이 머리 위에 고정된 채 견갑을 내리는 종목이 이것뿐이다
A10: 승모(중부)·능형근 | B10: =SUMIFS(복귀_토_하체전면!$E:$E,복귀_토_하체전면!$C:$C,$A10)+SUMIFS(복귀_일_수평당기기!$E:$E,복귀_일_수평당기기!$C:$C,$A10)+SUMIFS(복귀_월_가슴!$E:$E,복귀_월_가슴!$C:$C,$A10)+SUMIFS(복귀_화_팔!$E:$E,복귀_화_팔!$C:$C,$A10)+SUMIFS(복귀_수_하체후면!$E:$E,복귀_수_하체후면!$C:$C,$A10)+SUMIFS(복귀_목_수직당기기!$E:$E,복귀_목_수직당기기!$C:$C,$A10) -> 13 | C10: =MROUND(SUMIFS(복귀_간접계수맵!$F$7:$F$100,복귀_간접계수맵!$C$7:$C$100,$A10),0.5) -> 8.5 | D10: =B10+C10 -> 21.5 | E10: =IF(D10>20,"과다 점검",IF(D10>=10,"충분",IF(D10>=8,"하한",IF(D10>=1,"보완 필요","미배치")))) -> 과다 점검 | F10: 직접 13세트: 일요일(수평) 해머 스트랭스 로우 4 · 인클라인 덤벨 로우 3 · 스캡 슈러그 3 + 목요일(수직) 페이스풀 3. 10/3으로 나뉜다 — 페이스풀이 없으면 일요일 주 1회가 되므로 그 자리를 유지한다(재택도 페이스풀을 수직 날에 둔다). 간접 5.0 — 시티드 · 원암 케이블 로우 0.5×(2+4) + 리버스 펙덱 0.33×4 + 케이블 리버스 플라이 0.33×3 + 벤트오버 레터럴 0.33×3 (케이블 리버스 플라이는 경부하 리어델트라 2026-10-02에 0.5 → 0.33)
A11: 기립근 | B11: =SUMIFS(복귀_토_하체전면!$E:$E,복귀_토_하체전면!$C:$C,$A11)+SUMIFS(복귀_일_수평당기기!$E:$E,복귀_일_수평당기기!$C:$C,$A11)+SUMIFS(복귀_월_가슴!$E:$E,복귀_월_가슴!$C:$C,$A11)+SUMIFS(복귀_화_팔!$E:$E,복귀_화_팔!$C:$C,$A11)+SUMIFS(복귀_수_하체후면!$E:$E,복귀_수_하체후면!$C:$C,$A11)+SUMIFS(복귀_목_수직당기기!$E:$E,복귀_목_수직당기기!$C:$C,$A11) -> 9 | C11: =MROUND(SUMIFS(복귀_간접계수맵!$F$7:$F$100,복귀_간접계수맵!$C$7:$C$100,$A11),0.5) -> 1.5 | D11: =B11+C11 -> 10.5 | E11: =IF(D11>20,"과다 점검",IF(D11>=10,"충분",IF(D11>=8,"하한",IF(D11>=1,"보완 필요","미배치")))) -> 충분 | F11: 직접 9세트: 수요일 데드 톱 1 + 백오프 2 + 일요일 백 익스텐션 3 · 목요일 3(45도 · 맨몸) (재택도 당기기 두 날에 3세트씩 둔다 · 2026-10-02에 목요일만 4로 올렸다가 2026-10-09 사용자 결정으로 3으로 되돌렸다 — 목요일 96분 부담). 3 → 10 → 9로 '보완 필요'가 '충분'이 됐다. **척추 신전을 강조해서 해야 이 9세트가 유효하다** — 등을 편 채 고관절만 접는 힌지식으로 하면 둔근 · 햄스트링이 주동근이 되고 기립근은 버티기만 한다. 그러면 09-04 규칙상 등척성이라 계수 0이고 이 숫자가 거짓이 된다. 중량은 더블 프로그레션 — 맨몸 15회를 채우면 원판 5~10kg을 안는다('맨몸'은 시작값이지 상한이 아니다). 목요일 것도 원판 금지가 아니고, 데드 다음날이라 일요일보다 낮게 나오는 것이 정상이다 — 수요일 데드나 토요일 스쿼트가 2주 연속 안 오르면 그 날 중량을 먼저 의심한다. 간접 1.5 — 루마니안 데드 0.5×3뿐이다. 스미스 바벨 로우 · 오버헤드 슈러그의 0.2는 2026-10-05에 0으로 내렸다(아래 '다음 카드' 정리). 스쿼트 · 트랩바 슈러그의 등척성 지지는 2026-10-02에 0으로 내렸다 — '버티기만 하는 자극은 세지 않는다'(09-04 규칙). 루마니안만 0.5로 남는 것은 기립근이 등척성이 아니라 동적으로 신전 · 수축하기 때문이다. 허리를 키우는 것은 데드 3세트와 루마니안 3세트뿐이다
A12: 삼각근(전면) | B12: =SUMIFS(복귀_토_하체전면!$E:$E,복귀_토_하체전면!$C:$C,$A12)+SUMIFS(복귀_일_수평당기기!$E:$E,복귀_일_수평당기기!$C:$C,$A12)+SUMIFS(복귀_월_가슴!$E:$E,복귀_월_가슴!$C:$C,$A12)+SUMIFS(복귀_화_팔!$E:$E,복귀_화_팔!$C:$C,$A12)+SUMIFS(복귀_수_하체후면!$E:$E,복귀_수_하체후면!$C:$C,$A12)+SUMIFS(복귀_목_수직당기기!$E:$E,복귀_목_수직당기기!$C:$C,$A12) -> 10 | C12: =MROUND(SUMIFS(복귀_간접계수맵!$F$7:$F$100,복귀_간접계수맵!$C$7:$C$100,$A12),0.5) -> 6.5 | D12: =B12+C12 -> 16.5 | E12: =IF(D12>20,"과다 점검",IF(D12>=10,"충분",IF(D12>=8,"하한",IF(D12>=1,"보완 필요","미배치")))) -> 충분 | F12: [2026-10-21 사용자 요청] 수요일 덤벨 숄더 프레스 3 신설(케이블 Y 레이즈 자리) — 직접 7 → 10(토 머신 숄더 4 · 수 밀리터리 3 · 덤벨 3) · 실질 13.5 → 16.5. [이전 기록] 직접 6세트: 토요일 머신 숄더 프레스 3 · 수요일 시티드 바벨 밀리터리 프레스 3. 간접 6.5 — 벤치 0.33×4 + 인클라인 스미스 0.5×3 + 인클라인 머신 0.5×3 + 딥스 0.2×3 + 인클라인 플라이 0.2×3 + 펙덱 0.2×4. 월요일에 프레스를 안 얹은 이유가 이 간접이다
A13: 삼각근(측면) | B13: =SUMIFS(복귀_토_하체전면!$E:$E,복귀_토_하체전면!$C:$C,$A13)+SUMIFS(복귀_일_수평당기기!$E:$E,복귀_일_수평당기기!$C:$C,$A13)+SUMIFS(복귀_월_가슴!$E:$E,복귀_월_가슴!$C:$C,$A13)+SUMIFS(복귀_화_팔!$E:$E,복귀_화_팔!$C:$C,$A13)+SUMIFS(복귀_수_하체후면!$E:$E,복귀_수_하체후면!$C:$C,$A13)+SUMIFS(복귀_목_수직당기기!$E:$E,복귀_목_수직당기기!$C:$C,$A13) -> 16 | C13: =MROUND(SUMIFS(복귀_간접계수맵!$F$7:$F$100,복귀_간접계수맵!$C$7:$C$100,$A13),0.5) -> 4.5 | D13: =B13+C13 -> 20.5 | E13: =IF(D13>20,"과다 점검",IF(D13>=10,"충분",IF(D13>=8,"하한",IF(D13>=1,"보완 필요","미배치")))) -> 과다 점검 | F13: [2026-10-21 사용자 요청] 수요일 케이블 Y 레이즈 3 → 덤벨 숄더 프레스 3(동작이 어렵다) — 직접 19 → 16. 간접 2.5 → 4.5 — 밀리터리 3×8로 0.33 → 0.5 · 덤벨 숄더 프레스 0.5×3 신설. 실질 21.5 → 20.5로 여전히 '과다 점검' 표시지만 MAV 상단(약 22) 안쪽이다. 수요일 측면 직접은 3이 됐다(간접 3을 더하면 그날 6). [이전 기록] 직접 19세트: 토요일 와이드 그립 업라이트 로우 3 · 레터럴 3 · 월요일 원암 케이블 레터럴 4 · 머신 레터럴 3 · 수요일 레터럴 3 · 케이블 Y 레이즈 3 (2026-10-06 종목 다양화 — 사용자 결정). 간접 2.0 — 오버헤드 프레스 0.33×3 + 머신 숄더 프레스 0.33×3. [2026-10-06 사용자 결정] 세션당 6세트 기준으로 토 4 → 6 · 수 3 → 6 — 14 → 19 · 실질 16.0 → 21.0. '과다 점검'은 20 초과 표시이고 RP MAV 상단(약 22) 안쪽이다 — 레터럴 중량이 2주 연속 안 오르면 그때 이 숫자를 본다. 월요일 7은 사용자 지정으로 그대로. [2026-10-04 사용자 결정] 10 → 14로 실질 12.0 → 16.0(MAV 하단). 후면이 아니라 측면을 고른 이유 — 측면은 프레스 간접 2.0 말고 채울 길이가 없고, 후면은 넓은 그립 로우가 승모 중부로 계상돼 장부상 낮아 보일 뿐이다.
A14: 삼각근(후면) | B14: =SUMIFS(복귀_토_하체전면!$E:$E,복귀_토_하체전면!$C:$C,$A14)+SUMIFS(복귀_일_수평당기기!$E:$E,복귀_일_수평당기기!$C:$C,$A14)+SUMIFS(복귀_월_가슴!$E:$E,복귀_월_가슴!$C:$C,$A14)+SUMIFS(복귀_화_팔!$E:$E,복귀_화_팔!$C:$C,$A14)+SUMIFS(복귀_수_하체후면!$E:$E,복귀_수_하체후면!$C:$C,$A14)+SUMIFS(복귀_목_수직당기기!$E:$E,복귀_목_수직당기기!$C:$C,$A14) -> 16 | C14: =MROUND(SUMIFS(복귀_간접계수맵!$F$7:$F$100,복귀_간접계수맵!$C$7:$C$100,$A14),0.5) -> 4 | D14: =B14+C14 -> 20 | E14: =IF(D14>20,"과다 점검",IF(D14>=10,"충분",IF(D14>=8,"하한",IF(D14>=1,"보완 필요","미배치")))) -> 충분 | F14: 직접 16세트: 토요일 리버스 펙덱 6 (2026-10-06 4 → 6 · 사용자 결정) · 월요일 원암 케이블 리버스 플라이 3 · 리버스 펙덱 4 · 수요일 벤트오버 레터럴 머신 3. 간접 4.0 — 목요일 페이스풀 0.5×3 + 일요일 넓은 그립 로우 0.33×(4+3). [2026-10-05 신설] 팔꿈치를 벌린 수평 로우는 후면삼각이 수평 외전을 능동 수행하는데 그동안 0이었다. 주동근은 그대로 승모 중부 · 능형근 직접이고, 이건 다른 근육에 얹는 간접이라 이중 계상이 아니다. [2026-10-04] 월요일 리버스 플라이를 원암으로(사용자 지정 — 집중이 더 잘 된다) · 같은 날 리버스 펙덱 2를 더했다(사용자 요청) — 10 → 12. [2026-10-05] 월요일 리버스 펙덱 2 → 4(사용자 엑셀 조정) — 12 → 14. 실질 18.0로 측면(16.0)보다 높다 — 후면을 더 넣을지 볼 때 이 숫자가 기준이다. 월요일 어깨 블록은 측 → 후 → 측 → 후로 교대한다
A15: 전거근 | B15: =SUMIFS(복귀_토_하체전면!$E:$E,복귀_토_하체전면!$C:$C,$A15)+SUMIFS(복귀_일_수평당기기!$E:$E,복귀_일_수평당기기!$C:$C,$A15)+SUMIFS(복귀_월_가슴!$E:$E,복귀_월_가슴!$C:$C,$A15)+SUMIFS(복귀_화_팔!$E:$E,복귀_화_팔!$C:$C,$A15)+SUMIFS(복귀_수_하체후면!$E:$E,복귀_수_하체후면!$C:$C,$A15)+SUMIFS(복귀_목_수직당기기!$E:$E,복귀_목_수직당기기!$C:$C,$A15) -> 9 | C15: =MROUND(SUMIFS(복귀_간접계수맵!$F$7:$F$100,복귀_간접계수맵!$C$7:$C$100,$A15),0.5) -> 0 | D15: =B15+C15 -> 9 | E15: =IF(D15>20,"과다 점검",IF(D15>=10,"충분",IF(D15>=8,"하한",IF(D15>=1,"보완 필요","미배치")))) -> 하한 | F15: 직접 9세트: 토 체스트 프레스 머신 프로트랙션 2 · 월 체스트 프레스 머신 프로트랙션 4(2026-10-26 스미스 프로트랙션에서 교체) · 수 인클라인 덤벨 프로트랙션 3. 2026-10-23 신설 — 사용자 결정(키우기 · 견갑골 안정화). 그 전에는 직접 0이었다. 간접은 계상하지 않는다 — 프레스 · 오버헤드 슈러그의 전인 · 상방회전 기여에 맞는 계수 줄이 09-04 규칙서에 없다. 각도를 수평(토 · 월) → 45°(수)로 나눴다. 하한(8~10)에서 출발 — 기록이 쌓이면 세션당 6 기준 안에서 올린다.
A16: 대퇴사두 | B16: =SUMIFS(복귀_토_하체전면!$E:$E,복귀_토_하체전면!$C:$C,$A16)+SUMIFS(복귀_일_수평당기기!$E:$E,복귀_일_수평당기기!$C:$C,$A16)+SUMIFS(복귀_월_가슴!$E:$E,복귀_월_가슴!$C:$C,$A16)+SUMIFS(복귀_화_팔!$E:$E,복귀_화_팔!$C:$C,$A16)+SUMIFS(복귀_수_하체후면!$E:$E,복귀_수_하체후면!$C:$C,$A16)+SUMIFS(복귀_목_수직당기기!$E:$E,복귀_목_수직당기기!$C:$C,$A16) -> 14 | C16: =MROUND(SUMIFS(복귀_간접계수맵!$F$7:$F$100,복귀_간접계수맵!$C$7:$C$100,$A16),0.5) -> 1.5 | D16: =B16+C16 -> 15.5 | E16: =IF(D16>20,"과다 점검",IF(D16>=10,"충분",IF(D16>=8,"하한",IF(D16>=1,"보완 필요","미배치")))) -> 충분 | F16: 직접 14세트: 토요일 스쿼트 5 · 레그 프레스 4 + 화요일 레그 익스텐션 5(2026-10-09 토 → 화 · 사용자 결정 — 직접 주 2회 · 간격 3/4일 · 2026-10-26 3 → 5). 간접 1.3 — 수요일 레그 프레스(발 높게) 0.33×4. 2026-10-02~10-08에는 스쿼트 5×5가 한 날을 다 써 직접이 토요일 주 1회였다. | H16: 하체 합산(대퇴 · 햄 · 종아리) | I16: =SUM(D16:D17,D20) -> 42
A17: 햄스트링 | B17: =SUMIFS(복귀_토_하체전면!$E:$E,복귀_토_하체전면!$C:$C,$A17)+SUMIFS(복귀_일_수평당기기!$E:$E,복귀_일_수평당기기!$C:$C,$A17)+SUMIFS(복귀_월_가슴!$E:$E,복귀_월_가슴!$C:$C,$A17)+SUMIFS(복귀_화_팔!$E:$E,복귀_화_팔!$C:$C,$A17)+SUMIFS(복귀_수_하체후면!$E:$E,복귀_수_하체후면!$C:$C,$A17)+SUMIFS(복귀_목_수직당기기!$E:$E,복귀_목_수직당기기!$C:$C,$A17) -> 12 | C17: =MROUND(SUMIFS(복귀_간접계수맵!$F$7:$F$100,복귀_간접계수맵!$C$7:$C$100,$A17),0.5) -> 2.5 | D17: =B17+C17 -> 14.5 | E17: =IF(D17>20,"과다 점검",IF(D17>=10,"충분",IF(D17>=8,"하한",IF(D17>=1,"보완 필요","미배치")))) -> 충분 | F17: 직접 12세트: 토요일 시티드 레그 컬 6(양측 · 중량 · 2026-10-26 4 → 6 · 같은 날 라잉 → 시티드 · 옆 센터 · 맨 끝) + 수요일 루마니안 데드 3 · 원 레그 라잉 컬 3(편측 · 균형). 간접 2.6 — 백오프 0.33×2 + 데드 0.33×1 + 힙 쓰러스트 0.2×4 + 레그 프레스(발 높게) 0.2×4 (힌지 ROM과 힙 쓰러스트 능동부전을 2026-10-02에 반영). [2026-10-02 사용자 지적] 전면 하체 날에 햄스트링이 0이라 4세트를 토요일로 옮겨 빈도를 주 2회로 쪼갰다 — 총량 10은 그대로다(내가 넣었던 시티드 레그 컬 3을 뺐다). 같은 날 사용자 제안으로 양측(중량)과 편측(균형)의 날을 맞바꿨다 — 중량은 전신 피로가 아니라 국소 피로가 정하고, 토요일은 햄스트링을 직접 쓰는 종목이 달리 없어 누적 24세트 뒤에도 국소로 신선하다
A18: 둔근 | B18: =SUMIFS(복귀_토_하체전면!$E:$E,복귀_토_하체전면!$C:$C,$A18)+SUMIFS(복귀_일_수평당기기!$E:$E,복귀_일_수평당기기!$C:$C,$A18)+SUMIFS(복귀_월_가슴!$E:$E,복귀_월_가슴!$C:$C,$A18)+SUMIFS(복귀_화_팔!$E:$E,복귀_화_팔!$C:$C,$A18)+SUMIFS(복귀_수_하체후면!$E:$E,복귀_수_하체후면!$C:$C,$A18)+SUMIFS(복귀_목_수직당기기!$E:$E,복귀_목_수직당기기!$C:$C,$A18) -> 8 | C18: =MROUND(SUMIFS(복귀_간접계수맵!$F$7:$F$100,복귀_간접계수맵!$C$7:$C$100,$A18),0.5) -> 7 | D18: =B18+C18 -> 15 | E18: =IF(D18>20,"과다 점검",IF(D18>=10,"충분",IF(D18>=8,"하한",IF(D18>=1,"보완 필요","미배치")))) -> 충분 | F18: 직접 8세트: 수요일 레그 프레스(발 높게) 4 · 화요일 힙 쓰러스트 4(2026-10-07 수 → 화 · 같은 날 3 → 4) (3 → 7). 간접 6.8 — (둔근 계수는 09-04 하향 대상이 아니었다) 스쿼트 0.5×5 + 루마니안 0.5×3 + 데드 0.5×1 + 백오프 0.5×2 + 토요일 레그 프레스 0.33×4. [2026-10-02 사용자 지정] 발을 발판 가장 위쪽에 두면 고관절 굽힘 범위가 커져 고관절 신전 비중이 오르고, 둔근이 그 동작의 주동근이다. 햄스트링은 무릎이 같이 펴져 길이가 거의 안 바뀌므로 약관여(0.2)로 뒀다
A19: 중둔근 | B19: =SUMIFS(복귀_토_하체전면!$E:$E,복귀_토_하체전면!$C:$C,$A19)+SUMIFS(복귀_일_수평당기기!$E:$E,복귀_일_수평당기기!$C:$C,$A19)+SUMIFS(복귀_월_가슴!$E:$E,복귀_월_가슴!$C:$C,$A19)+SUMIFS(복귀_화_팔!$E:$E,복귀_화_팔!$C:$C,$A19)+SUMIFS(복귀_수_하체후면!$E:$E,복귀_수_하체후면!$C:$C,$A19)+SUMIFS(복귀_목_수직당기기!$E:$E,복귀_목_수직당기기!$C:$C,$A19) -> 11 | C19: =MROUND(SUMIFS(복귀_간접계수맵!$F$7:$F$100,복귀_간접계수맵!$C$7:$C$100,$A19),0.5) -> 0 | D19: =B19+C19 -> 11 | E19: =IF(D19>20,"과다 점검",IF(D19>=10,"충분",IF(D19>=8,"하한",IF(D19>=1,"보완 필요","미배치")))) -> 충분 | F19: 직접 11세트: 토요일 아우터 타이 4 · 화요일 아우터 타이 4 · 케이블 힙 외전 3(2026-10-07 수 → 화) (7 → 11). 간접 출처 없음 — 스쿼트 · 레그 프레스는 양측 지지라 계수가 없다. [2026-10-02 사용자 요청] 수요일에 슈퍼세트를 얹어 하한(8) 아래였던 7.0이 11로 올라갔다. 앉아서 하는 아우터(고관절 굽힘)와 선 자세 편측 케이블(고관절 펴짐)로 각도를 나눴다
