Workbook

Sheet 시작중량_설정
A1: 시작 중량 설정 — 5년 공백 후 복귀
A2: 노란 칸 두 곳만 채우면 각 요일 시트의 웜업 램프와 본세트 중량이 전부 자동 계산됩니다.
A4: 현재 주차 | C4: 1 | D4: ← 매주 이 숫자만 바꾸면 요일 시트 중량이 그 주에 맞게 갱신됩니다 (1~12)
A6: 종목 | B6: 5년 전 중량 | C6: 권장 시작 (40%) | D6: 시작 중량 ★입력★ | E6: 현재 작업중량 | F6: 본세트
A7: 스쿼트 | B7: 92.5 | C7: =MAX(20,MROUND(B7*0.4,2.5)) -> 37.5 | D7: 37.5 | E7: =INDEX(증량기록!$C$10:$C$21,$C$4) -> 37.5 | F7: 5회 × 5세트
A8: 데드리프트 | B8: 105 | C8: =MAX(20,MROUND(B8*0.4,2.5)) -> 42.5 | D8: 42.5 | E8: =INDEX(증량기록!$E$10:$E$21,$C$4) -> 42.5 | F8: 5회 × 1세트
A9: 벤치프레스 | B9: 47.25 | C9: =MAX(20,MROUND(B9*0.4,2.5)) -> 20 | D9: 20 | E9: =INDEX(증량기록!$G$10:$G$21,$C$4) -> 20 | F9: 5회 × 5세트
A10: 밀리터리 프레스 | B10: 40 | C10: =MAX(20,MROUND(B10*0.4,2.5)) -> 20 | D10: 20 | E10: =INDEX(증량기록!$I$10:$I$21,$C$4) -> 20 | F10: 5회 × 3세트
D11: ↑ 여기에 숫자를 직접 입력
A13: D열(시작 중량)을 바꾸는 법
A14: · D7~D10 노란 칸에 원하는 숫자를 그냥 입력하면 됩니다. 수식이 아니라 일반 숫자입니다.
A15: · 예: 스쿼트를 30kg으로 시작하고 싶으면 D7에 30을 입력. 나머지는 전부 자동으로 따라옵니다.
A16: · C열은 참고용 계산값이므로 건드리지 않아도 됩니다.
A17: · 그리고 C4의 '현재 주차'는 매주 1씩 올려주는 칸입니다. 이 두 곳 외에는 손댈 필요가 없습니다.
A19: 5년 공백 후 시작 중량 잡는 법
A20: · 5년 쉬었으면 근력보다 관절 · 건 · 인대와 폼 감각이 먼저 무너져 있다. 근육은 빨리 돌아오지만 이쪽은 느리다.
A21: · 벤치와 프레스는 빈 봉(20kg)에서 시작하는 것이 맞다. 이것이 과한 것이 아니라 정상이다.
A22: · 기준: 10회는 할 수 있을 것 같은 무게로 5회만 하는 것. 여유가 크게 느껴져야 맞다.
A23: · 첫 3~4주는 훈련이 아니라 재적응 기간으로 본다. 가볍다고 느껴도 그대로 간다.
A24: · 너무 가볍게 시작해서 잃는 것은 3~4주뿐이다. 너무 무겁게 시작하면 몇 달을 잃는다.
A26: · 5년 전 중량은 참고치일 뿐 목표가 아니다. 다만 한 번 만들어본 근력은 처음 만들 때보다 빠르게 돌아온다.
... A38: 12주 예상 진행 (X 입력이 없을 때)
A39: 주차 | B39: 스쿼트 | C39: 데드리프트 | D39: 벤치프레스 | E39: 밀리터리 프레스
A40: 1주차 | B40: =증량기록!C10 -> 37.5 | C40: =증량기록!E10 -> 42.5 | D40: =증량기록!G10 -> 20 | E40: =증량기록!I10 -> 20
A41: 2주차 | B41: =증량기록!C11 -> 42.5 | C41: =증량기록!E11 -> 47.5 | D41: =증량기록!G11 -> 22.25 | E41: =증량기록!I11 -> 21.25
A42: 3주차 | B42: =증량기록!C12 -> 47.5 | C42: =증량기록!E12 -> 52.5 | D42: =증량기록!G12 -> 24.5 | E42: =증량기록!I12 -> 22.5
A43: 4주차 | B43: =증량기록!C13 -> 52.5 | C43: =증량기록!E13 -> 57.5 | D43: =증량기록!G13 -> 26.75 | E43: =증량기록!I13 -> 23.75
A44: 5주차 | B44: =증량기록!C14 -> 57.5 | C44: =증량기록!E14 -> 62.5 | D44: =증량기록!G14 -> 29 | E44: =증량기록!I14 -> 25
A45: 6주차 | B45: =증량기록!C15 -> 62.5 | C45: =증량기록!E15 -> 67.5 | D45: =증량기록!G15 -> 31.25 | E45: =증량기록!I15 -> 26.25
A46: 7주차 | B46: =증량기록!C16 -> 67.5 | C46: =증량기록!E16 -> 72.5 | D46: =증량기록!G16 -> 33.5 | E46: =증량기록!I16 -> 27.5
A47: 8주차 | B47: =증량기록!C17 -> 72.5 | C47: =증량기록!E17 -> 77.5 | D47: =증량기록!G17 -> 35.75 | E47: =증량기록!I17 -> 28.75
A48: 9주차 | B48: =증량기록!C18 -> 77.5 | C48: =증량기록!E18 -> 82.5 | D48: =증량기록!G18 -> 38 | E48: =증량기록!I18 -> 30
A49: 10주차 | B49: =증량기록!C19 -> 82.5 | C49: =증량기록!E19 -> 87.5 | D49: =증량기록!G19 -> 40.25 | E49: =증량기록!I19 -> 31.25
A50: 11주차 | B50: =증량기록!C20 -> 87.5 | C50: =증량기록!E20 -> 92.5 | D50: =증량기록!G20 -> 42.5 | E50: =증량기록!I20 -> 32.5
A51: 12주차 | B51: =증량기록!C21 -> 92.5 | C51: =증량기록!E21 -> 97.5 | D51: =증량기록!G21 -> 44.75 | E51: =증량기록!I21 -> 33.75
A53: · 위 표는 X 입력이 없다고 가정한 계획선이다. 실제 진행은 증량기록 시트가 결정한다.

Sheet 볼륨램프
A1: 볼륨 램프 — 재적응 구간 세트 조절
A2: 중량은 40%에서 시작하는데 세트는 1주차부터 100%였다. 5년 공백에서 먼저 무너지는 것은 건·인대이고, 그쪽은 중량보다 총 반복 횟수에 반응한다.
A4: 현재 주차 | C4: =시작중량_설정!$C$4 -> 1 | D4: ← '시작중량_설정' C4와 자동 연동. 여기서 고치지 말 것
A5: 현재 볼륨 계수 | C5: =IF($C$4<=2,$C$9,IF($C$4<=4,$C$10,$C$11)) -> 1 | D5: ← 각 요일 시트 J열(이번 주 세트)이 이 값을 곱해서 계산된다
A7: 구간 | B7: 주차 | C7: 계수 | D7: 성격
A9: 1단계 | B9: 1~2주 | C9: 1 | D9: 2026-08-10 해제 — 계수 0.5 → 1. 되살리려면 여기 C9에 0.5를 다시 입력
A10: 2단계 | B10: 3~4주 | C10: 1 | D10: 2026-08-10 해제 — 계수 0.7 → 1. 되살리려면 여기 C10에 0.7을 다시 입력
A11: 본구간 | B11: 5주~ | C11: 1 | D11: 설계 볼륨 100%
A13: 설계 논리
A14: · 시작중량_설정 A20: "근력보다 관절·건·인대와 폼 감각이 먼저 무너져 있다" — 맞는 판단이다.
A15: · 그런데 그 판단이 중량에만 적용돼 있었다. 중량 40% + 볼륨 100%는 방향이 서로 반대다.
A16: · 건·인대는 최대 중량보다 누적 반복 수와 부하 시간에 반응한다. 20kg 벤치 20세트가 40kg 벤치 8세트보다 팔꿈치에 나쁠 수 있다.
A17: · 가벼운 무게는 그 자체로 안전장치가 아니다. 5년 공백에서 3~4주차에 무너지는 원인은 대개 무게가 아니라 누적 볼륨이다.
A19: 사용법
A20: · 각 요일 시트에 J열 "이번 주 세트"가 있다. 실제로 수행할 세트는 E열이 아니라 J열이다.
A21: · E열(설계 세트)은 건드리지 않는다. 검산 시트는 E열을 기준으로 집계하므로 목표 볼륨을 그대로 보여준다.
A22: · 주차를 올리면 J열이 자동으로 따라온다. 5주차부터는 J = E가 된다.
A23: · 계수를 곱해 1 미만이 되는 종목은 1세트로 유지된다 — 종목이 사라지지 않게 하기 위함.
A25: 계수를 내려야 하는 신호
A26: · 팔꿈치 내측 · 어깨 앞쪽 · 무릎 힘줄에 운동 중이 아니라 다음날 통증이 남을 때
... A38: · 되살리려면 C9에 0.5, C10에 0.7. J열과 앱이 자동으로 따라온다.

Sheet 주간계획
A1: 운동 프로그램 — 주 6일 (당기기 · 밀기 · 하체 × 2)
A2: 적용 시기: 재택 근무 기간 (~9월) | 주 6일 / 1일 1세션 | 1주차부터 설계 볼륨 100% (볼륨램프 해제)
A4: 요일 | B4: 내용 | C4: 메인 리프트 | D4: 주요 근육군 | E4: 세트 | F4: 예상 시간
A5: 월 | B5: 당기기 A (수직) | C5: — | D5: 광배 · 이두 · 전완 · 기립근 | E5: =월_당기기A!$E$14 -> 26 | F5: 약 65분
A6: 화 | B6: 밀기 A (수평) | C6: 벤치프레스 5×5 | D6: 흉근 · 삼두 · 측면삼각 | E6: =화_밀기A!$E$25 -> 24 | F6: 약 65분
A7: 수 | B7: 하체 A (무릎) | C7: 스쿼트 5×5 | D7: 대퇴사두 · 햄스트링 | E7: =수_하체A!$E$22 -> 26 | F7: 약 75분
A8: 목 | B8: 당기기 B (수평) | C8: — | D8: 광배 · 능형근 · 후면삼각 | E8: =목_당기기B!$E$13 -> 24 | F8: 약 70분
A9: 금 | B9: 밀기 B (수직) | C9: 밀리터리 5×3 | D9: 삼각근 · 흉근 상부 · 삼두 · 승모(하부) | E9: =금_밀기B!$E$29 -> 29 | F9: 약 75분
A10: 토 | B10: 하체 B (고관절) | C10: 데드리프트 1×5 | D10: 둔근 · 햄스트링 · 대퇴사두 | E10: =토_하체B!$E$23 -> 24 | F10: 약 80분
A11: 일 | B11: 휴식 | C11: — | D11: — | E11: 0 | F11: —
A12: 합계 | E12: =SUM(E5:E11) -> 153
A14: 배치 논리
A15: · 스쿼트(수) → 데드(토) 3일 간격. 데드 다음날은 일요일 휴식 — 척추에 가장 안전한 자리.
A16: · 벤치(화) → 밀리터리(금) 3일 간격. 5일 버전의 "전날 벤치 여파로 프레스 무게가 덜 나온다"는 대가가 사라졌다.
A17: · 월요일은 당기기 — 월요일 벤치 자리 경쟁을 피한다는 원래 논리 그대로.
A18: · 당기기 A(수직) / B(수평), 밀기 A(수평) / B(수직), 하체 A(무릎) / B(고관절).
A19: · 같은 부위를 3일 뒤에 다시 치되 각도를 바꾼다 — 같은 자극의 반복이 아니라 다른 축의 자극.
A20: · 기립근: 데드(토) + 덤벨 RDL(월) 주 2회. RDL은 20kg으로 가볍게 — 척추 부하가 아니라 자세 유지가 목적.
A21: 5일 버전과의 차이
A22: · 총 세트 147 → 147. 총량은 그대로 두고 빈도만 올렸다.
A23: · 세션당 세트 21~28 (5일 버전은 23~43). 토요일 43세트 문제가 사라졌다.
A24: · 주요 부위 빈도 주 1회 → 주 2회. 한 세션에 부위당 8~9세트를 넘지 않는다.
A25: · 대가: 휴식일이 2일 → 1일. 6일 연속 훈련은 회복이 따라오는지 직접 확인해야 한다.
... A40: · 주 5일로 내릴 때는 하체 B를 빼고 그 종목을 하체 A와 당기기 B에 나눠 붙인다 — 데드는 당기기 B로.

Sheet 월_당기기A
A1: 월요일 — 당기기 A (수직)
A2: 광배 위쪽 · 견갑골 하강 · 이두. 목요일 당기기 B(수평)와 각도를 나눈다.
A4: 운동 구성
A5: # | B5: 종목 | C5: 근육군 | D5: 중량(Kg) | E5: 세트 | F5: 횟수 | G5: 간접 자극 | H5: 메모 | I5: 대체 종목 | J5: 이번 주 세트
A6: 1 | B6: 친업 (어시스트 가능) | C6: 광배 | D6: 맨몸 | E6: 4 | F6: 6~8 | G6: 이두 | H6: 수직 당기기 메인. 광배 위쪽 섬유 비중이 큼 | I6: 어시스트 풀업 머신 (개수가 안 나올 때) / 뉴트럴 그립 친업 (팔꿈치가 편함) / 랫풀다운 | J6: =MAX(1,ROUND(E6*볼륨램프!$C$5,0)) -> 4
A7: 2 | B7: 랫풀다운 | C7: 광배 | D7: — | E7: 3 | F7: 8~12 | G7: 이두 | H7: 친업 뒤에 무게 조절 수단으로. 그립을 친업과 다르게 (친업이 언더면 여기선 오버) | I7: 뉴트럴 그립 랫풀다운 / 원암 랫풀다운 (좌우 독립) / 케이블 풀오버 (이두 개입 최소) | J7: =MAX(1,ROUND(E7*볼륨램프!$C$5,0)) -> 3
A8: 3 | B8: 스캡 풀업 | C8: 승모(하부) | D8: 맨몸 | E8: 3 | F8: 8~10 | G8: 전거근 | H8: 친업 직전 배치. 팔은 편 채 견갑골만 아래로 — 광배에 묻히지 않는다 | I8: 스캡 랫풀다운 (앉아서) / 어시스트 풀업 머신에서 스캡 풀업 / 바에 매달려 정지 3초 | J8: =MAX(1,ROUND(E8*볼륨램프!$C$5,0)) -> 3
A9: 4 | B9: 바벨 컬 | C9: 이두 | D9: 30~35 | E9: 3 | F9: 8~12 | G9: 전완 | H9: 당기기 뒤 이두. 반동 쓰지 말 것 | I9: EZ바 컬 (손목이 편함) / 케이블 컬 (전 구간 장력) / 해머 컬 (상완요골근 동시) | J9: =MAX(1,ROUND(E9*볼륨램프!$C$5,0)) -> 3
A10: 5 | B10: 인클라인 덤벨 컬 | C10: 이두 | D10: 10~12 | E10: 3 | F10: 8~12 | G10: 전완 | H10: 늘어난 구간을 쓰는 종목. 프리쳐(목)와 각도를 나눈다 | I10: 케이블 컬 (뒤로 물러서서 스트레치 확보) / 스파이더 컬 / 원암 인클라인 덤벨 컬 | J10: =MAX(1,ROUND(E10*볼륨램프!$C$5,0)) -> 3
A11: 6 | B11: 리버스 리스트익스텐션 컬 | C11: 전완 | D11: 10 | E11: 4 | F11: 15 | H11: 손목 신근. 타이핑으로 약해지는 쪽이라 비중을 더 준다 | I11: 케이블 리버스 리스트 컬 / 리버스 EZ바 컬 (상완요골근까지) / 덤벨로 한 손씩 | J11: =MAX(1,ROUND(E11*볼륨램프!$C$5,0)) -> 4
A12: 7 | B12: 행잉 레그 레이즈 | C12: 복부 | D12: 맨몸 | E12: 3 | F12: 10~15 | H12: 복부 굴곡(하부). 그립이 이미 지쳐 있으면 캡틴 체어로 | I12: 캡틴 체어 레그 레이즈 / 인클라인 벤치 리버스 크런치 / 라잉 레그 레이즈 | J12: =MAX(1,ROUND(E12*볼륨램프!$C$5,0)) -> 3
A13: 8 | B13: 덤벨 루마니안 데드리프트 | C13: 기립근 | D13: 20 | E13: 3 | F13: 12 | G13: 둔근·햄스트링 | H13: 기립근 보조. 20kg으로 가볍게 — 무게를 올리면 햄스트링 종목이 되고 척추 부하도 같이 올라간다. 데드(토)와 이틀 간격이라 이 자리가 맞다 | I13: 케이블 풀스루 (척추 압박 최소) / 굿모닝 (빈 봉~40kg, 가볍게) / 45도 하이퍼익스텐션 벤치 (있는 경우) / 스티프 레그드 데드리프트. 어느 쪽이든 가볍게 — 성장이 아니라 자세 유지가 목적 | J13: =MAX(1,ROUND(E13*볼륨램프!$C$5,0)) -> 3
D14: 세트 합계 | E14: =SUM(E6:E13) -> 26 | J14: =SUM(J6:J13) -> 26

Sheet 화_밀기A
A1: 화요일 — 밀기 A (수평)
A2: 벤치 5×5가 이 프로그램의 최우선 종목. 금요일 밀기 B(수직)와 각도를 나눈다.
A4: 메인: 벤치프레스
A5: 중량(Kg) | B5: 반복 | C5: 세트
A6: =MAX(20,MROUND(시작중량_설정!$E$9*0.4,2.5)) -> 20 | B6: 5 | C6: 2
A7: =IF(MAX(20,MROUND(시작중량_설정!$E$9*0.6,2.5))<=MAX(20,MROUND(시작중량_설정!$E$9*0.4,2.5)),"생략",MAX(20,MROUND(시작중량_설정!$E$9*0.6,2.5))) -> 생략 | B7: 5 | C7: 1
A8: =IF(MAX(20,MROUND(시작중량_설정!$E$9*0.75,2.5))<=MAX(20,MROUND(시작중량_설정!$E$9*0.6,2.5)),"생략",MAX(20,MROUND(시작중량_설정!$E$9*0.75,2.5))) -> 생략 | B8: 3 | C8: 1
A9: =IF(MAX(20,MROUND(시작중량_설정!$E$9*0.9,2.5))<=MAX(20,MROUND(시작중량_설정!$E$9*0.75,2.5)),"생략",MAX(20,MROUND(시작중량_설정!$E$9*0.9,2.5))) -> 생략 | B9: 2 | C9: 1
A10: =시작중량_설정!$E$9 -> 20 | B10: 5 | C10: 5
A11: ↑ '시작중량_설정'과 자동 연동. 20 = 빈 봉. '생략'은 앞 세트와 중량이 겹쳐 불필요하다는 뜻.
A13: 웜업 — 회전근개 (세트 카운트 제외)
A14: · 케이블 외회전 2세트 × 12~15회. 팔꿈치 90도로 접어 옆구리에 붙이고 바깥으로만 회전.
A15: · 매우 가볍게 — 2.5~5kg. 무거우면 광배와 후면 삼각근이 대신 일하며 목적을 잃는다.
A16: · 근비대 항목이 아니라 관절 준비 항목이므로 세트 합계에 넣지 않는다.
A18: 운동 구성
A19: # | B19: 종목 | C19: 근육군 | D19: 중량(Kg) | E19: 세트 | F19: 횟수 | G19: 간접 자극 | H19: 메모 | I19: 대체 종목 | J19: 이번 주 세트
A20: 1 | B20: 벤치프레스 (본세트) | C20: 흉근(중하부) | D20: =시작중량_설정!$E$9 -> 20 | E20: 5 | F20: 5 | G20: 삼두·전면삼각 | H20: 현재 최우선 종목. 주당 2.25kg 마이크로로딩. 여기가 무너지면 그 주 나머지를 줄인다 | I20: 스미스 벤치프레스 (궤도 고정) / 체스트 프레스 머신 / 플로어 프레스 (어깨가 아플 때) | J20: =MAX(1,ROUND(E20*볼륨램프!$C$5,0)) -> 5
A21: 2 | B21: 딥스 | C21: 흉근(중하부) | D21: 맨몸 | E21: 4 | F21: 8~10 | G21: 삼두 | H21: 상체 앞으로 기울여 흉근 비중 확보. 쉬워지면 벨트로 중량 추가 | I21: 어시스트 딥스 머신 / 디클라인 덤벨 프레스 / 체스트 딥스 머신 | J21: =MAX(1,ROUND(E21*볼륨램프!$C$5,0)) -> 4
A22: 3 | B22: 인클라인 덤벨 플라이 | C22: 흉근(상부) | D22: 12~15 | E22: 4 | F22: 10~12 | H22: 프레싱 뒤 고립. 늘어난 구간에서 멈추지 말고 부드럽게 | I22: 케이블 크로스오버 (아래→위) / 펙덱 플라이 (등받이를 눕혀 인클라인 각으로) / 인클라인 머신 플라이 | J22: =MAX(1,ROUND(E22*볼륨램프!$C$5,0)) -> 4
A23: 4 | B23: 라잉 트라이셉스 익스텐션 | C23: 삼두 | D23: 30~35 | E23: 4 | F23: 8~12 | H23: 늘어난 구간을 쓰는 삼두 종목. 푸쉬다운(금)과 각도를 나눈다 | I23: 오버헤드 케이블 익스텐션 / 스컬크러셔 / 클로즈그립 벤치프레스 (중량 가능) | J23: =MAX(1,ROUND(E23*볼륨램프!$C$5,0)) -> 4
A24: 5 | B24: 레터럴 레이즈 | C24: 삼각근(측면) | D24: 8~10 | E24: 7 | F24: 12~15 | H24: 덤벨은 아래 구간에 저항이 안 걸린다 — 원암 케이블(금)이 그 구간을 메운다 | I24: 케이블 레터럴 레이즈 (전 구간 장력) / 레터럴 레이즈 머신 / 라잉 레터럴 | J24: =MAX(1,ROUND(E24*볼륨램프!$C$5,0)) -> 7
D25: 세트 합계 | E25: =SUM(E20:E24) -> 24 | J25: =SUM(J20:J24) -> 24

Sheet 수_하체A
A1: 수요일 — 하체 A (무릎 지배)
A2: 스쿼트 · 레그프레스 중심. 토요일 하체 B(고관절 지배)와 3일 간격.
A4: 메인: 스쿼트
A5: 중량(Kg) | B5: 반복 | C5: 세트
A6: =MAX(20,MROUND(시작중량_설정!$E$7*0.4,2.5)) -> 20 | B6: 5 | C6: 2
A7: =IF(MAX(20,MROUND(시작중량_설정!$E$7*0.6,2.5))<=MAX(20,MROUND(시작중량_설정!$E$7*0.4,2.5)),"생략",MAX(20,MROUND(시작중량_설정!$E$7*0.6,2.5))) -> 22.5 | B7: 5 | C7: 1
A8: =IF(MAX(20,MROUND(시작중량_설정!$E$7*0.75,2.5))<=MAX(20,MROUND(시작중량_설정!$E$7*0.6,2.5)),"생략",MAX(20,MROUND(시작중량_설정!$E$7*0.75,2.5))) -> 27.5 | B8: 3 | C8: 1
A9: =IF(MAX(20,MROUND(시작중량_설정!$E$7*0.9,2.5))<=MAX(20,MROUND(시작중량_설정!$E$7*0.75,2.5)),"생략",MAX(20,MROUND(시작중량_설정!$E$7*0.9,2.5))) -> 35 | B9: 2 | C9: 1
A10: =시작중량_설정!$E$7 -> 37.5 | B10: 5 | C10: 5
A11: ↑ '시작중량_설정'과 자동 연동. 20 = 빈 봉. '생략'은 앞 세트와 중량이 겹쳐 불필요하다는 뜻.
A13: 운동 구성
A14: # | B14: 종목 | C14: 근육군 | D14: 중량(Kg) | E14: 세트 | F14: 횟수 | G14: 간접 자극 | H14: 메모 | I14: 대체 종목 | J14: 이번 주 세트
A15: 1 | B15: 스쿼트 (본세트) | C15: 대퇴사두 | D15: =시작중량_설정!$E$7 -> 37.5 | E15: 5 | F15: 5 | G15: 둔근·기립근 | H15: 무릎 지배 메인. 데드(토)와 3일 간격이라 기립근이 회복된 상태에서 친다 | I15: 스미스 스쿼트 / 핵 스쿼트 (대퇴사두 집중) / 프론트 스쿼트 / 벨트 스쿼트 (척추 부하 없음) | J15: =MAX(1,ROUND(E15*볼륨램프!$C$5,0)) -> 5
A16: 2 | B16: 레그 프레스 | C16: 대퇴사두 | D16: — | E16: 4 | F16: 8~12 | G16: 둔근 | H16: 궤도 고정이라 대퇴사두가 확실히 한계까지 간다. 발판 위치는 중간 | I16: 핵 스쿼트 / 레그 익스텐션 (완전 고립) / 프론트 스쿼트 | J16: =MAX(1,ROUND(E16*볼륨램프!$C$5,0)) -> 4
A17: 3 | B17: 불가리안 스플릿 스쿼트 | C17: 둔근 | D17: 15 | E17: 3 | F17: 10 (좌우) | G17: 대퇴사두·중둔근 | H17: 한 다리 지지라 관상면 안정화가 함께 들어온다 | I17: 덤벨 런지 / 워킹 런지 / 스텝업 / 리버스 런지 (무릎 부담 ↓) | J17: =MAX(1,ROUND(E17*볼륨램프!$C$5,0)) -> 3
A18: 4 | B18: 레그 컬 | C18: 햄스트링 | D18: — | E18: 4 | F18: 10~12 | H18: 무릎 굴곡. 토요일 RDL(고관절 신전)과 기능이 다르다 — 둘 다 필요 | I18: 라잉 레그 컬 · 시티드 레그 컬 (시티드가 늘어난 구간을 더 씀) / 노르딕 햄 컬 | J18: =MAX(1,ROUND(E18*볼륨램프!$C$5,0)) -> 4
A19: 5 | B19: 이너 타이 | C19: 내전근 | D19: — | E19: 4 | F19: 12~15 | H19: 내전근 직접 종목은 이것뿐. 스쿼트·레그프레스가 어느 정도 커버한다 | I19: 와이드 스탠스 레그 프레스 / 코사크 스쿼트 / 케이블 힙 내전 | J19: =MAX(1,ROUND(E19*볼륨램프!$C$5,0)) -> 4
A20: 6 | B20: 카프 레이즈 (스탠딩) | C20: 종아리 | D20: — | E20: 4 | F20: 12~15 | H20: 무릎 편 상태 — 비복근 주도. 토요일 시티드(가자미근)와 역할이 다르다 | I20: 스탠딩 카프 레이즈 머신 / 레그 프레스 발판 끝에서 / 스미스 카프 레이즈 | J20: =MAX(1,ROUND(E20*볼륨램프!$C$5,0)) -> 4
A21: 7 | B21: 플랭크 | C21: 복부 | D21: — | E21: 2 | F21: 30초 | H21: 항신전. 다음날이 당기기 B라 브레이싱 손실이 문제되지 않는다 | I21: 애브 롤아웃 / 사이드 플랭크 / 팔로프 프레스 (항회전) | J21: =MAX(1,ROUND(E21*볼륨램프!$C$5,0)) -> 2
D22: 세트 합계 | E22: =SUM(E15:E21) -> 26 | J22: =SUM(J15:J21) -> 26

Sheet 목_당기기B
A1: 목요일 — 당기기 B (수평)
A2: 로우 · 견갑골 후인 · 후면 삼각근. 월요일 당기기 A(수직)와 각도를 나눈다.
A4: 운동 구성
A5: # | B5: 종목 | C5: 근육군 | D5: 중량(Kg) | E5: 세트 | F5: 횟수 | G5: 간접 자극 | H5: 메모 | I5: 대체 종목 | J5: 이번 주 세트
A6: 1 | B6: 해머 스트랭스 로우 | C6: 광배 | D6: — | E6: 4 | F6: 8~10 | G6: 중부승모·이두 | H6: 수평 당기기 메인. 가슴이 받쳐져 허리 부담이 없다 | I6: 체스트 서포티드 로우 / 티바 로우 / 펜들레이 로우 (척추 부하 ↑) / 바벨 로우 | J6: =MAX(1,ROUND(E6*볼륨램프!$C$5,0)) -> 4
A7: 2 | B7: 시티드 케이블 로우 | C7: 광배 | D7: — | E7: 3 | F7: 8~12 | G7: 중부승모·이두 | H7: 해머와 그립을 다르게 (해머가 뉴트럴이면 여기선 와이드). 광배 아래쪽 섬유 | I7: 원암 케이블 로우 (좌우 독립) / 덤벨 로우 / 머신 로우 | J7: =MAX(1,ROUND(E7*볼륨램프!$C$5,0)) -> 3
A8: 3 | B8: 켈소 슈러그 | C8: 승모(중부)·능형근 | D8: 20~30 | E8: 3 | F8: 12~15 | G8: 후면 삼각근 | H8: 팔 각도 고정하고 견갑골만 모은다. 후인 직접 종목 — 로우에 묻히지 않는다 | I8: 시티드 케이블 로우에서 팔 고정하고 견갑골만 / 리버스 펙덱을 팔 편 채로 / 체스트 서포티드 슈러그 | J8: =MAX(1,ROUND(E8*볼륨램프!$C$5,0)) -> 3
A9: 4 | B9: 케이블 리버스 플라이 | C9: 삼각근(후면) | D9: 12~15 | E9: 4 | F9: 12 | G9: 중부승모·능형근 | H9: 후면 삼각근은 프레스로 자라지 않는다 — 반드시 별도로 센다 | I9: 리버스 펙덱 (자세 유지가 쉬워 사실상 상위 호환) / 페이스풀 / 인클라인 벤치 리어델트 레이즈 | J9: =MAX(1,ROUND(E9*볼륨램프!$C$5,0)) -> 4
A10: 5 | B10: 프리쳐 컬 | C10: 이두 | D10: 20~25 | E10: 3 | F10: 8~12 | G10: 전완 | H10: 반동이 차단되는 종목. 인클라인(월)과 각도를 나눈다 | I10: EZ바 프리처 컬 / 머신 프리처 컬 / 컨센트레이션 컬 | J10: =MAX(1,ROUND(E10*볼륨램프!$C$5,0)) -> 3
A11: 6 | B11: 시티드 리스트 컬 | C11: 전완 | D11: 10 | E11: 4 | F11: 15 | H11: 손목 굴근. 월요일 리버스와 대항쌍 | I11: 덤벨 리스트 컬 (한 손씩) / 케이블 리스트 컬 / 비하인드백 리스트 컬 | J11: =MAX(1,ROUND(E11*볼륨램프!$C$5,0)) -> 4
A12: 7 | B12: 중량 크런치 | C12: 복부 | D12: 2.5 | E12: 3 | F12: 12 | H12: 복부 굴곡(상부). 월요일 레그레이즈(하부)와 나눈다 | I12: 케이블 크런치 (점진적 과부하에 최적 — 1순위) / 압도미널 크런치 머신 / 인클라인 싯업 | J12: =MAX(1,ROUND(E12*볼륨램프!$C$5,0)) -> 3
D13: 세트 합계 | E13: =SUM(E6:E12) -> 24 | J13: =SUM(J6:J12) -> 24

Sheet 금_밀기B
A1: 금요일 — 밀기 B (수직)
A2: 오버헤드 프레싱 · 흉근 상부 · 어깨 측면/후면. 벤치(화)와 3일 간격이라 무게가 온전히 나온다.
A4: 메인: 밀리터리 프레스
A5: 중량(Kg) | B5: 반복 | C5: 세트
A6: =MAX(20,MROUND(시작중량_설정!$E$10*0.4,2.5)) -> 20 | B6: 5 | C6: 2
A7: =IF(MAX(20,MROUND(시작중량_설정!$E$10*0.6,2.5))<=MAX(20,MROUND(시작중량_설정!$E$10*0.4,2.5)),"생략",MAX(20,MROUND(시작중량_설정!$E$10*0.6,2.5))) -> 생략 | B7: 5 | C7: 1
A8: =IF(MAX(20,MROUND(시작중량_설정!$E$10*0.75,2.5))<=MAX(20,MROUND(시작중량_설정!$E$10*0.6,2.5)),"생략",MAX(20,MROUND(시작중량_설정!$E$10*0.75,2.5))) -> 생략 | B8: 3 | C8: 1
A9: =IF(MAX(20,MROUND(시작중량_설정!$E$10*0.9,2.5))<=MAX(20,MROUND(시작중량_설정!$E$10*0.75,2.5)),"생략",MAX(20,MROUND(시작중량_설정!$E$10*0.9,2.5))) -> 생략 | B9: 2 | C9: 1
A10: =시작중량_설정!$E$10 -> 20 | B10: 5 | C10: 3
A11: ↑ '시작중량_설정'과 자동 연동. 20 = 빈 봉. '생략'은 앞 세트와 중량이 겹쳐 불필요하다는 뜻.
A13: 웜업 — 회전근개 (세트 카운트 제외)
A14: · 케이블 외회전 2세트 × 12~15회. 팔꿈치 90도로 접어 옆구리에 붙이고 바깥으로만 회전.
A15: · 매우 가볍게 — 2.5~5kg. 무거우면 광배와 후면 삼각근이 대신 일하며 목적을 잃는다.
A16: · 근비대 항목이 아니라 관절 준비 항목이므로 세트 합계에 넣지 않는다.
A18: 운동 구성
A19: # | B19: 종목 | C19: 근육군 | D19: 중량(Kg) | E19: 세트 | F19: 횟수 | G19: 간접 자극 | H19: 메모 | I19: 대체 종목 | J19: 이번 주 세트
A20: 1 | B20: 밀리터리 프레스 (본세트) | C20: 삼각근(전면) | D20: =시작중량_설정!$E$10 -> 20 | E20: 3 | F20: 5 | G20: 삼두 · 삼각근(측면) | H20: 벤치와 3일 간격 — 5일 버전의 "전날 벤치 여파" 문제가 사라진 자리. 팔꿈치 다 내리지 말 것 | I20: 스미스 오버헤드 프레스 / 숄더 프레스 머신 / 덤벨 숄더 프레스 (가동범위 ↑) / 아놀드 프레스 | J20: =MAX(1,ROUND(E20*볼륨램프!$C$5,0)) -> 3
A21: 2 | B21: 머신 숄더 프레스 | C21: 삼각근(전면) | D21: 15 | E21: 3 | F21: 12 | G21: 승모 · 삼각근(측면) | H21: 주동은 전면이나 오버헤드라 측면도 상당히 쓴다. 그립 넓게 — 좁으면 승모가 대신 일한다 | I21: 덤벨 숄더 프레스 / 스미스 오버헤드 프레스 / 아놀드 프레스 | J21: =MAX(1,ROUND(E21*볼륨램프!$C$5,0)) -> 3
A22: 3 | B22: 오버헤드 슈러그(스미스) | C22: 승모(하부) | D22: 빈 봉~30 | E22: 3 | F22: 12~15 | G22: 전거근 | H22: 머신 숄더 프레스 직후 — 오버헤드 각도가 이미 나와 있어 세팅 이동이 없다. 팔꿈치 편 채 견갑골만 2~3cm 위로. 팔꿈치가 굽으면 그건 프레스지 슈러그가 아니다 | I22: 스미스 오버헤드 슈러그 (1순위 — 궤도 고정으로 안정화 부담 없음) / 숄더 프레스 머신에서 팔 편 채 밀어올리기 / 덤벨 오버헤드 슈러그 (좌우 독립이나 안정화가 먼저 한계에 닿는다) / 케틀벨 보텀업 홀드 | J22: =MAX(1,ROUND(E22*볼륨램프!$C$5,0)) -> 3
A23: 4 | B23: 헤머스트랭스 체스트 프레스 | C23: 흉근(중하부) | D23: 20~24 | E23: 3 | F23: 8~12 | G23: 삼두 | H23: 좌우 독립 + 궤도 고정. 벤치(화)가 수평 메인이므로 여기선 보조 볼륨 | I23: 케이블 체스트 프레스 (전 구간 장력) / 덤벨 프레스 (가동범위 ↑) / 스미스 벤치는 대체 불가 | J23: =MAX(1,ROUND(E23*볼륨램프!$C$5,0)) -> 3
A24: 5 | B24: 인클라인 벤치프레스 머신 | C24: 흉근(상부) | D24: 40~45 | E24: 4 | F24: 8~10 | G24: 삼두·전면삼각 | H24: 쇄골지. 오버헤드 프레싱과 각도가 이어져 세팅 이동이 적다 | I24: 인클라인 스미스 프레스 / 인클라인 덤벨 프레스 (가동범위 ↑) / 인클라인 체스트 프레스 머신 | J24: =MAX(1,ROUND(E24*볼륨램프!$C$5,0)) -> 4
A25: 6 | B25: 벤트오버 레터럴 레이즈 머신 | C25: 삼각근(후면) | D25: 8~10 | E25: 4 | F25: 12~15 | H25: 수평 외전. 목요일 케이블 리버스 플라이와 주 2회로 나눠 배치 | I25: 리버스 펙덱 / 케이블 리버스 플라이 / 인클라인 벤치에 엎드려 덤벨 리어델트 | J25: =MAX(1,ROUND(E25*볼륨램프!$C$5,0)) -> 4
A26: 7 | B26: 원암 사이드 케이블 레터럴 레이즈 | C26: 삼각근(측면) | D26: 8~10 | E26: 3 | F26: 10~12 | H26: 몸을 반대로 기울여 늘어난 위치부터 부하. 덤벨 레터럴(화)이 못 거는 구간 | I26: 케이블 원암 레터럴 레이즈 (최우선) / 원암 레터럴 레이즈 머신 | J26: =MAX(1,ROUND(E26*볼륨램프!$C$5,0)) -> 3
A27: 8 | B27: 프론 Y 레이즈 | C27: 승모(하부) | D27: 2~5 | E27: 2 | F27: 12~15 | G27: 후면 삼각근 | H27: 벤트오버 레터럴과 같은 인클라인 벤치 — 세팅 그대로 이어서. 매우 가볍게. 오버헤드 슈러그가 상방회전, 이쪽은 하강 — 역할이 다르다 | I27: 케이블 Y 레이즈 / 페이스풀 (마지막에 견갑골 하강) / 프론 스윔 | J27: =MAX(1,ROUND(E27*볼륨램프!$C$5,0)) -> 2
A28: 9 | B28: 케이블 푸쉬다운 | C28: 삼두 | D28: — | E28: 4 | F28: 8~12 | H28: 수축 구간 강조. 라잉 트라이셉스(화)가 늘어난 구간을 맡는다 | I28: 로프 푸쉬다운 / V바 푸쉬다운 / 리버스 그립 푸쉬다운 (내측두) / 딥스 머신 | J28: =MAX(1,ROUND(E28*볼륨램프!$C$5,0)) -> 4
D29: 세트 합계 | E29: =SUM(E20:E28) -> 29 | J29: =SUM(J20:J28) -> 29
A31: 하부 승모 — 세 패턴 (v3)
A32: · 하부 승모의 일은 두 갈래다: 견갑골 하강, 그리고 팔이 올라갈 때의 상방회전.
A33: · 스캡 풀업(월) = 순수 하강 · 프론 Y(금) = 하강 + 후인 · 오버헤드 슈러그(금) = 상방회전.
A34: · 상방회전은 팔이 머리 위로 간 각도에서만 훈련된다 — 지금까지 프로그램에 통째로 비어 있던 패턴.
A35: · 전거근이 함께 온다. 전거근이 약하면 하부 승모를 키워도 견갑골이 제 위치로 안 간다.
A36: · 가동범위가 아주 작다. 견갑골만 2~3cm 올렸다 내리는 동작이고, 그 이상은 팔꿈치가 굽은 것이다.
A37: · 무게는 오버헤드로 안정적으로 지지할 수 있는 것보다 가볍게. 스미스나 머신 권장.
A38: · 하부 승모는 무게로 밀어붙일 수 없다. 과부하는 정지 2~3초 · 하강 3초 · 반복 수 확장으로.

Sheet 토_하체B
A1: 토요일 — 하체 B (고관절 지배)
A2: 데드 · 힙 힌지 · 둔근. 수요일 하체 A(무릎 지배)와 3일 간격. 다음날 완전 휴식.
A4: 메인: 데드리프트
A5: 중량(Kg) | B5: 반복 | C5: 세트
A6: =MAX(20,MROUND(시작중량_설정!$E$8*0.4,2.5)) -> 20 | B6: 5 | C6: 2
A7: =IF(MAX(20,MROUND(시작중량_설정!$E$8*0.6,2.5))<=MAX(20,MROUND(시작중량_설정!$E$8*0.4,2.5)),"생략",MAX(20,MROUND(시작중량_설정!$E$8*0.6,2.5))) -> 25 | B7: 5 | C7: 1
A8: =IF(MAX(20,MROUND(시작중량_설정!$E$8*0.75,2.5))<=MAX(20,MROUND(시작중량_설정!$E$8*0.6,2.5)),"생략",MAX(20,MROUND(시작중량_설정!$E$8*0.75,2.5))) -> 32.5 | B8: 3 | C8: 1
A9: =IF(MAX(20,MROUND(시작중량_설정!$E$8*0.9,2.5))<=MAX(20,MROUND(시작중량_설정!$E$8*0.75,2.5)),"생략",MAX(20,MROUND(시작중량_설정!$E$8*0.9,2.5))) -> 37.5 | B9: 2 | C9: 1
A10: =시작중량_설정!$E$8 -> 42.5 | B10: 5 | C10: 1
A11: ↑ '시작중량_설정'과 자동 연동. 20 = 빈 봉. '생략'은 앞 세트와 중량이 겹쳐 불필요하다는 뜻.
A13: 운동 구성
A14: # | B14: 종목 | C14: 근육군 | D14: 중량(Kg) | E14: 세트 | F14: 횟수 | G14: 간접 자극 | H14: 메모 | I14: 대체 종목 | J14: 이번 주 세트
A15: 1 | B15: 데드리프트 (본세트) | C15: 기립근 | D15: =시작중량_설정!$E$8 -> 42.5 | E15: 1 | F15: 5 | G15: 광배·햄스트링·둔근 | H15: 주 1회. 다음날이 휴식이라 이 자리가 가장 안전하다. 기립근 보조는 월요일 덤벨 RDL이 맡는다 | I15: 트랩바 데드리프트 (요추 전단력 ↓) / 랙풀 (무릎 위에서 시작) / 스모 데드리프트 | J15: =MAX(1,ROUND(E15*볼륨램프!$C$5,0)) -> 1
A16: 2 | B16: 힙 쓰러스트 | C16: 둔근 | D16: 50~60 | E16: 4 | F16: 8~12 | G16: 햄스트링 | H16: 둔근 메인. 무겁게. 데드 뒤라 둔근이 예열된 상태 | I16: 힙 쓰러스트 머신 / 스미스 힙 쓰러스트 / 글룻 브릿지 | J16: =MAX(1,ROUND(E16*볼륨램프!$C$5,0)) -> 4
A17: 3 | B17: 루마니안 데드리프트 | C17: 햄스트링 | D17: 70 | E17: 3 | F17: 8 | G17: 둔근·기립근 | H17: 고관절 신전. 수요일 레그 컬(무릎 굴곡)과 기능이 다르다 | I17: 덤벨 RDL (좌우 독립) / 스티프 레그드 데드리프트 / 케이블 풀스루 (허리 부담 최소) | J17: =MAX(1,ROUND(E17*볼륨램프!$C$5,0)) -> 3
A18: 4 | B18: 원 레그 컬 | C18: 햄스트링 | D18: — | E18: 3 | F18: 10 | H18: 레그 컬의 좌우 독립 버전. 약한 쪽이 강한 쪽에 묻히지 않는다 | I18: 싱글 레그 라잉 컬 / 싱글 레그 시티드 컬 / 케이블 레그 컬 | J18: =MAX(1,ROUND(E18*볼륨램프!$C$5,0)) -> 3
A19: 5 | B19: 레그 익스텐션 | C19: 대퇴사두 | D19: — | E19: 3 | F19: 10~12 | H19: 대퇴사두 주 2회를 만들기 위한 배치. 수요일 스쿼트 볼륨과 3일 간격 | I19: 싱글 레그 익스텐션 / 시시 스쿼트 / 레그 프레스 발판 높게 | J19: =MAX(1,ROUND(E19*볼륨램프!$C$5,0)) -> 3
A20: 6 | B20: 케이블 힙 외전 | C20: 중둔근 | D20: — | E20: 3 | F20: 12~15 (좌우) | H20: 관상면 외전. 앉아 있으면 대둔근보다 중둔근이 먼저 잠든다 | I20: 밴드 몬스터 워크 / 사이드 라잉 힙 외전 / 힙 어브덕션 머신 | J20: =MAX(1,ROUND(E20*볼륨램프!$C$5,0)) -> 3
A21: 7 | B21: 시티드 카프 레이즈 | C21: 종아리 | D21: — | E21: 4 | F21: 12~15 | H21: 무릎 굽힘 — 가자미근 주도. 수요일 스탠딩(비복근)과 역할이 다르다 | I21: 시티드 카프 레이즈 머신 (1순위) / 레그 프레스에서 무릎 굽힌 채 / 덤벨을 무릎에 올리고 | J21: =MAX(1,ROUND(E21*볼륨램프!$C$5,0)) -> 4
A22: 8 | B22: 트렁크 로테이션 | C22: 복부 | D22: — | E22: 3 | F22: 8~10 (좌우) | H22: 복사근·회전. 다음날 휴식이라 항회전 피로가 다음 세션에 안 걸린다 | I22: 케이블 우드촙 / 러시안 트위스트 / 팔로프 프레스 / 덤벨 사이드 밴드 | J22: =MAX(1,ROUND(E22*볼륨램프!$C$5,0)) -> 3
D23: 세트 합계 | E23: =SUM(E15:E22) -> 24 | J23: =SUM(J15:J22) -> 24

Sheet 세트검산
A1: 근육군별 주간 세트 — 검산
A2: 세트는 근육군 단위로 센다. '하체 20세트'는 의미 없는 숫자 — 대퇴 18 / 햄스트링 2여도 하체 20이 된다. 집계는 E열(설계 세트) 기준이며 볼륨램프 계수는 반영되지 않는다.
A4: 근육군 | B4: 직접 세트 | C4: 간접 추정 | D4: 실질 | E4: 판정 | F4: 간접 출처 / 비고
A5: 흉근(상부) | B5: =SUMIFS(월_당기기A!$E:$E,월_당기기A!$C:$C,$A5)+SUMIFS(화_밀기A!$E:$E,화_밀기A!$C:$C,$A5)+SUMIFS(수_하체A!$E:$E,수_하체A!$C:$C,$A5)+SUMIFS(목_당기기B!$E:$E,목_당기기B!$C:$C,$A5)+SUMIFS(금_밀기B!$E:$E,금_밀기B!$C:$C,$A5)+SUMIFS(토_하체B!$E:$E,토_하체B!$C:$C,$A5) -> 8 | C5: 3 | D5: =B5+C5 -> 11 | E5: =IF(D5>=10,"충분",IF(D5>=8,"하한",IF(D5>=1,"보완 필요","미배치"))) -> 충분 | F5: 플랫 벤치 5세트가 쇄골지에도 일부 기여
A6: 흉근(중하부) | B6: =SUMIFS(월_당기기A!$E:$E,월_당기기A!$C:$C,$A6)+SUMIFS(화_밀기A!$E:$E,화_밀기A!$C:$C,$A6)+SUMIFS(수_하체A!$E:$E,수_하체A!$C:$C,$A6)+SUMIFS(목_당기기B!$E:$E,목_당기기B!$C:$C,$A6)+SUMIFS(금_밀기B!$E:$E,금_밀기B!$C:$C,$A6)+SUMIFS(토_하체B!$E:$E,토_하체B!$C:$C,$A6) -> 12 | C6: 3 | D6: =B6+C6 -> 15 | E6: =IF(D6>=10,"충분",IF(D6>=8,"하한",IF(D6>=1,"보완 필요","미배치"))) -> 충분 | F6: 인클라인 6세트가 흉늑지에도 일부 기여
A7: 광배 | B7: =SUMIFS(월_당기기A!$E:$E,월_당기기A!$C:$C,$A7)+SUMIFS(화_밀기A!$E:$E,화_밀기A!$C:$C,$A7)+SUMIFS(수_하체A!$E:$E,수_하체A!$C:$C,$A7)+SUMIFS(목_당기기B!$E:$E,목_당기기B!$C:$C,$A7)+SUMIFS(금_밀기B!$E:$E,금_밀기B!$C:$C,$A7)+SUMIFS(토_하체B!$E:$E,토_하체B!$C:$C,$A7) -> 14 | C7: 0 | D7: =B7+C7 -> 14 | E7: =IF(D7>=10,"충분",IF(D7>=8,"하한",IF(D7>=1,"보완 필요","미배치"))) -> 충분 | F7: 데드리프트 간접
A8: 승모(하부) | B8: =SUMIFS(월_당기기A!$E:$E,월_당기기A!$C:$C,$A8)+SUMIFS(화_밀기A!$E:$E,화_밀기A!$C:$C,$A8)+SUMIFS(수_하체A!$E:$E,수_하체A!$C:$C,$A8)+SUMIFS(목_당기기B!$E:$E,목_당기기B!$C:$C,$A8)+SUMIFS(금_밀기B!$E:$E,금_밀기B!$C:$C,$A8)+SUMIFS(토_하체B!$E:$E,토_하체B!$C:$C,$A8) -> 8 | C8: 3 | D8: =B8+C8 -> 11 | E8: =IF(D8>=10,"충분",IF(D8>=8,"하한",IF(D8>=1,"보완 필요","미배치"))) -> 충분 | F8: 친업 · 랫풀다운의 견갑골 하강 — 동작 개시에만 관여하므로 하향 (5 → 3)
A9: 승모(중부)·능형근 | B9: =SUMIFS(월_당기기A!$E:$E,월_당기기A!$C:$C,$A9)+SUMIFS(화_밀기A!$E:$E,화_밀기A!$C:$C,$A9)+SUMIFS(수_하체A!$E:$E,수_하체A!$C:$C,$A9)+SUMIFS(목_당기기B!$E:$E,목_당기기B!$C:$C,$A9)+SUMIFS(금_밀기B!$E:$E,금_밀기B!$C:$C,$A9)+SUMIFS(토_하체B!$E:$E,토_하체B!$C:$C,$A9) -> 3 | C9: 8 | D9: =B9+C9 -> 11 | E9: =IF(D9>=10,"충분",IF(D9>=8,"하한",IF(D9>=1,"보완 필요","미배치"))) -> 충분 | F9: 해머 로우 4 · 케이블 리버스 플라이 4 · 벤트오버 레터럴 4 — 전부 견갑골 후인. 켈소 슈러그가 직접 종목으로 잡히면서 간접은 11 → 8로 하향 (v15)
A10: 기립근 | B10: =SUMIFS(월_당기기A!$E:$E,월_당기기A!$C:$C,$A10)+SUMIFS(화_밀기A!$E:$E,화_밀기A!$C:$C,$A10)+SUMIFS(수_하체A!$E:$E,수_하체A!$C:$C,$A10)+SUMIFS(목_당기기B!$E:$E,목_당기기B!$C:$C,$A10)+SUMIFS(금_밀기B!$E:$E,금_밀기B!$C:$C,$A10)+SUMIFS(토_하체B!$E:$E,토_하체B!$C:$C,$A10) -> 4 | C10: 7 | D10: =B10+C10 -> 11 | E10: =IF(D10>=10,"충분",IF(D10>=8,"하한",IF(D10>=1,"보완 필요","미배치"))) -> 충분 | F10: 스쿼트 · 루마니안 데드리프트 · 해머 로우 · 시티드 케이블 로우
A11: 삼각근(전면) | B11: =SUMIFS(월_당기기A!$E:$E,월_당기기A!$C:$C,$A11)+SUMIFS(화_밀기A!$E:$E,화_밀기A!$C:$C,$A11)+SUMIFS(수_하체A!$E:$E,수_하체A!$C:$C,$A11)+SUMIFS(목_당기기B!$E:$E,목_당기기B!$C:$C,$A11)+SUMIFS(금_밀기B!$E:$E,금_밀기B!$C:$C,$A11)+SUMIFS(토_하체B!$E:$E,토_하체B!$C:$C,$A11) -> 6 | C11: 8 | D11: =B11+C11 -> 14 | E11: =IF(D11>=10,"충분",IF(D11>=8,"하한",IF(D11>=1,"보완 필요","미배치"))) -> 충분 | F11: 벤치 · 인클라인 · 딥스 (머신 숄더 프레스는 v15에서 직접 전면으로 재분류)
A12: 삼각근(측면) | B12: =SUMIFS(월_당기기A!$E:$E,월_당기기A!$C:$C,$A12)+SUMIFS(화_밀기A!$E:$E,화_밀기A!$C:$C,$A12)+SUMIFS(수_하체A!$E:$E,수_하체A!$C:$C,$A12)+SUMIFS(목_당기기B!$E:$E,목_당기기B!$C:$C,$A12)+SUMIFS(금_밀기B!$E:$E,금_밀기B!$C:$C,$A12)+SUMIFS(토_하체B!$E:$E,토_하체B!$C:$C,$A12) -> 10 | C12: 3 | D12: =B12+C12 -> 13 | E12: =IF(D12>=10,"충분",IF(D12>=8,"하한",IF(D12>=1,"보완 필요","미배치"))) -> 충분 | F12: 밀리터리 프레스 3 · 머신 숄더 프레스 3 — 오버헤드는 외전이 섞여 측면도 쓴다
A13: 삼각근(후면) | B13: =SUMIFS(월_당기기A!$E:$E,월_당기기A!$C:$C,$A13)+SUMIFS(화_밀기A!$E:$E,화_밀기A!$C:$C,$A13)+SUMIFS(수_하체A!$E:$E,수_하체A!$C:$C,$A13)+SUMIFS(목_당기기B!$E:$E,목_당기기B!$C:$C,$A13)+SUMIFS(금_밀기B!$E:$E,금_밀기B!$C:$C,$A13)+SUMIFS(토_하체B!$E:$E,토_하체B!$C:$C,$A13) -> 8 | C13: 3 | D13: =B13+C13 -> 11 | E13: =IF(D13>=10,"충분",IF(D13>=8,"하한",IF(D13>=1,"보완 필요","미배치"))) -> 충분 | F13: 해머 로우 · 켈소 슈러그
A14: 대퇴사두 | B14: =SUMIFS(월_당기기A!$E:$E,월_당기기A!$C:$C,$A14)+SUMIFS(화_밀기A!$E:$E,화_밀기A!$C:$C,$A14)+SUMIFS(수_하체A!$E:$E,수_하체A!$C:$C,$A14)+SUMIFS(목_당기기B!$E:$E,목_당기기B!$C:$C,$A14)+SUMIFS(금_밀기B!$E:$E,금_밀기B!$C:$C,$A14)+SUMIFS(토_하체B!$E:$E,토_하체B!$C:$C,$A14) -> 12 | C14: 3 | D14: =B14+C14 -> 15 | E14: =IF(D14>=10,"충분",IF(D14>=8,"하한",IF(D14>=1,"보완 필요","미배치"))) -> 충분 | F14: 불가리안 스플릿 스쿼트
A15: 햄스트링 | B15: =SUMIFS(월_당기기A!$E:$E,월_당기기A!$C:$C,$A15)+SUMIFS(화_밀기A!$E:$E,화_밀기A!$C:$C,$A15)+SUMIFS(수_하체A!$E:$E,수_하체A!$C:$C,$A15)+SUMIFS(목_당기기B!$E:$E,목_당기기B!$C:$C,$A15)+SUMIFS(금_밀기B!$E:$E,금_밀기B!$C:$C,$A15)+SUMIFS(토_하체B!$E:$E,토_하체B!$C:$C,$A15) -> 10 | C15: 2 | D15: =B15+C15 -> 12 | E15: =IF(D15>=10,"충분",IF(D15>=8,"하한",IF(D15>=1,"보완 필요","미배치"))) -> 충분 | F15: 데드리프트 · 힙 쓰러스트
A16: 둔근 | B16: =SUMIFS(월_당기기A!$E:$E,월_당기기A!$C:$C,$A16)+SUMIFS(화_밀기A!$E:$E,화_밀기A!$C:$C,$A16)+SUMIFS(수_하체A!$E:$E,수_하체A!$C:$C,$A16)+SUMIFS(목_당기기B!$E:$E,목_당기기B!$C:$C,$A16)+SUMIFS(금_밀기B!$E:$E,금_밀기B!$C:$C,$A16)+SUMIFS(토_하체B!$E:$E,토_하체B!$C:$C,$A16) -> 7 | C16: 5 | D16: =B16+C16 -> 12 | E16: =IF(D16>=10,"충분",IF(D16>=8,"하한",IF(D16>=1,"보완 필요","미배치"))) -> 충분 | F16: 스쿼트 · RDL · 데드
... A23: 내전근 | B23: =SUMIFS(월_당기기A!$E:$E,월_당기기A!$C:$C,$A23)+SUMIFS(화_밀기A!$E:$E,화_밀기A!$C:$C,$A23)+SUMIFS(수_하체A!$E:$E,수_하체A!$C:$C,$A23)+SUMIFS(목_당기기B!$E:$E,목_당기기B!$C:$C,$A23)+SUMIFS(금_밀기B!$E:$E,금_밀기B!$C:$C,$A23)+SUMIFS(토_하체B!$E:$E,토_하체B!$C:$C,$A23) -> 4 | C23: 4 | D23: =B23+C23 -> 8 | E23: =IF(D23>=10,"충분",IF(D23>=8,"하한",IF(D23>=1,"보완 필요","미배치"))) -> 하한 | F23: 스쿼트 · 레그 프레스 · 불가리안의 벌어진 스탠스 구간
A24: 직접 세트 총계 | B24: =SUM(B5:B23) -> 153
A25: 기준선
A26: · 주 10~20세트 = 성장 구간
A27: · 주 8세트 = 유지 하한
A28: · 실패지점 2~3회 이내 세트만 카운트 (웜업 · 여유 세트 제외)
A30: 따로 세야 하는 경우
A31: · 판단 기준은 하나 — 다른 종목이 그 부위를 대신 키워주는가.
A32: · 안 키워주면 따로 센다: 햄스트링(스쿼트로 안 자람), 후면 삼각근(프레스로 안 자람), 종아리
A33: · 키워주면 합쳐 센다: 흉근 상/하, 광배 상/하 — 하나의 근육이며 함께 수축한다
A35: 현재 보완 필요 항목
A36: · 종아리 보강 완료 (2026-08): 금 카프 4 + 토 시티드 카프 4 = 주 8세트 — 유지 하한 충족. 더 키우려면 10세트부터.
A37: · 주 6일 버전 (당기기·밀기·하체 × 2). 총량은 5일 버전과 같고 빈도만 주 2회로 올렸다.
A38: · 하부 승모: 스캡 풀업(하강) 3 + 프론 Y(하강+후인) 2 + 오버헤드 슈러그(상방회전) 3 = 직접 8. 패턴 셋을 나눠 배치.
... A45: · 벤치 5×5가 최우선 종목이고 12주간 계속 오른다. 근비대가 아니라 어깨 관절 유지 목적.

Sheet 증량기록
A1: 메인 리프트 증량 기록
A2: 기본은 계획대로 증량. 목표 반복을 못 채운 주에만 해당 칸에 X를 입력하면 그 중량이 유지됩니다.
A4: 증량 설정 — 종목별
A5: 데드리프트 주당 증량 (kg) | C5: 5 | D5: 가장 큰 근육군 · 회복 여력 최대
A6: 스쿼트 주당 증량 (kg) | C6: 5 | D6: 하체 — 복귀 구간에서는 빠르게 오른다
A7: 벤치프레스 주당 증량 (kg) | C7: 2.25 | D7: 마이크로플레이트 1.125kg × 2
A8: 밀리터리 프레스 주당 증량 (kg) | C8: 1.25 | D8: 가장 작은 근육군 — 절대값이 작아 2.25kg은 과함
A9: 주차 | B9: 날짜 | C9: 스쿼트 목표 | D9: 미달 시 X | E9: 데드 목표 | F9: 미달 시 X | G9: 벤치 목표 | H9: 미달 시 X | I9: 프레스 목표 | J9: 미달 시 X | K9: 메모
A10: 1주차 | C10: =시작중량_설정!$D$7 -> 37.5 | E10: =시작중량_설정!$D$8 -> 42.5 | G10: =시작중량_설정!$D$9 -> 20 | I10: =시작중량_설정!$D$10 -> 20
A11: 2주차 | C11: =IF(D10="X",C10,C10+$C$6) -> 42.5 | E11: =IF(F10="X",E10,E10+$C$5) -> 47.5 | G11: =IF(H10="X",G10,G10+$C$7) -> 22.25 | I11: =IF(J10="X",I10,I10+$C$8) -> 21.25
A12: 3주차 | C12: =IF(D11="X",C11,C11+$C$6) -> 47.5 | E12: =IF(F11="X",E11,E11+$C$5) -> 52.5 | G12: =IF(H11="X",G11,G11+$C$7) -> 24.5 | I12: =IF(J11="X",I11,I11+$C$8) -> 22.5
A13: 4주차 | C13: =IF(D12="X",C12,C12+$C$6) -> 52.5 | E13: =IF(F12="X",E12,E12+$C$5) -> 57.5 | G13: =IF(H12="X",G12,G12+$C$7) -> 26.75 | I13: =IF(J12="X",I12,I12+$C$8) -> 23.75
A14: 5주차 | C14: =IF(D13="X",C13,C13+$C$6) -> 57.5 | E14: =IF(F13="X",E13,E13+$C$5) -> 62.5 | G14: =IF(H13="X",G13,G13+$C$7) -> 29 | I14: =IF(J13="X",I13,I13+$C$8) -> 25
A15: 6주차 | C15: =IF(D14="X",C14,C14+$C$6) -> 62.5 | E15: =IF(F14="X",E14,E14+$C$5) -> 67.5 | G15: =IF(H14="X",G14,G14+$C$7) -> 31.25 | I15: =IF(J14="X",I14,I14+$C$8) -> 26.25
A16: 7주차 | C16: =IF(D15="X",C15,C15+$C$6) -> 67.5 | E16: =IF(F15="X",E15,E15+$C$5) -> 72.5 | G16: =IF(H15="X",G15,G15+$C$7) -> 33.5 | I16: =IF(J15="X",I15,I15+$C$8) -> 27.5
A17: 8주차 | C17: =IF(D16="X",C16,C16+$C$6) -> 72.5 | E17: =IF(F16="X",E16,E16+$C$5) -> 77.5 | G17: =IF(H16="X",G16,G16+$C$7) -> 35.75 | I17: =IF(J16="X",I16,I16+$C$8) -> 28.75
A18: 9주차 | C18: =IF(D17="X",C17,C17+$C$6) -> 77.5 | E18: =IF(F17="X",E17,E17+$C$5) -> 82.5 | G18: =IF(H17="X",G17,G17+$C$7) -> 38 | I18: =IF(J17="X",I17,I17+$C$8) -> 30
A19: 10주차 | C19: =IF(D18="X",C18,C18+$C$6) -> 82.5 | E19: =IF(F18="X",E18,E18+$C$5) -> 87.5 | G19: =IF(H18="X",G18,G18+$C$7) -> 40.25 | I19: =IF(J18="X",I18,I18+$C$8) -> 31.25
A20: 11주차 | C20: =IF(D19="X",C19,C19+$C$6) -> 87.5 | E20: =IF(F19="X",E19,E19+$C$5) -> 92.5 | G20: =IF(H19="X",G19,G19+$C$7) -> 42.5 | I20: =IF(J19="X",I19,I19+$C$8) -> 32.5
A21: 12주차 | C21: =IF(D20="X",C20,C20+$C$6) -> 92.5 | E21: =IF(F20="X",E20,E20+$C$5) -> 97.5 | G21: =IF(H20="X",G20,G20+$C$7) -> 44.75 | I21: =IF(J20="X",I20,I20+$C$8) -> 33.75
A23: · 공란 또는 O = 계획대로 증량. X = 그 중량을 다음 주에도 유지.
A24: · 1주차 중량은 '시작중량_설정' 시트 D열과 연동됨. 여기서 직접 수정하지 말 것.
A25: · 같은 종목에 X가 3주 연속이면 그 종목만 10% 디로드 후 재상승.
A27: · 증량폭을 종목별로 나눈 이유: 절대값이 같아도 부담이 전혀 다르다.
A28: · 20kg 프레스에 2.25kg은 11% 증가지만, 105kg 데드에 2.5kg은 2.4%다.
A29: · 균일 증량을 쓰면 작은 종목만 비현실적으로 빨리 오르고 큰 종목은 제자리에 머문다.
A30: · 하체 5kg이 커 보이지만 복귀 구간 첫 두세 달은 정상 범위다. 근력을 새로 만드는 것이 아니라 되찾는 구간이기 때문.
A31: · 이 속도가 버거워지면(X가 반복되면) 해당 칸 숫자를 절반으로 내린다.

Sheet 9월이후조정
A1: 9월 이후 — 현장 복귀 시 조정
A2: 이 프로그램은 재택 = 생활 부하 0 전제. 현장 복귀 시 그대로 쓰면 과부하.
A4: 부위 / 항목 | B4: 조정 | C4: 이유
A5: 등 | B5: 감축 | C5: 일이 하루 종일 채움 — 들고 · 당기고 · 버티는 동작 전부
A6: 하체 | B6: 감축 | C6: 서 있기 · 걷기로 이미 볼륨 누적
A7: 기립근 | B7: 대폭 감축 | C7: 데드 주 1회 유지가 상한. 현장 일이 허리를 이미 소모시킴
A8: 프레싱 (벤치 · 프레스) | B8: 유지 | C8: 현장 일이 채워주지 않는 유일한 영역
A9: 후면 삼각근 · 코어 | B9: 유지 | C9: 당기고 버티는 동작만으로는 안 채워짐
A10: 빈도 | B10: 주 5회 → 주 3회 | C10: 8시간 근무 기준. 12시간 근무일과 그 다음날은 회피
A11: 메인 리프트 배치 | B11: 12시간 근무일 회피 | C11: 허리가 안 돌아온 상태에서 치는 것이 가장 위험
A12: 판단 기준 | B12: 다음 근무일 아침 허리 상태 | C12: 뻐근하면 그 주 무게가 과했던 것. 어떤 프로그램 표보다 정확
A15: · 같은 프로그램이라도 생활 부하에 따라 적정선이 움직인다.
A16: · 지금은 쌓는 시기, 복귀 후는 지키는 시기.
A17: · 재택 기간에 근력 베이스를 만들어두면 복귀 후에는 유지 모드로만 가도 된다.
A19: · 헬스보다 중요한 것: 일하는 중간의 움직임. 50분 앉으면 5분 일어나기, 하루 30분 걷기.
A20: · 헬스는 하루 1시간이고 앉아 있는 건 8시간 — 총량으로 보면 앉은 시간이 이긴다.
A22: → 실제 요일 배치와 종목표는 '복귀_주간계획' 이하 4개 탭에 작성됨.
A24: 9월 전 완충 구간 (v15 추가)
A25: · 146세트를 4개월 하다가 47세트로 떨어뜨리면 근육량이 빠진다. 유지 하한은 대개 성장 볼륨의 1/3~1/2인데 47은 그 아래다.
A26: · 복귀 2~3주 전을 완충 구간으로 둘 것 — 주 4회 · 약 90세트로 한 단계 걸치고 내려간다.
A27: · 감축 순서: 팔 전용 → 전완 → 등 · 하체 보조 종목. 메인 리프트와 프레싱은 마지막까지 유지.
A28: · 완충 구간에서 중량은 내리지 않는다. 볼륨만 줄이고 강도를 유지해야 근력이 남는다.
A30: · 복귀_주간계획 시트의 "108세트 → 47세트"는 낡은 수치다. 현재 재택 버전은 146세트이므로 실제 감축률은 68%.

Sheet 복귀_주간계획
A1: 현장 복귀 버전 — 주간 계획
A2: 12시간 근무 주 2회 (수·목 또는 목·금) · 나머지 8시간 · 토요일 오전 근무 · 일요일 휴무
A3: 훈련 주 3회 — 화 · 토 · 일
A5: 요일 | B5: 근무 (패턴 A: 수·목) | C5: 근무 (패턴 B: 목·금) | D5: 훈련 | E5: 세트 | F5: 비고
A6: 월 | B6: 8시간 | C6: 8시간 | D6: 휴식 | E6: 0 | F6: 주말 이틀 연속 훈련 뒤 회복일
A7: 화 | B7: 8시간 | C7: 8시간 | D7: 상체 밀기 | E7: =복귀_화_상체밀기!$E$11 -> 22 | F7: 12시간 근무 구간 직전. 프레싱은 현장 일과 회복 경쟁 없음
A8: 수 | B8: 12시간 | C8: 8시간 | D8: 휴식 | E8: 0 | F8: 패턴에 따라 12시간 — 양쪽 다 안전한 날이 아님
A9: 목 | B9: 12시간 | C9: 12시간 | D9: 휴식 | E9: 0 | F9: 양 패턴 공통 12시간
A10: 금 | B10: 8시간 | C10: 12시간 | D10: 휴식 | E10: 0 | F10: 패턴 A라도 전날이 12시간이라 회복 미완
A11: 토 | B11: 오전 | C11: 오전 | D11: 하체 | E11: =복귀_토_하체!$E$12 -> 22 | F11: 오전 근무 후. 다음날 완충 있음
A12: 일 | B12: 휴무 | C12: 휴무 | D12: 등 | E12: =복귀_일_등!$E$13 -> 22 | F12: 완전 휴무일 — 데드리프트를 여기에 배치
A13: 합계 | E13: =SUM(E6:E12) -> 66
A15: 요일 선정 논리
A16: · 12시간 근무가 수·목 또는 목·금으로 걸리므로, 양 패턴 모두 안전한 날은 월·화·토·일뿐이다.
A17: · 금요일은 패턴 A에서 8시간이지만 전날이 12시간이라 회복이 안 된 상태 — 제외.
A18: · 월요일은 일요일 훈련 직후라 회복일로 비운다.
A19: · 패턴이 목·금으로 바뀌어도 화·토·일은 영향받지 않는다. 이것이 이 조합을 고른 이유.
A21: 종목 배치 논리
A22: · 화요일에 상체 밀기 — 다음이 12시간 근무 구간. 프레싱은 현장 일이 쓰지 않는 영역이라 겹치지 않는다.
A23: · 여기에 등이나 하체를 두면 수·목 근무를 망친다.
A24: · 토요일에 하체 — 오전 근무 후이나 다음날 일요일이 완충.
A25: · 일요일에 등 + 데드 — 완전 휴무일이라 전날 밤 회복 후 시작하고 하루가 통째로 남는다.
A26: · 토(스쿼트) → 일(데드) 순서가 그 반대보다 낫다. 데드 다음날 스쿼트는 허리가 안 받쳐준다.
A28: 재택 버전과의 차이
... A34: · 무거운 프리웨이트는 스쿼트 · 벤치 · 데드 셋뿐이다. 밀리터리는 스미스, 나머지는 전부 머신 · 케이블 — 현장 일이 안정화 근육을 이미 하루치 쓰고 온다.

Sheet 복귀_화_상체밀기
A1: 화요일 — 상체 밀기 (8시간 근무 후)
A2: 현장 일이 채워주지 않는 유일한 영역. 감축의 예외 — 재택 버전과 거의 동일하게 유지한다.
A4: # | B4: 종목 | C4: 근육군 | D4: 중량(Kg) | E4: 세트 | F4: 횟수 | G4: 메모 | H4: 대체 종목
A5: 1 | B5: 벤치프레스 | C5: 흉근(중하부) | D5: =시작중량_설정!$E$9 -> 20 | E5: 5 | F5: 5 | G5: 최우선 종목. 재택에서 도달한 중량을 그대로 이어간다 — 낮출 이유 없음 | H5: 스미스 벤치 / 체스트 프레스 머신
A6: 2 | B6: 헤머스트랭스 체스트 프레스 | C6: 흉근(중하부) | D6: 20~24 | E6: 3 | F6: 8~12 | G6: 좌우 독립 + 궤도 고정. 재택 금요일과 같은 종목이라 새로 익힐 것이 없다 | H6: 케이블 체스트 프레스 (전 구간 장력) / 덤벨 프레스 (가동범위 ↑)
A7: 3 | B7: 인클라인 벤치프레스 머신 | C7: 흉근(상부) | D7: 40~45 | E7: 3 | F7: 8~10 | G7: 쇄골지. 바벨 인클라인보다 어깨 앞쪽 부담이 적어 근무일 사이에 넣기 좋다 | H7: 인클라인 스미스 프레스 / 인클라인 덤벨 프레스
A8: 4 | B8: 라잉 트라이셉스 익스텐션 | C8: 삼두 | D8: 30~35 | E8: 3 | F8: 8~12 | G8: 프레싱 끝에 삼두. 재택 4세트 → 3세트. 팔꿈치가 시큰하면 EZ바로 바꾸거나 케이블 푸쉬다운으로 | H8: EZ바 라잉 익스텐션 (손목·팔꿈치 부담 ↓) / 케이블 오버헤드 익스텐션 / 케이블 푸쉬다운
A9: 5 | B9: 레터럴 레이즈 | C9: 삼각근(측면) | D9: 8~10 | E9: 4 | F9: 12~15 | G9: 간접 자극이 0인 부위 — 직접 세트로만 채워짐 | H9: 케이블 레터럴 레이즈
A10: 6 | B10: 벤트오버 레터럴 레이즈 머신 | C10: 삼각근(후면) | D10: 8~10 | E10: 4 | F10: 12~15 | G10: 현장 자세가 앞으로 말리므로 오히려 더 필요해짐 | H10: 리버스 펙덱 / 케이블 리버스 플라이
D11: 세트 합계 | E11: =SUM(E5:E10) -> 22
A13: [배치 이유]
A14: · 다음이 12시간 근무 구간(수·목 또는 목·금)인데, 프레싱은 현장 일이 쓰지 않는 영역이라 겹치지 않는다.
A15: · 여기에 등이나 하체를 두면 12시간 근무일을 망친다. 이 자리는 상체 밀기 전용.
A16: · 실패지점은 3~4회 남기고 종료. 재택 버전(2~3회)보다 한 단계 더 보수적으로.

Sheet 복귀_토_하체
A1: 토요일 — 하체 (오전 근무 후)
A2: 스쿼트만 프리웨이트로 두고 나머지는 전부 머신. 다음날 데드가 있으므로 힌지를 빼서 기립근 부하를 0에 가깝게 만든다.
A4: # | B4: 종목 | C4: 근육군 | D4: 중량(Kg) | E4: 세트 | F4: 횟수 | G4: 메모 | H4: 대체 종목
A5: 1 | B5: 스쿼트 | C5: 대퇴사두 | D5: =시작중량_설정!$E$7 -> 37.5 | E5: 3 | F5: 5 | G5: 유일한 프리웨이트. 재택 5×5 → 3×5로 감축. 서 있기·걷기로 하체 볼륨이 이미 누적됨 | H5: 레그 프레스 (허리 부담 시 1순위) / 스미스 스쿼트 / 핵 스쿼트
A6: 2 | B6: 레그 프레스 | C6: 대퇴사두 | D6: — | E6: 4 | F6: 8~12 | G6: 스쿼트 뒤 사두 볼륨을 척추 부하 없이 채운다. 발 위치를 높게 두면 둔근·햄스트링도 걸린다 | H6: 핵 스쿼트 / 45도 레그 프레스 / 스미스 스쿼트
A7: 3 | B7: 레그 익스텐션 | C7: 대퇴사두 | D7: — | E7: 3 | F7: 10~12 | G7: 사두 고립. 스쿼트 뒤 남은 볼륨을 척추 부하 없이 채운다 | H7: 레그 프레스 (고립은 아니나 궤도 고정) / 시시 스쿼트 머신
A8: 4 | B8: 레그 컬 | C8: 햄스트링 | D8: — | E8: 3 | F8: 10~12 | G8: 시티드로 하면 고관절이 굽어 햄스트링이 늘어난 구간에서 훈련된다 — 원 레그 컬(라잉 계열)과 각도가 나뉜다 | H8: 시티드 레그 컬 (1순위 — 각도가 갈린다) / 라잉 레그 컬
A9: 5 | B9: 원 레그 컬 | C9: 햄스트링 | D9: — | E9: 3 | F9: 10 | G9: 루마니안 데드 대체. 힌지를 빼서 다음날 데드가 온전히 나온다. 편측이라 좌우 차이도 잡힌다 | H9: 라잉 / 시티드 레그 컬 (양측) / 케이블 풀스루
A10: 6 | B10: 시티드 카프 레이즈 | C10: 종아리 | D10: — | E10: 3 | F10: 12~15 | G10: 앉아서 하는 쪽. 온종일 서 있던 날 스탠딩보다 부담이 적다 | H10: 스탠딩 카프 레이즈 머신 / 레그 프레스 카프 레이즈
A11: 7 | B11: 스미스 오버헤드 프레스 | C11: 삼각근(전면) | D11: =시작중량_설정!$E$10 -> 20 | E11: 3 | F11: 5 | G11: 밀리터리 대체. 궤도가 고정돼 안정화 부담이 없으면서 중량은 바벨처럼 세므로 증량기록이 그대로 살아 있다 | H11: 머신 숄더 프레스 (완전 머신을 원할 때 — 단 증량 추적은 끊긴다) / 덤벨 숄더 프레스
D12: 세트 합계 | E12: =SUM(E5:E11) -> 22
A14: [허리가 부담되면]
A15: · 스쿼트를 레그 프레스로 교체하면 기립근이 완전히 빠져 다음날 데드가 온전히 나온다.
A16: · 토·일 연속은 이상적이지 않으나 이 근무 스케줄에서는 다른 선택지가 없다. 스쿼트를 3×5로 낮춘 것이 그 보정.
A17: · 스쿼트(토) → 데드(일) 순서가 그 반대보다 낫다. 데드 다음날 스쿼트는 허리가 받쳐주지 않는다.

Sheet 복귀_일_등
A1: 일요일 — 등 (완전 휴무일)
A2: 완전 휴무일이라 회복된 상태에서 시작하고 하루가 통째로 남는다. 데드리프트는 반드시 이 날.
A4: # | B4: 종목 | C4: 근육군 | D4: 중량(Kg) | E4: 세트 | F4: 횟수 | G4: 메모 | H4: 대체 종목
A5: 1 | B5: 데드리프트 | C5: 기립근 | D5: =시작중량_설정!$E$8 -> 42.5 | E5: 1 | F5: 5 | G5: 재택에서 도달한 중량을 그대로 이어간다. 주 1회 · 1세트를 넘기지 않는다 | H5: 트랩바 데드 (요추 전단력 ↓) / 랙풀
A6: 2 | B6: 해머 스트랭스 로우 | C6: 광배 | D6: — | E6: 3 | F6: 8~10 | G6: 체스트 서포티드라 척추 부하가 없다. 현장에서 허리를 쓰고 온 주에 바벨 로우보다 안전 | H6: 시티드 케이블 로우 / 티바 로우 / 바벨 로우 (허리에 여유가 있는 주)
A7: 3 | B7: 시티드 케이블 로우 | C7: 광배 | D7: — | E7: 3 | F7: 8~12 | G7: 수평 당기기 보강. 해머 로우와 그립·각도를 다르게 (해머가 뉴트럴이면 여기선 와이드) | H7: 머신 로우 / 원암 케이블 로우 (좌우 독립)
A8: 4 | B8: 친업 (어시스트 가능) | C8: 광배 | D8: 맨몸 | E8: 3 | F8: 6~8 | G8: 수직 당기기. 그립이 지쳐 있으면 주저 말고 어시스트 머신으로 | H8: 어시스트 풀업 머신 (1순위 — 그립 부담 ↓) / 랫풀다운
A9: 5 | B9: 랫풀다운 | C9: 광배 | D9: — | E9: 3 | F9: 8~12 | G9: 수직 당기기를 무게로 조절하는 자리 | H9: 뉴트럴 그립 랫풀다운 / 원암 랫풀다운 / 케이블 풀오버
A10: 6 | B10: 프론 Y 레이즈 | C10: 승모(하부) | D10: 2~5 | E10: 3 | F10: 12~15 | G10: 현장 자세가 견갑골을 올리고 앞으로 말므로 유지 | H10: 케이블 Y 레이즈 / 페이스풀
A11: 7 | B11: 프리쳐 컬 | C11: 이두 | D11: 20~25 | E11: 3 | F11: 8~12 | G11: 당기기 끝에 이두. 팔이 패드에 고정돼 반동이 안 된다. 당기기 간접만으로는 유지 하한에 딱 걸침 | H11: 케이블 컬 (전 구간 장력) / 머신 컬 / EZ바 프리쳐 컬 (손목이 편함)
A12: 8 | B12: 중량 크런치 | C12: 복부 | D12: 2.5 | E12: 3 | F12: 12 | G12: 복귀판에 코어가 통째로 비어 있었다. 현장 일은 코어를 버티게만 하지 굴곡시키지 않는다 | H12: 케이블 크런치 (머신) / 앱스 머신 / 캡틴 체어 니 레이즈
D13: 세트 합계 | E13: =SUM(E5:E12) -> 22
A15: [데드리프트 운용 규칙]
A16: · 무게는 재택에서 도달한 중량을 그대로 이어간다. D5가 시작중량_설정의 현재 작업중량과 연동돼 있다.
A17: · 다음날(월)이 8시간 근무라 완충이 하루뿐이다. 주 1회, 1세트를 넘기지 않는다.
A18: · 허리가 무거운 주에는 트랩바로 바꾸거나 건너뛴다. 건너뛰는 것이 규율이지 나태가 아니다.
A20: [등 볼륨을 유지한 이유]
A21: · 광배 12세트 + 현장 일의 상시 부하 = 실질은 충분. 완전 휴무일이라 재택 14세트에서 소폭만 감축했다.
A22: · 광배 9세트 + 현장 일의 상시 부하 = 실질은 충분. 재택 버전 11세트에서 소폭만 감축했다.
A23: · 단, 12시간 근무일 바로 다음날이 일요일이 되는 주에는 데드를 빼거나 트랩바로 대체할 것.

Sheet 복귀_증량원칙
A1: 현장 복귀 버전 — 증량 및 판단 기준
A2: 재택 버전의 주 5kg 선형 증량은 현장 일과 병행할 수 없다. 폭을 절반으로 줄이되 매주 올리는 방식은 유지한다.
A4: 항목 | B4: 재택 버전 | C4: 복귀 버전 | D4: 이유
A5: 빈도 | B5: 주 6회 | C5: 주 3회 (화·토·일) | D5: 12시간 근무일과 그 다음날을 피하면 남는 날이 화·토·일뿐
A6: 총 세트 | B6: 153세트 | C6: 약 66세트 | D6: 현장 일이 등·하체·기립근·전완에 하루치를 얹는다
A7: 증량 주기 | B7: 매주 | C7: 매주 (폭 절반) | D7: 2주에 한 번 크게보다 매주 조금씩이 낫다. 못 채운 주는 증량기록에 X만 넣으면 유지된다
A8: 증량 폭 | B8: 하체 5 / 벤치 2.25 / 프레스 1.25 | C8: 하체 2.5 / 벤치 1.125 / 프레스 1.25 | D8: 마이크로플레이트 활용. 주 3회면 각 리프트가 주 1회뿐 — 폭을 줄여 그 1회를 확실히 채운다
A9: 실패지점 | B9: 2~3회 남기고 | C9: 3~4회 남기고 | D9: 다음날 현장에서 청구서로 돌아온다
A10: 데드리프트 | B10: 1×5 · 주 +5kg | C10: 1×5 · 주 +2.5kg | D10: 중량은 9월 복귀 시점의 도달 중량에서 계속. 낮출 이유 없음
A11: 스쿼트 | B11: 5×5 | C11: 3×5 | D11: 서 있기·걷기로 하체 볼륨이 이미 누적
A12: 팔 전용 종목 | B12: 25세트 | C12: 6세트 (이두 3 · 삼두 3) | D12: 전완만 삭제 — 그립은 현장에서 온종일 쓴다. 이두·삼두 굴곡/신전은 현장에서 거의 안 나오므로 유지분만 남긴다
A13: 장비 | B13: 프리웨이트 중심 | C13: 머신 · 케이블 중심 (스쿼트 · 벤치 · 데드 제외) | D13: 현장 일이 안정화 근육을 이미 하루치 쓴다. 남은 힘을 표적 근육에만 쓰는 편이 남는다
A15: 판단 기준
A16: · 유일한 지표는 다음 근무일 아침의 허리 상태다.
A17: · 뻐근하면 그 주 무게가 과했던 것 — 다음 주에 내린다. 어떤 프로그램 표보다 정확하다.
A18: · 몸 상태가 안 좋은 날은 건너뛴다. 주 3회 중 2회만 가는 주가 있어도 된다.
A19: · 그것은 의지박약이 아니라 그 상황에서의 규율이다.
A21: · 12시간 근무일이 수·목인지 목·금인지에 관계없이 화·토·일 배치는 유효하다.
A22: · 다만 근무 패턴이 이 두 가지에서 벗어나면 요일부터 다시 짜야 한다.
A24: · 복귀 후의 목표는 성장이 아니라 유지다. 재택 기간에 쌓은 근력 베이스를 지키는 것.
A25: · 쌓는 시기와 지키는 시기는 다르게 설계해야 한다.
